Date,Country,Geo,Term,Interest
2004-01-01,Germany,DE,Gehaltserhöhung + Lohnerhöhung,7.55
2004-02-01,Germany,DE,Gehaltserhöhung + Lohnerhöhung,3.62
2004-03-01,Germany,DE,Gehaltserhöhung + Lohnerhöhung,2.04
2004-04-01,Germany,DE,Gehaltserhöhung + Lohnerhöhung,2.01
2004-05-01,Germany,DE,Gehaltserhöhung + Lohnerhöhung,2.89
2004-06-01,Germany,DE,Gehaltserhöhung + Lohnerhöhung,3.45
2004-07-01,Germany,DE,Gehaltserhöhung + Lohnerhöhung,3.59
2004-08-01,Germany,DE,Gehaltserhöhung + Lohnerhöhung,3.91
2004-09-01,Germany,DE,Gehaltserhöhung + Lohnerhöhung,3.72
2004-10-01,Germany,DE,Gehaltserhöhung + Lohnerhöhung,3.03
2004-11-01,Germany,DE,Gehaltserhöhung + Lohnerhöhung,2.74
2004-12-01,Germany,DE,Gehaltserhöhung + Lohnerhöhung,2.88
2005-01-01,Germany,DE,Gehaltserhöhung + Lohnerhöhung,2.63
2005-02-01,Germany,DE,Gehaltserhöhung + Lohnerhöhung,3.49
2005-03-01,Germany,DE,Gehaltserhöhung + Lohnerhöhung,4.33
2005-04-01,Germany,DE,Gehaltserhöhung + Lohnerhöhung,4.3
2005-05-01,Germany,DE,Gehaltserhöhung + Lohnerhöhung,3.41
2005-06-01,Germany,DE,Gehaltserhöhung + Lohnerhöhung,2.54
2005-07-01,Germany,DE,Gehaltserhöhung + Lohnerhöhung,1.98
2005-08-01,Germany,DE,Gehaltserhöhung + Lohnerhöhung,1.44
2005-09-01,Germany,DE,Gehaltserhöhung + Lohnerhöhung,1.45
2005-10-01,Germany,DE,Gehaltserhöhung + Lohnerhöhung,2.01
2005-11-01,Germany,DE,Gehaltserhöhung + Lohnerhöhung,2.29
2005-12-01,Germany,DE,Gehaltserhöhung + Lohnerhöhung,2.33
2006-01-01,Germany,DE,Gehaltserhöhung + Lohnerhöhung,2.12
2006-02-01,Germany,DE,Gehaltserhöhung + Lohnerhöhung,1.27
2006-03-01,Germany,DE,Gehaltserhöhung + Lohnerhöhung,0.39
2006-04-01,Germany,DE,Gehaltserhöhung + Lohnerhöhung,0.05
2006-05-01,Germany,DE,Gehaltserhöhung + Lohnerhöhung,0
2006-06-01,Germany,DE,Gehaltserhöhung + Lohnerhöhung,0.25
2006-07-01,Germany,DE,Gehaltserhöhung + Lohnerhöhung,1.1
2006-08-01,Germany,DE,Gehaltserhöhung + Lohnerhöhung,1.99
2006-09-01,Germany,DE,Gehaltserhöhung + Lohnerhöhung,2.57
2006-10-01,Germany,DE,Gehaltserhöhung + Lohnerhöhung,3.1
2006-11-01,Germany,DE,Gehaltserhöhung + Lohnerhöhung,3.66
2006-12-01,Germany,DE,Gehaltserhöhung + Lohnerhöhung,4.28
2007-01-01,Germany,DE,Gehaltserhöhung + Lohnerhöhung,5.04
2007-02-01,Germany,DE,Gehaltserhöhung + Lohnerhöhung,5.93
2007-03-01,Germany,DE,Gehaltserhöhung + Lohnerhöhung,7.02
2007-04-01,Germany,DE,Gehaltserhöhung + Lohnerhöhung,8.29
2007-05-01,Germany,DE,Gehaltserhöhung + Lohnerhöhung,10.11
2007-06-01,Germany,DE,Gehaltserhöhung + Lohnerhöhung,11.7
2007-07-01,Germany,DE,Gehaltserhöhung + Lohnerhöhung,12.25
2007-08-01,Germany,DE,Gehaltserhöhung + Lohnerhöhung,12.63
2007-09-01,Germany,DE,Gehaltserhöhung + Lohnerhöhung,13.24
2007-10-01,Germany,DE,Gehaltserhöhung + Lohnerhöhung,14.04
2007-11-01,Germany,DE,Gehaltserhöhung + Lohnerhöhung,14.9
2007-12-01,Germany,DE,Gehaltserhöhung + Lohnerhöhung,15.33
2008-01-01,Germany,DE,Gehaltserhöhung + Lohnerhöhung,16.04
2008-02-01,Germany,DE,Gehaltserhöhung + Lohnerhöhung,16.87
2008-03-01,Germany,DE,Gehaltserhöhung + Lohnerhöhung,17.56
2008-04-01,Germany,DE,Gehaltserhöhung + Lohnerhöhung,18.77
2008-05-01,Germany,DE,Gehaltserhöhung + Lohnerhöhung,20.02
2008-06-01,Germany,DE,Gehaltserhöhung + Lohnerhöhung,21.12
2008-07-01,Germany,DE,Gehaltserhöhung + Lohnerhöhung,22.09
2008-08-01,Germany,DE,Gehaltserhöhung + Lohnerhöhung,22.53
2008-09-01,Germany,DE,Gehaltserhöhung + Lohnerhöhung,22.62
2008-10-01,Germany,DE,Gehaltserhöhung + Lohnerhöhung,22.4
2008-11-01,Germany,DE,Gehaltserhöhung + Lohnerhöhung,21.9
2008-12-01,Germany,DE,Gehaltserhöhung + Lohnerhöhung,21.38
2009-01-01,Germany,DE,Gehaltserhöhung + Lohnerhöhung,20.52
2009-02-01,Germany,DE,Gehaltserhöhung + Lohnerhöhung,19.79
2009-03-01,Germany,DE,Gehaltserhöhung + Lohnerhöhung,19.28
2009-04-01,Germany,DE,Gehaltserhöhung + Lohnerhöhung,17.75
2009-05-01,Germany,DE,Gehaltserhöhung + Lohnerhöhung,15.27
2009-06-01,Germany,DE,Gehaltserhöhung + Lohnerhöhung,12.59
2009-07-01,Germany,DE,Gehaltserhöhung + Lohnerhöhung,10.47
2009-08-01,Germany,DE,Gehaltserhöhung + Lohnerhöhung,9.2
2009-09-01,Germany,DE,Gehaltserhöhung + Lohnerhöhung,8.13
2009-10-01,Germany,DE,Gehaltserhöhung + Lohnerhöhung,7.01
2009-11-01,Germany,DE,Gehaltserhöhung + Lohnerhöhung,6.17
2009-12-01,Germany,DE,Gehaltserhöhung + Lohnerhöhung,5.83
2010-01-01,Germany,DE,Gehaltserhöhung + Lohnerhöhung,5.73
2010-02-01,Germany,DE,Gehaltserhöhung + Lohnerhöhung,5.3
2010-03-01,Germany,DE,Gehaltserhöhung + Lohnerhöhung,4.54
2010-04-01,Germany,DE,Gehaltserhöhung + Lohnerhöhung,4.22
2010-05-01,Germany,DE,Gehaltserhöhung + Lohnerhöhung,4.66
2010-06-01,Germany,DE,Gehaltserhöhung + Lohnerhöhung,5.69
2010-07-01,Germany,DE,Gehaltserhöhung + Lohnerhöhung,6.61
2010-08-01,Germany,DE,Gehaltserhöhung + Lohnerhöhung,7.22
2010-09-01,Germany,DE,Gehaltserhöhung + Lohnerhöhung,8.1
2010-10-01,Germany,DE,Gehaltserhöhung + Lohnerhöhung,9.23
2010-11-01,Germany,DE,Gehaltserhöhung + Lohnerhöhung,10.37
2010-12-01,Germany,DE,Gehaltserhöhung + Lohnerhöhung,11.48
2011-01-01,Germany,DE,Gehaltserhöhung + Lohnerhöhung,12.57
2011-02-01,Germany,DE,Gehaltserhöhung + Lohnerhöhung,13.98
2011-03-01,Germany,DE,Gehaltserhöhung + Lohnerhöhung,15.64
2011-04-01,Germany,DE,Gehaltserhöhung + Lohnerhöhung,17.01
2011-05-01,Germany,DE,Gehaltserhöhung + Lohnerhöhung,17.8
2011-06-01,Germany,DE,Gehaltserhöhung + Lohnerhöhung,18.27
2011-07-01,Germany,DE,Gehaltserhöhung + Lohnerhöhung,19.01
2011-08-01,Germany,DE,Gehaltserhöhung + Lohnerhöhung,19.83
2011-09-01,Germany,DE,Gehaltserhöhung + Lohnerhöhung,20.44
2011-10-01,Germany,DE,Gehaltserhöhung + Lohnerhöhung,21.33
2011-11-01,Germany,DE,Gehaltserhöhung + Lohnerhöhung,22.27
2011-12-01,Germany,DE,Gehaltserhöhung + Lohnerhöhung,22.97
2012-01-01,Germany,DE,Gehaltserhöhung + Lohnerhöhung,23.63
2012-02-01,Germany,DE,Gehaltserhöhung + Lohnerhöhung,24
2012-03-01,Germany,DE,Gehaltserhöhung + Lohnerhöhung,24.28
2012-04-01,Germany,DE,Gehaltserhöhung + Lohnerhöhung,25.27
2012-05-01,Germany,DE,Gehaltserhöhung + Lohnerhöhung,27.09
2012-06-01,Germany,DE,Gehaltserhöhung + Lohnerhöhung,28.9
2012-07-01,Germany,DE,Gehaltserhöhung + Lohnerhöhung,30.16
2012-08-01,Germany,DE,Gehaltserhöhung + Lohnerhöhung,31.24
2012-09-01,Germany,DE,Gehaltserhöhung + Lohnerhöhung,32.15
2012-10-01,Germany,DE,Gehaltserhöhung + Lohnerhöhung,32.53
2012-11-01,Germany,DE,Gehaltserhöhung + Lohnerhöhung,32.62
2012-12-01,Germany,DE,Gehaltserhöhung + Lohnerhöhung,32.77
2013-01-01,Germany,DE,Gehaltserhöhung + Lohnerhöhung,32.86
2013-02-01,Germany,DE,Gehaltserhöhung + Lohnerhöhung,33.19
2013-03-01,Germany,DE,Gehaltserhöhung + Lohnerhöhung,33.75
2013-04-01,Germany,DE,Gehaltserhöhung + Lohnerhöhung,33.59
2013-05-01,Germany,DE,Gehaltserhöhung + Lohnerhöhung,32.89
2013-06-01,Germany,DE,Gehaltserhöhung + Lohnerhöhung,32.54
2013-07-01,Germany,DE,Gehaltserhöhung + Lohnerhöhung,32.52
2013-08-01,Germany,DE,Gehaltserhöhung + Lohnerhöhung,32.53
2013-09-01,Germany,DE,Gehaltserhöhung + Lohnerhöhung,32.59
2013-10-01,Germany,DE,Gehaltserhöhung + Lohnerhöhung,32.72
2013-11-01,Germany,DE,Gehaltserhöhung + Lohnerhöhung,32.78
2013-12-01,Germany,DE,Gehaltserhöhung + Lohnerhöhung,32.82
2014-01-01,Germany,DE,Gehaltserhöhung + Lohnerhöhung,33.09
2014-02-01,Germany,DE,Gehaltserhöhung + Lohnerhöhung,32.98
2014-03-01,Germany,DE,Gehaltserhöhung + Lohnerhöhung,32.62
2014-04-01,Germany,DE,Gehaltserhöhung + Lohnerhöhung,33.13
2014-05-01,Germany,DE,Gehaltserhöhung + Lohnerhöhung,33.69
2014-06-01,Germany,DE,Gehaltserhöhung + Lohnerhöhung,33.7
2014-07-01,Germany,DE,Gehaltserhöhung + Lohnerhöhung,33.76
2014-08-01,Germany,DE,Gehaltserhöhung + Lohnerhöhung,33.83
2014-09-01,Germany,DE,Gehaltserhöhung + Lohnerhöhung,33.87
2014-10-01,Germany,DE,Gehaltserhöhung + Lohnerhöhung,34.26
2014-11-01,Germany,DE,Gehaltserhöhung + Lohnerhöhung,35.18
2014-12-01,Germany,DE,Gehaltserhöhung + Lohnerhöhung,36
2015-01-01,Germany,DE,Gehaltserhöhung + Lohnerhöhung,36.43
2015-02-01,Germany,DE,Gehaltserhöhung + Lohnerhöhung,37.36
2015-03-01,Germany,DE,Gehaltserhöhung + Lohnerhöhung,38.4
2015-04-01,Germany,DE,Gehaltserhöhung + Lohnerhöhung,38.44
2015-05-01,Germany,DE,Gehaltserhöhung + Lohnerhöhung,38.21
2015-06-01,Germany,DE,Gehaltserhöhung + Lohnerhöhung,37.96
2015-07-01,Germany,DE,Gehaltserhöhung + Lohnerhöhung,37.45
2015-08-01,Germany,DE,Gehaltserhöhung + Lohnerhöhung,37.27
2015-09-01,Germany,DE,Gehaltserhöhung + Lohnerhöhung,37.33
2015-10-01,Germany,DE,Gehaltserhöhung + Lohnerhöhung,37.11
2015-11-01,Germany,DE,Gehaltserhöhung + Lohnerhöhung,36.6
2015-12-01,Germany,DE,Gehaltserhöhung + Lohnerhöhung,36.29
2016-01-01,Germany,DE,Gehaltserhöhung + Lohnerhöhung,36.18
2016-02-01,Germany,DE,Gehaltserhöhung + Lohnerhöhung,35.72
2016-03-01,Germany,DE,Gehaltserhöhung + Lohnerhöhung,35.04
2016-04-01,Germany,DE,Gehaltserhöhung + Lohnerhöhung,35.09
2016-05-01,Germany,DE,Gehaltserhöhung + Lohnerhöhung,35.98
2016-06-01,Germany,DE,Gehaltserhöhung + Lohnerhöhung,37.39
2016-07-01,Germany,DE,Gehaltserhöhung + Lohnerhöhung,38.84
2016-08-01,Germany,DE,Gehaltserhöhung + Lohnerhöhung,39.73
2016-09-01,Germany,DE,Gehaltserhöhung + Lohnerhöhung,40.31
2016-10-01,Germany,DE,Gehaltserhöhung + Lohnerhöhung,40.63
2016-11-01,Germany,DE,Gehaltserhöhung + Lohnerhöhung,40.7
2016-12-01,Germany,DE,Gehaltserhöhung + Lohnerhöhung,41.04
2017-01-01,Germany,DE,Gehaltserhöhung + Lohnerhöhung,41.66
2017-02-01,Germany,DE,Gehaltserhöhung + Lohnerhöhung,42.53
2017-03-01,Germany,DE,Gehaltserhöhung + Lohnerhöhung,43.27
2017-04-01,Germany,DE,Gehaltserhöhung + Lohnerhöhung,42.91
2017-05-01,Germany,DE,Gehaltserhöhung + Lohnerhöhung,41.72
2017-06-01,Germany,DE,Gehaltserhöhung + Lohnerhöhung,40.53
2017-07-01,Germany,DE,Gehaltserhöhung + Lohnerhöhung,39.64
2017-08-01,Germany,DE,Gehaltserhöhung + Lohnerhöhung,39.02
2017-09-01,Germany,DE,Gehaltserhöhung + Lohnerhöhung,38.73
2017-10-01,Germany,DE,Gehaltserhöhung + Lohnerhöhung,39.34
2017-11-01,Germany,DE,Gehaltserhöhung + Lohnerhöhung,40.21
2017-12-01,Germany,DE,Gehaltserhöhung + Lohnerhöhung,40.45
2018-01-01,Germany,DE,Gehaltserhöhung + Lohnerhöhung,40.43
2018-02-01,Germany,DE,Gehaltserhöhung + Lohnerhöhung,40.15
2018-03-01,Germany,DE,Gehaltserhöhung + Lohnerhöhung,40.37
2018-04-01,Germany,DE,Gehaltserhöhung + Lohnerhöhung,42.43
2018-05-01,Germany,DE,Gehaltserhöhung + Lohnerhöhung,45.17
2018-06-01,Germany,DE,Gehaltserhöhung + Lohnerhöhung,47.32
2018-07-01,Germany,DE,Gehaltserhöhung + Lohnerhöhung,49.09
2018-08-01,Germany,DE,Gehaltserhöhung + Lohnerhöhung,51.01
2018-09-01,Germany,DE,Gehaltserhöhung + Lohnerhöhung,52.58
2018-10-01,Germany,DE,Gehaltserhöhung + Lohnerhöhung,53.25
2018-11-01,Germany,DE,Gehaltserhöhung + Lohnerhöhung,53.83
2018-12-01,Germany,DE,Gehaltserhöhung + Lohnerhöhung,54.68
2019-01-01,Germany,DE,Gehaltserhöhung + Lohnerhöhung,55.35
2019-02-01,Germany,DE,Gehaltserhöhung + Lohnerhöhung,56.76
2019-03-01,Germany,DE,Gehaltserhöhung + Lohnerhöhung,58.93
2019-04-01,Germany,DE,Gehaltserhöhung + Lohnerhöhung,59.82
2019-05-01,Germany,DE,Gehaltserhöhung + Lohnerhöhung,59.65
2019-06-01,Germany,DE,Gehaltserhöhung + Lohnerhöhung,59.48
2019-07-01,Germany,DE,Gehaltserhöhung + Lohnerhöhung,59.17
2019-08-01,Germany,DE,Gehaltserhöhung + Lohnerhöhung,58.33
2019-09-01,Germany,DE,Gehaltserhöhung + Lohnerhöhung,56.98
2019-10-01,Germany,DE,Gehaltserhöhung + Lohnerhöhung,55.48
2019-11-01,Germany,DE,Gehaltserhöhung + Lohnerhöhung,54.2
2019-12-01,Germany,DE,Gehaltserhöhung + Lohnerhöhung,53.27
2020-01-01,Germany,DE,Gehaltserhöhung + Lohnerhöhung,52.49
2020-02-01,Germany,DE,Gehaltserhöhung + Lohnerhöhung,50.48
2020-03-01,Germany,DE,Gehaltserhöhung + Lohnerhöhung,46.15
2020-04-01,Germany,DE,Gehaltserhöhung + Lohnerhöhung,41.42
2020-05-01,Germany,DE,Gehaltserhöhung + Lohnerhöhung,37.83
2020-06-01,Germany,DE,Gehaltserhöhung + Lohnerhöhung,35.37
2020-07-01,Germany,DE,Gehaltserhöhung + Lohnerhöhung,33.71
2020-08-01,Germany,DE,Gehaltserhöhung + Lohnerhöhung,32.69
2020-09-01,Germany,DE,Gehaltserhöhung + Lohnerhöhung,32.84
2020-10-01,Germany,DE,Gehaltserhöhung + Lohnerhöhung,33.64
2020-11-01,Germany,DE,Gehaltserhöhung + Lohnerhöhung,33.81
2020-12-01,Germany,DE,Gehaltserhöhung + Lohnerhöhung,33.54
2021-01-01,Germany,DE,Gehaltserhöhung + Lohnerhöhung,33.41
2021-02-01,Germany,DE,Gehaltserhöhung + Lohnerhöhung,34.02
2021-03-01,Germany,DE,Gehaltserhöhung + Lohnerhöhung,36.18
2021-04-01,Germany,DE,Gehaltserhöhung + Lohnerhöhung,39.11
2021-05-01,Germany,DE,Gehaltserhöhung + Lohnerhöhung,41.07
2021-06-01,Germany,DE,Gehaltserhöhung + Lohnerhöhung,41.68
2021-07-01,Germany,DE,Gehaltserhöhung + Lohnerhöhung,42.19
2021-08-01,Germany,DE,Gehaltserhöhung + Lohnerhöhung,42.94
2021-09-01,Germany,DE,Gehaltserhöhung + Lohnerhöhung,43.52
2021-10-01,Germany,DE,Gehaltserhöhung + Lohnerhöhung,44.88
2021-11-01,Germany,DE,Gehaltserhöhung + Lohnerhöhung,47.35
2021-12-01,Germany,DE,Gehaltserhöhung + Lohnerhöhung,49.84
2022-01-01,Germany,DE,Gehaltserhöhung + Lohnerhöhung,52.11
2022-02-01,Germany,DE,Gehaltserhöhung + Lohnerhöhung,54.4
2022-03-01,Germany,DE,Gehaltserhöhung + Lohnerhöhung,56.2
2022-04-01,Germany,DE,Gehaltserhöhung + Lohnerhöhung,57.69
2022-05-01,Germany,DE,Gehaltserhöhung + Lohnerhöhung,60.67
2022-06-01,Germany,DE,Gehaltserhöhung + Lohnerhöhung,65.12
2022-07-01,Germany,DE,Gehaltserhöhung + Lohnerhöhung,69.3
2022-08-01,Germany,DE,Gehaltserhöhung + Lohnerhöhung,73.31
2022-09-01,Germany,DE,Gehaltserhöhung + Lohnerhöhung,77.01
2022-10-01,Germany,DE,Gehaltserhöhung + Lohnerhöhung,79.23
2022-11-01,Germany,DE,Gehaltserhöhung + Lohnerhöhung,80.51
2022-12-01,Germany,DE,Gehaltserhöhung + Lohnerhöhung,81.59
2023-01-01,Germany,DE,Gehaltserhöhung + Lohnerhöhung,82.52
2023-02-01,Germany,DE,Gehaltserhöhung + Lohnerhöhung,83.75
2023-03-01,Germany,DE,Gehaltserhöhung + Lohnerhöhung,86.7
2023-04-01,Germany,DE,Gehaltserhöhung + Lohnerhöhung,91.34
2023-05-01,Germany,DE,Gehaltserhöhung + Lohnerhöhung,94.96
2023-06-01,Germany,DE,Gehaltserhöhung + Lohnerhöhung,96.63
2023-07-01,Germany,DE,Gehaltserhöhung + Lohnerhöhung,97.07
2023-08-01,Germany,DE,Gehaltserhöhung + Lohnerhöhung,96.48
2023-09-01,Germany,DE,Gehaltserhöhung + Lohnerhöhung,95.75
2023-10-01,Germany,DE,Gehaltserhöhung + Lohnerhöhung,95.35
2023-11-01,Germany,DE,Gehaltserhöhung + Lohnerhöhung,95.57
2023-12-01,Germany,DE,Gehaltserhöhung + Lohnerhöhung,97.2
2024-01-01,Germany,DE,Gehaltserhöhung + Lohnerhöhung,99.08
2024-02-01,Germany,DE,Gehaltserhöhung + Lohnerhöhung,100
2024-03-01,Germany,DE,Gehaltserhöhung + Lohnerhöhung,98.72
2024-04-01,Germany,DE,Gehaltserhöhung + Lohnerhöhung,94.61
2024-05-01,Germany,DE,Gehaltserhöhung + Lohnerhöhung,89.91
2024-06-01,Germany,DE,Gehaltserhöhung + Lohnerhöhung,86.18
2024-07-01,Germany,DE,Gehaltserhöhung + Lohnerhöhung,83.57
2024-08-01,Germany,DE,Gehaltserhöhung + Lohnerhöhung,81.9
2024-09-01,Germany,DE,Gehaltserhöhung + Lohnerhöhung,80.51
2024-10-01,Germany,DE,Gehaltserhöhung + Lohnerhöhung,80.02
2024-11-01,Germany,DE,Gehaltserhöhung + Lohnerhöhung,78.98
2024-12-01,Germany,DE,Gehaltserhöhung + Lohnerhöhung,76.52
2025-01-01,Germany,DE,Gehaltserhöhung + Lohnerhöhung,74.51
2025-02-01,Germany,DE,Gehaltserhöhung + Lohnerhöhung,72.71
2025-03-01,Germany,DE,Gehaltserhöhung + Lohnerhöhung,70.61
2025-04-01,Germany,DE,Gehaltserhöhung + Lohnerhöhung,69.62
2025-05-01,Germany,DE,Gehaltserhöhung + Lohnerhöhung,69.9
2025-06-01,Germany,DE,Gehaltserhöhung + Lohnerhöhung,71.7
2025-07-01,Germany,DE,Gehaltserhöhung + Lohnerhöhung,75.41
2025-08-01,Germany,DE,Gehaltserhöhung + Lohnerhöhung,79.17
2025-09-01,Germany,DE,Gehaltserhöhung + Lohnerhöhung,80.87
2025-10-01,Germany,DE,Gehaltserhöhung + Lohnerhöhung,81.17
2025-11-01,Germany,DE,Gehaltserhöhung + Lohnerhöhung,81.48
2025-12-01,Germany,DE,Gehaltserhöhung + Lohnerhöhung,81.78
2026-01-01,Germany,DE,Gehaltserhöhung + Lohnerhöhung,82.02
2026-02-01,Germany,DE,Gehaltserhöhung + Lohnerhöhung,83.36
2026-03-01,Germany,DE,Gehaltserhöhung + Lohnerhöhung,86.41
2026-04-01,Germany,DE,Gehaltserhöhung + Lohnerhöhung,90.04
2026-05-01,Germany,DE,Gehaltserhöhung + Lohnerhöhung,91.76
2026-06-01,Germany,DE,Gehaltserhöhung + Lohnerhöhung,90.4
2026-07-01,Germany,DE,Gehaltserhöhung + Lohnerhöhung,86.45
2026-08-01,Germany,DE,Gehaltserhöhung + Lohnerhöhung,81.67
2004-01-01,Germany,DE,Gehaltsverhandlung + Gehalt verhandeln,0
2004-02-01,Germany,DE,Gehaltsverhandlung + Gehalt verhandeln,12.65
2004-03-01,Germany,DE,Gehaltsverhandlung + Gehalt verhandeln,11.79
2004-04-01,Germany,DE,Gehaltsverhandlung + Gehalt verhandeln,12.28
2004-05-01,Germany,DE,Gehaltsverhandlung + Gehalt verhandeln,13.53
2004-06-01,Germany,DE,Gehaltsverhandlung + Gehalt verhandeln,15.5
2004-07-01,Germany,DE,Gehaltsverhandlung + Gehalt verhandeln,18.38
2004-08-01,Germany,DE,Gehaltsverhandlung + Gehalt verhandeln,20.41
2004-09-01,Germany,DE,Gehaltsverhandlung + Gehalt verhandeln,21.78
2004-10-01,Germany,DE,Gehaltsverhandlung + Gehalt verhandeln,20.65
2004-11-01,Germany,DE,Gehaltsverhandlung + Gehalt verhandeln,17.99
2004-12-01,Germany,DE,Gehaltsverhandlung + Gehalt verhandeln,16.14
2005-01-01,Germany,DE,Gehaltsverhandlung + Gehalt verhandeln,18.28
2005-02-01,Germany,DE,Gehaltsverhandlung + Gehalt verhandeln,20.63
2005-03-01,Germany,DE,Gehaltsverhandlung + Gehalt verhandeln,25.15
2005-04-01,Germany,DE,Gehaltsverhandlung + Gehalt verhandeln,27.3
2005-05-01,Germany,DE,Gehaltsverhandlung + Gehalt verhandeln,27.18
2005-06-01,Germany,DE,Gehaltsverhandlung + Gehalt verhandeln,27.13
2005-07-01,Germany,DE,Gehaltsverhandlung + Gehalt verhandeln,29.47
2005-08-01,Germany,DE,Gehaltsverhandlung + Gehalt verhandeln,34.12
2005-09-01,Germany,DE,Gehaltsverhandlung + Gehalt verhandeln,38.74
2005-10-01,Germany,DE,Gehaltsverhandlung + Gehalt verhandeln,45.52
2005-11-01,Germany,DE,Gehaltsverhandlung + Gehalt verhandeln,54.45
2005-12-01,Germany,DE,Gehaltsverhandlung + Gehalt verhandeln,62.24
2006-01-01,Germany,DE,Gehaltsverhandlung + Gehalt verhandeln,66.53
2006-02-01,Germany,DE,Gehaltsverhandlung + Gehalt verhandeln,67.81
2006-03-01,Germany,DE,Gehaltsverhandlung + Gehalt verhandeln,67.82
2006-04-01,Germany,DE,Gehaltsverhandlung + Gehalt verhandeln,69.9
2006-05-01,Germany,DE,Gehaltsverhandlung + Gehalt verhandeln,76.48
2006-06-01,Germany,DE,Gehaltsverhandlung + Gehalt verhandeln,83.2
2006-07-01,Germany,DE,Gehaltsverhandlung + Gehalt verhandeln,84.54
2006-08-01,Germany,DE,Gehaltsverhandlung + Gehalt verhandeln,82.57
2006-09-01,Germany,DE,Gehaltsverhandlung + Gehalt verhandeln,81.69
2006-10-01,Germany,DE,Gehaltsverhandlung + Gehalt verhandeln,81.71
2006-11-01,Germany,DE,Gehaltsverhandlung + Gehalt verhandeln,81.53
2006-12-01,Germany,DE,Gehaltsverhandlung + Gehalt verhandeln,82.44
2007-01-01,Germany,DE,Gehaltsverhandlung + Gehalt verhandeln,84.16
2007-02-01,Germany,DE,Gehaltsverhandlung + Gehalt verhandeln,85.79
2007-03-01,Germany,DE,Gehaltsverhandlung + Gehalt verhandeln,88.24
2007-04-01,Germany,DE,Gehaltsverhandlung + Gehalt verhandeln,91.17
2007-05-01,Germany,DE,Gehaltsverhandlung + Gehalt verhandeln,90.48
2007-06-01,Germany,DE,Gehaltsverhandlung + Gehalt verhandeln,89.04
2007-07-01,Germany,DE,Gehaltsverhandlung + Gehalt verhandeln,90.71
2007-08-01,Germany,DE,Gehaltsverhandlung + Gehalt verhandeln,93.84
2007-09-01,Germany,DE,Gehaltsverhandlung + Gehalt verhandeln,95.69
2007-10-01,Germany,DE,Gehaltsverhandlung + Gehalt verhandeln,95.86
2007-11-01,Germany,DE,Gehaltsverhandlung + Gehalt verhandeln,95.57
2007-12-01,Germany,DE,Gehaltsverhandlung + Gehalt verhandeln,95.08
2008-01-01,Germany,DE,Gehaltsverhandlung + Gehalt verhandeln,94.6
2008-02-01,Germany,DE,Gehaltsverhandlung + Gehalt verhandeln,94.52
2008-03-01,Germany,DE,Gehaltsverhandlung + Gehalt verhandeln,94.38
2008-04-01,Germany,DE,Gehaltsverhandlung + Gehalt verhandeln,94.92
2008-05-01,Germany,DE,Gehaltsverhandlung + Gehalt verhandeln,96.93
2008-06-01,Germany,DE,Gehaltsverhandlung + Gehalt verhandeln,98.27
2008-07-01,Germany,DE,Gehaltsverhandlung + Gehalt verhandeln,97.56
2008-08-01,Germany,DE,Gehaltsverhandlung + Gehalt verhandeln,95.77
2008-09-01,Germany,DE,Gehaltsverhandlung + Gehalt verhandeln,93.95
2008-10-01,Germany,DE,Gehaltsverhandlung + Gehalt verhandeln,91.94
2008-11-01,Germany,DE,Gehaltsverhandlung + Gehalt verhandeln,89.74
2008-12-01,Germany,DE,Gehaltsverhandlung + Gehalt verhandeln,87.42
2009-01-01,Germany,DE,Gehaltsverhandlung + Gehalt verhandeln,86.08
2009-02-01,Germany,DE,Gehaltsverhandlung + Gehalt verhandeln,85.96
2009-03-01,Germany,DE,Gehaltsverhandlung + Gehalt verhandeln,84.66
2009-04-01,Germany,DE,Gehaltsverhandlung + Gehalt verhandeln,80.96
2009-05-01,Germany,DE,Gehaltsverhandlung + Gehalt verhandeln,76.42
2009-06-01,Germany,DE,Gehaltsverhandlung + Gehalt verhandeln,72.12
2009-07-01,Germany,DE,Gehaltsverhandlung + Gehalt verhandeln,68.81
2009-08-01,Germany,DE,Gehaltsverhandlung + Gehalt verhandeln,66.48
2009-09-01,Germany,DE,Gehaltsverhandlung + Gehalt verhandeln,65.36
2009-10-01,Germany,DE,Gehaltsverhandlung + Gehalt verhandeln,66.53
2009-11-01,Germany,DE,Gehaltsverhandlung + Gehalt verhandeln,68.81
2009-12-01,Germany,DE,Gehaltsverhandlung + Gehalt verhandeln,71.09
2010-01-01,Germany,DE,Gehaltsverhandlung + Gehalt verhandeln,72.29
2010-02-01,Germany,DE,Gehaltsverhandlung + Gehalt verhandeln,72.43
2010-03-01,Germany,DE,Gehaltsverhandlung + Gehalt verhandeln,73.67
2010-04-01,Germany,DE,Gehaltsverhandlung + Gehalt verhandeln,75.91
2010-05-01,Germany,DE,Gehaltsverhandlung + Gehalt verhandeln,78.06
2010-06-01,Germany,DE,Gehaltsverhandlung + Gehalt verhandeln,81.43
2010-07-01,Germany,DE,Gehaltsverhandlung + Gehalt verhandeln,85.85
2010-08-01,Germany,DE,Gehaltsverhandlung + Gehalt verhandeln,90.13
2010-09-01,Germany,DE,Gehaltsverhandlung + Gehalt verhandeln,93.35
2010-10-01,Germany,DE,Gehaltsverhandlung + Gehalt verhandeln,94.41
2010-11-01,Germany,DE,Gehaltsverhandlung + Gehalt verhandeln,94.43
2010-12-01,Germany,DE,Gehaltsverhandlung + Gehalt verhandeln,94.48
2011-01-01,Germany,DE,Gehaltsverhandlung + Gehalt verhandeln,94.74
2011-02-01,Germany,DE,Gehaltsverhandlung + Gehalt verhandeln,95.19
2011-03-01,Germany,DE,Gehaltsverhandlung + Gehalt verhandeln,95.49
2011-04-01,Germany,DE,Gehaltsverhandlung + Gehalt verhandeln,96.55
2011-05-01,Germany,DE,Gehaltsverhandlung + Gehalt verhandeln,98.52
2011-06-01,Germany,DE,Gehaltsverhandlung + Gehalt verhandeln,99.4
2011-07-01,Germany,DE,Gehaltsverhandlung + Gehalt verhandeln,99.09
2011-08-01,Germany,DE,Gehaltsverhandlung + Gehalt verhandeln,98.66
2011-09-01,Germany,DE,Gehaltsverhandlung + Gehalt verhandeln,98.4
2011-10-01,Germany,DE,Gehaltsverhandlung + Gehalt verhandeln,98.48
2011-11-01,Germany,DE,Gehaltsverhandlung + Gehalt verhandeln,98.73
2011-12-01,Germany,DE,Gehaltsverhandlung + Gehalt verhandeln,98.97
2012-01-01,Germany,DE,Gehaltsverhandlung + Gehalt verhandeln,99.3
2012-02-01,Germany,DE,Gehaltsverhandlung + Gehalt verhandeln,99.72
2012-03-01,Germany,DE,Gehaltsverhandlung + Gehalt verhandeln,100
2012-04-01,Germany,DE,Gehaltsverhandlung + Gehalt verhandeln,99.85
2012-05-01,Germany,DE,Gehaltsverhandlung + Gehalt verhandeln,99.4
2012-06-01,Germany,DE,Gehaltsverhandlung + Gehalt verhandeln,99.09
2012-07-01,Germany,DE,Gehaltsverhandlung + Gehalt verhandeln,98.94
2012-08-01,Germany,DE,Gehaltsverhandlung + Gehalt verhandeln,98.76
2012-09-01,Germany,DE,Gehaltsverhandlung + Gehalt verhandeln,98.67
2012-10-01,Germany,DE,Gehaltsverhandlung + Gehalt verhandeln,98.79
2012-11-01,Germany,DE,Gehaltsverhandlung + Gehalt verhandeln,98.98
2012-12-01,Germany,DE,Gehaltsverhandlung + Gehalt verhandeln,99.14
2013-01-01,Germany,DE,Gehaltsverhandlung + Gehalt verhandeln,99.27
2013-02-01,Germany,DE,Gehaltsverhandlung + Gehalt verhandeln,99.38
2013-03-01,Germany,DE,Gehaltsverhandlung + Gehalt verhandeln,99.46
2013-04-01,Germany,DE,Gehaltsverhandlung + Gehalt verhandeln,99.4
2013-05-01,Germany,DE,Gehaltsverhandlung + Gehalt verhandeln,99.22
2013-06-01,Germany,DE,Gehaltsverhandlung + Gehalt verhandeln,99.14
2013-07-01,Germany,DE,Gehaltsverhandlung + Gehalt verhandeln,99.17
2013-08-01,Germany,DE,Gehaltsverhandlung + Gehalt verhandeln,99.19
2013-09-01,Germany,DE,Gehaltsverhandlung + Gehalt verhandeln,99.2
2013-10-01,Germany,DE,Gehaltsverhandlung + Gehalt verhandeln,99.2
2013-11-01,Germany,DE,Gehaltsverhandlung + Gehalt verhandeln,99.21
2013-12-01,Germany,DE,Gehaltsverhandlung + Gehalt verhandeln,99.21
2014-01-01,Germany,DE,Gehaltsverhandlung + Gehalt verhandeln,99.21
2014-02-01,Germany,DE,Gehaltsverhandlung + Gehalt verhandeln,99.21
2014-03-01,Germany,DE,Gehaltsverhandlung + Gehalt verhandeln,99.21
2014-04-01,Germany,DE,Gehaltsverhandlung + Gehalt verhandeln,99.22
2014-05-01,Germany,DE,Gehaltsverhandlung + Gehalt verhandeln,99.22
2014-06-01,Germany,DE,Gehaltsverhandlung + Gehalt verhandeln,99.22
2014-07-01,Germany,DE,Gehaltsverhandlung + Gehalt verhandeln,99.22
2014-08-01,Germany,DE,Gehaltsverhandlung + Gehalt verhandeln,99.22
2014-09-01,Germany,DE,Gehaltsverhandlung + Gehalt verhandeln,99.22
2014-10-01,Germany,DE,Gehaltsverhandlung + Gehalt verhandeln,99.21
2014-11-01,Germany,DE,Gehaltsverhandlung + Gehalt verhandeln,99.21
2014-12-01,Germany,DE,Gehaltsverhandlung + Gehalt verhandeln,99.21
2015-01-01,Germany,DE,Gehaltsverhandlung + Gehalt verhandeln,99.21
2015-02-01,Germany,DE,Gehaltsverhandlung + Gehalt verhandeln,99.21
2015-03-01,Germany,DE,Gehaltsverhandlung + Gehalt verhandeln,99.21
2015-04-01,Germany,DE,Gehaltsverhandlung + Gehalt verhandeln,99.21
2015-05-01,Germany,DE,Gehaltsverhandlung + Gehalt verhandeln,99.21
2015-06-01,Germany,DE,Gehaltsverhandlung + Gehalt verhandeln,99.21
2015-07-01,Germany,DE,Gehaltsverhandlung + Gehalt verhandeln,99.21
2015-08-01,Germany,DE,Gehaltsverhandlung + Gehalt verhandeln,99.21
2015-09-01,Germany,DE,Gehaltsverhandlung + Gehalt verhandeln,99.21
2015-10-01,Germany,DE,Gehaltsverhandlung + Gehalt verhandeln,99.21
2015-11-01,Germany,DE,Gehaltsverhandlung + Gehalt verhandeln,99.21
2015-12-01,Germany,DE,Gehaltsverhandlung + Gehalt verhandeln,99.21
2016-01-01,Germany,DE,Gehaltsverhandlung + Gehalt verhandeln,99.21
2016-02-01,Germany,DE,Gehaltsverhandlung + Gehalt verhandeln,99.21
2016-03-01,Germany,DE,Gehaltsverhandlung + Gehalt verhandeln,99.21
2016-04-01,Germany,DE,Gehaltsverhandlung + Gehalt verhandeln,99.21
2016-05-01,Germany,DE,Gehaltsverhandlung + Gehalt verhandeln,99.21
2016-06-01,Germany,DE,Gehaltsverhandlung + Gehalt verhandeln,99.21
2016-07-01,Germany,DE,Gehaltsverhandlung + Gehalt verhandeln,99.2
2016-08-01,Germany,DE,Gehaltsverhandlung + Gehalt verhandeln,99.2
2016-09-01,Germany,DE,Gehaltsverhandlung + Gehalt verhandeln,99.2
2016-10-01,Germany,DE,Gehaltsverhandlung + Gehalt verhandeln,99.21
2016-11-01,Germany,DE,Gehaltsverhandlung + Gehalt verhandeln,99.21
2016-12-01,Germany,DE,Gehaltsverhandlung + Gehalt verhandeln,99.21
2017-01-01,Germany,DE,Gehaltsverhandlung + Gehalt verhandeln,99.21
2017-02-01,Germany,DE,Gehaltsverhandlung + Gehalt verhandeln,99.22
2017-03-01,Germany,DE,Gehaltsverhandlung + Gehalt verhandeln,99.22
2017-04-01,Germany,DE,Gehaltsverhandlung + Gehalt verhandeln,99.22
2017-05-01,Germany,DE,Gehaltsverhandlung + Gehalt verhandeln,99.22
2017-06-01,Germany,DE,Gehaltsverhandlung + Gehalt verhandeln,99.22
2017-07-01,Germany,DE,Gehaltsverhandlung + Gehalt verhandeln,99.22
2017-08-01,Germany,DE,Gehaltsverhandlung + Gehalt verhandeln,99.21
2017-09-01,Germany,DE,Gehaltsverhandlung + Gehalt verhandeln,99.2
2017-10-01,Germany,DE,Gehaltsverhandlung + Gehalt verhandeln,99.18
2017-11-01,Germany,DE,Gehaltsverhandlung + Gehalt verhandeln,99.15
2017-12-01,Germany,DE,Gehaltsverhandlung + Gehalt verhandeln,99.13
2018-01-01,Germany,DE,Gehaltsverhandlung + Gehalt verhandeln,99.09
2018-02-01,Germany,DE,Gehaltsverhandlung + Gehalt verhandeln,99.06
2018-03-01,Germany,DE,Gehaltsverhandlung + Gehalt verhandeln,99.14
2018-04-01,Germany,DE,Gehaltsverhandlung + Gehalt verhandeln,99.32
2018-05-01,Germany,DE,Gehaltsverhandlung + Gehalt verhandeln,99.4
2018-06-01,Germany,DE,Gehaltsverhandlung + Gehalt verhandeln,99.36
2018-07-01,Germany,DE,Gehaltsverhandlung + Gehalt verhandeln,99.31
2018-08-01,Germany,DE,Gehaltsverhandlung + Gehalt verhandeln,99.27
2018-09-01,Germany,DE,Gehaltsverhandlung + Gehalt verhandeln,99.22
2018-10-01,Germany,DE,Gehaltsverhandlung + Gehalt verhandeln,99.17
2018-11-01,Germany,DE,Gehaltsverhandlung + Gehalt verhandeln,99.11
2018-12-01,Germany,DE,Gehaltsverhandlung + Gehalt verhandeln,99.06
2019-01-01,Germany,DE,Gehaltsverhandlung + Gehalt verhandeln,99
2019-02-01,Germany,DE,Gehaltsverhandlung + Gehalt verhandeln,98.93
2019-03-01,Germany,DE,Gehaltsverhandlung + Gehalt verhandeln,99.05
2019-04-01,Germany,DE,Gehaltsverhandlung + Gehalt verhandeln,99.34
2019-05-01,Germany,DE,Gehaltsverhandlung + Gehalt verhandeln,99.45
2019-06-01,Germany,DE,Gehaltsverhandlung + Gehalt verhandeln,99.4
2019-07-01,Germany,DE,Gehaltsverhandlung + Gehalt verhandeln,99.34
2019-08-01,Germany,DE,Gehaltsverhandlung + Gehalt verhandeln,99.29
2019-09-01,Germany,DE,Gehaltsverhandlung + Gehalt verhandeln,99.25
2019-10-01,Germany,DE,Gehaltsverhandlung + Gehalt verhandeln,99.21
2019-11-01,Germany,DE,Gehaltsverhandlung + Gehalt verhandeln,99.18
2019-12-01,Germany,DE,Gehaltsverhandlung + Gehalt verhandeln,99.16
2020-01-01,Germany,DE,Gehaltsverhandlung + Gehalt verhandeln,99.14
2020-02-01,Germany,DE,Gehaltsverhandlung + Gehalt verhandeln,99.12
2020-03-01,Germany,DE,Gehaltsverhandlung + Gehalt verhandeln,98.02
2020-04-01,Germany,DE,Gehaltsverhandlung + Gehalt verhandeln,95.84
2020-05-01,Germany,DE,Gehaltsverhandlung + Gehalt verhandeln,94.74
2020-06-01,Germany,DE,Gehaltsverhandlung + Gehalt verhandeln,94.74
2020-07-01,Germany,DE,Gehaltsverhandlung + Gehalt verhandeln,94.73
2020-08-01,Germany,DE,Gehaltsverhandlung + Gehalt verhandeln,94.73
2020-09-01,Germany,DE,Gehaltsverhandlung + Gehalt verhandeln,94.73
2020-10-01,Germany,DE,Gehaltsverhandlung + Gehalt verhandeln,94.73
2020-11-01,Germany,DE,Gehaltsverhandlung + Gehalt verhandeln,94.73
2020-12-01,Germany,DE,Gehaltsverhandlung + Gehalt verhandeln,94.73
2021-01-01,Germany,DE,Gehaltsverhandlung + Gehalt verhandeln,94.74
2021-02-01,Germany,DE,Gehaltsverhandlung + Gehalt verhandeln,94.75
2021-03-01,Germany,DE,Gehaltsverhandlung + Gehalt verhandeln,95.84
2021-04-01,Germany,DE,Gehaltsverhandlung + Gehalt verhandeln,98.03
2021-05-01,Germany,DE,Gehaltsverhandlung + Gehalt verhandeln,99.12
2021-06-01,Germany,DE,Gehaltsverhandlung + Gehalt verhandeln,99.14
2021-07-01,Germany,DE,Gehaltsverhandlung + Gehalt verhandeln,99.15
2021-08-01,Germany,DE,Gehaltsverhandlung + Gehalt verhandeln,99.17
2021-09-01,Germany,DE,Gehaltsverhandlung + Gehalt verhandeln,99.2
2021-10-01,Germany,DE,Gehaltsverhandlung + Gehalt verhandeln,99.24
2021-11-01,Germany,DE,Gehaltsverhandlung + Gehalt verhandeln,99.29
2021-12-01,Germany,DE,Gehaltsverhandlung + Gehalt verhandeln,99.34
2022-01-01,Germany,DE,Gehaltsverhandlung + Gehalt verhandeln,99.41
2022-02-01,Germany,DE,Gehaltsverhandlung + Gehalt verhandeln,99.47
2022-03-01,Germany,DE,Gehaltsverhandlung + Gehalt verhandeln,99.36
2022-04-01,Germany,DE,Gehaltsverhandlung + Gehalt verhandeln,99.08
2022-05-01,Germany,DE,Gehaltsverhandlung + Gehalt verhandeln,98.97
2022-06-01,Germany,DE,Gehaltsverhandlung + Gehalt verhandeln,99.03
2022-07-01,Germany,DE,Gehaltsverhandlung + Gehalt verhandeln,99.09
2022-08-01,Germany,DE,Gehaltsverhandlung + Gehalt verhandeln,99.13
2022-09-01,Germany,DE,Gehaltsverhandlung + Gehalt verhandeln,99.17
2022-10-01,Germany,DE,Gehaltsverhandlung + Gehalt verhandeln,99.19
2022-11-01,Germany,DE,Gehaltsverhandlung + Gehalt verhandeln,99.21
2022-12-01,Germany,DE,Gehaltsverhandlung + Gehalt verhandeln,99.21
2023-01-01,Germany,DE,Gehaltsverhandlung + Gehalt verhandeln,99.21
2023-02-01,Germany,DE,Gehaltsverhandlung + Gehalt verhandeln,99.19
2023-03-01,Germany,DE,Gehaltsverhandlung + Gehalt verhandeln,99.18
2023-04-01,Germany,DE,Gehaltsverhandlung + Gehalt verhandeln,99.15
2023-05-01,Germany,DE,Gehaltsverhandlung + Gehalt verhandeln,99.24
2023-06-01,Germany,DE,Gehaltsverhandlung + Gehalt verhandeln,99.44
2023-07-01,Germany,DE,Gehaltsverhandlung + Gehalt verhandeln,99.52
2023-08-01,Germany,DE,Gehaltsverhandlung + Gehalt verhandeln,99.47
2023-09-01,Germany,DE,Gehaltsverhandlung + Gehalt verhandeln,99.37
2023-10-01,Germany,DE,Gehaltsverhandlung + Gehalt verhandeln,99.26
2023-11-01,Germany,DE,Gehaltsverhandlung + Gehalt verhandeln,99.13
2023-12-01,Germany,DE,Gehaltsverhandlung + Gehalt verhandeln,98.98
2024-01-01,Germany,DE,Gehaltsverhandlung + Gehalt verhandeln,98.8
2024-02-01,Germany,DE,Gehaltsverhandlung + Gehalt verhandeln,98.62
2024-03-01,Germany,DE,Gehaltsverhandlung + Gehalt verhandeln,98.55
2024-04-01,Germany,DE,Gehaltsverhandlung + Gehalt verhandeln,98.76
2024-05-01,Germany,DE,Gehaltsverhandlung + Gehalt verhandeln,99.14
2024-06-01,Germany,DE,Gehaltsverhandlung + Gehalt verhandeln,99.52
2024-07-01,Germany,DE,Gehaltsverhandlung + Gehalt verhandeln,99.75
2024-08-01,Germany,DE,Gehaltsverhandlung + Gehalt verhandeln,99.52
2024-09-01,Germany,DE,Gehaltsverhandlung + Gehalt verhandeln,99.45
2024-10-01,Germany,DE,Gehaltsverhandlung + Gehalt verhandeln,99.37
2024-11-01,Germany,DE,Gehaltsverhandlung + Gehalt verhandeln,99.3
2024-12-01,Germany,DE,Gehaltsverhandlung + Gehalt verhandeln,99.22
2025-01-01,Germany,DE,Gehaltsverhandlung + Gehalt verhandeln,99.14
2025-02-01,Germany,DE,Gehaltsverhandlung + Gehalt verhandeln,99.07
2025-03-01,Germany,DE,Gehaltsverhandlung + Gehalt verhandeln,97.88
2025-04-01,Germany,DE,Gehaltsverhandlung + Gehalt verhandeln,95.68
2025-05-01,Germany,DE,Gehaltsverhandlung + Gehalt verhandeln,93.55
2025-06-01,Germany,DE,Gehaltsverhandlung + Gehalt verhandeln,91.42
2025-07-01,Germany,DE,Gehaltsverhandlung + Gehalt verhandeln,90.4
2025-08-01,Germany,DE,Gehaltsverhandlung + Gehalt verhandeln,90.33
2025-09-01,Germany,DE,Gehaltsverhandlung + Gehalt verhandeln,90.3
2025-10-01,Germany,DE,Gehaltsverhandlung + Gehalt verhandeln,90.27
2025-11-01,Germany,DE,Gehaltsverhandlung + Gehalt verhandeln,90.24
2025-12-01,Germany,DE,Gehaltsverhandlung + Gehalt verhandeln,90.2
2026-01-01,Germany,DE,Gehaltsverhandlung + Gehalt verhandeln,90.17
2026-02-01,Germany,DE,Gehaltsverhandlung + Gehalt verhandeln,90.13
2026-03-01,Germany,DE,Gehaltsverhandlung + Gehalt verhandeln,91.24
2026-04-01,Germany,DE,Gehaltsverhandlung + Gehalt verhandeln,92.4
2026-05-01,Germany,DE,Gehaltsverhandlung + Gehalt verhandeln,92.47
2026-06-01,Germany,DE,Gehaltsverhandlung + Gehalt verhandeln,92.54
2026-07-01,Germany,DE,Gehaltsverhandlung + Gehalt verhandeln,91.46
2026-08-01,Germany,DE,Gehaltsverhandlung + Gehalt verhandeln,91.42
2004-01-01,Germany,DE,Mindestlohn + Mindestlohn Erhöhung,0
2004-02-01,Germany,DE,Mindestlohn + Mindestlohn Erhöhung,0.46
2004-03-01,Germany,DE,Mindestlohn + Mindestlohn Erhöhung,0.66
2004-04-01,Germany,DE,Mindestlohn + Mindestlohn Erhöhung,0.62
2004-05-01,Germany,DE,Mindestlohn + Mindestlohn Erhöhung,0.53
2004-06-01,Germany,DE,Mindestlohn + Mindestlohn Erhöhung,0.65
2004-07-01,Germany,DE,Mindestlohn + Mindestlohn Erhöhung,0.97
2004-08-01,Germany,DE,Mindestlohn + Mindestlohn Erhöhung,1.24
2004-09-01,Germany,DE,Mindestlohn + Mindestlohn Erhöhung,1.38
2004-10-01,Germany,DE,Mindestlohn + Mindestlohn Erhöhung,1.49
2004-11-01,Germany,DE,Mindestlohn + Mindestlohn Erhöhung,1.55
2004-12-01,Germany,DE,Mindestlohn + Mindestlohn Erhöhung,1.53
2005-01-01,Germany,DE,Mindestlohn + Mindestlohn Erhöhung,1.65
2005-02-01,Germany,DE,Mindestlohn + Mindestlohn Erhöhung,1.68
2005-03-01,Germany,DE,Mindestlohn + Mindestlohn Erhöhung,1.81
2005-04-01,Germany,DE,Mindestlohn + Mindestlohn Erhöhung,2.16
2005-05-01,Germany,DE,Mindestlohn + Mindestlohn Erhöhung,2.46
2005-06-01,Germany,DE,Mindestlohn + Mindestlohn Erhöhung,2.56
2005-07-01,Germany,DE,Mindestlohn + Mindestlohn Erhöhung,2.54
2005-08-01,Germany,DE,Mindestlohn + Mindestlohn Erhöhung,2.55
2005-09-01,Germany,DE,Mindestlohn + Mindestlohn Erhöhung,2.62
2005-10-01,Germany,DE,Mindestlohn + Mindestlohn Erhöhung,2.66
2005-11-01,Germany,DE,Mindestlohn + Mindestlohn Erhöhung,2.66
2005-12-01,Germany,DE,Mindestlohn + Mindestlohn Erhöhung,2.69
2006-01-01,Germany,DE,Mindestlohn + Mindestlohn Erhöhung,2.76
2006-02-01,Germany,DE,Mindestlohn + Mindestlohn Erhöhung,2.92
2006-03-01,Germany,DE,Mindestlohn + Mindestlohn Erhöhung,2.96
2006-04-01,Germany,DE,Mindestlohn + Mindestlohn Erhöhung,2.79
2006-05-01,Germany,DE,Mindestlohn + Mindestlohn Erhöhung,2.73
2006-06-01,Germany,DE,Mindestlohn + Mindestlohn Erhöhung,2.8
2006-07-01,Germany,DE,Mindestlohn + Mindestlohn Erhöhung,2.92
2006-08-01,Germany,DE,Mindestlohn + Mindestlohn Erhöhung,3.04
2006-09-01,Germany,DE,Mindestlohn + Mindestlohn Erhöhung,3.12
2006-10-01,Germany,DE,Mindestlohn + Mindestlohn Erhöhung,3.23
2006-11-01,Germany,DE,Mindestlohn + Mindestlohn Erhöhung,3.33
2006-12-01,Germany,DE,Mindestlohn + Mindestlohn Erhöhung,3.39
2007-01-01,Germany,DE,Mindestlohn + Mindestlohn Erhöhung,3.41
2007-02-01,Germany,DE,Mindestlohn + Mindestlohn Erhöhung,3.54
2007-03-01,Germany,DE,Mindestlohn + Mindestlohn Erhöhung,3.78
2007-04-01,Germany,DE,Mindestlohn + Mindestlohn Erhöhung,4.12
2007-05-01,Germany,DE,Mindestlohn + Mindestlohn Erhöhung,4.56
2007-06-01,Germany,DE,Mindestlohn + Mindestlohn Erhöhung,5.07
2007-07-01,Germany,DE,Mindestlohn + Mindestlohn Erhöhung,5.41
2007-08-01,Germany,DE,Mindestlohn + Mindestlohn Erhöhung,5.62
2007-09-01,Germany,DE,Mindestlohn + Mindestlohn Erhöhung,5.94
2007-10-01,Germany,DE,Mindestlohn + Mindestlohn Erhöhung,6.42
2007-11-01,Germany,DE,Mindestlohn + Mindestlohn Erhöhung,7.27
2007-12-01,Germany,DE,Mindestlohn + Mindestlohn Erhöhung,8.45
2008-01-01,Germany,DE,Mindestlohn + Mindestlohn Erhöhung,9.42
2008-02-01,Germany,DE,Mindestlohn + Mindestlohn Erhöhung,9.92
2008-03-01,Germany,DE,Mindestlohn + Mindestlohn Erhöhung,10.19
2008-04-01,Germany,DE,Mindestlohn + Mindestlohn Erhöhung,10.37
2008-05-01,Germany,DE,Mindestlohn + Mindestlohn Erhöhung,10.3
2008-06-01,Germany,DE,Mindestlohn + Mindestlohn Erhöhung,10.07
2008-07-01,Germany,DE,Mindestlohn + Mindestlohn Erhöhung,9.97
2008-08-01,Germany,DE,Mindestlohn + Mindestlohn Erhöhung,9.84
2008-09-01,Germany,DE,Mindestlohn + Mindestlohn Erhöhung,9.53
2008-10-01,Germany,DE,Mindestlohn + Mindestlohn Erhöhung,9.11
2008-11-01,Germany,DE,Mindestlohn + Mindestlohn Erhöhung,8.37
2008-12-01,Germany,DE,Mindestlohn + Mindestlohn Erhöhung,7.36
2009-01-01,Germany,DE,Mindestlohn + Mindestlohn Erhöhung,6.69
2009-02-01,Germany,DE,Mindestlohn + Mindestlohn Erhöhung,6.38
2009-03-01,Germany,DE,Mindestlohn + Mindestlohn Erhöhung,6.12
2009-04-01,Germany,DE,Mindestlohn + Mindestlohn Erhöhung,5.92
2009-05-01,Germany,DE,Mindestlohn + Mindestlohn Erhöhung,5.87
2009-06-01,Germany,DE,Mindestlohn + Mindestlohn Erhöhung,5.89
2009-07-01,Germany,DE,Mindestlohn + Mindestlohn Erhöhung,5.94
2009-08-01,Germany,DE,Mindestlohn + Mindestlohn Erhöhung,6.28
2009-09-01,Germany,DE,Mindestlohn + Mindestlohn Erhöhung,6.84
2009-10-01,Germany,DE,Mindestlohn + Mindestlohn Erhöhung,7.16
2009-11-01,Germany,DE,Mindestlohn + Mindestlohn Erhöhung,7.28
2009-12-01,Germany,DE,Mindestlohn + Mindestlohn Erhöhung,7.33
2010-01-01,Germany,DE,Mindestlohn + Mindestlohn Erhöhung,7.21
2010-02-01,Germany,DE,Mindestlohn + Mindestlohn Erhöhung,7.11
2010-03-01,Germany,DE,Mindestlohn + Mindestlohn Erhöhung,7.19
2010-04-01,Germany,DE,Mindestlohn + Mindestlohn Erhöhung,7.22
2010-05-01,Germany,DE,Mindestlohn + Mindestlohn Erhöhung,7.18
2010-06-01,Germany,DE,Mindestlohn + Mindestlohn Erhöhung,7.26
2010-07-01,Germany,DE,Mindestlohn + Mindestlohn Erhöhung,7.35
2010-08-01,Germany,DE,Mindestlohn + Mindestlohn Erhöhung,7.2
2010-09-01,Germany,DE,Mindestlohn + Mindestlohn Erhöhung,6.86
2010-10-01,Germany,DE,Mindestlohn + Mindestlohn Erhöhung,6.7
2010-11-01,Germany,DE,Mindestlohn + Mindestlohn Erhöhung,6.76
2010-12-01,Germany,DE,Mindestlohn + Mindestlohn Erhöhung,6.91
2011-01-01,Germany,DE,Mindestlohn + Mindestlohn Erhöhung,7.23
2011-02-01,Germany,DE,Mindestlohn + Mindestlohn Erhöhung,7.65
2011-03-01,Germany,DE,Mindestlohn + Mindestlohn Erhöhung,7.96
2011-04-01,Germany,DE,Mindestlohn + Mindestlohn Erhöhung,8.26
2011-05-01,Germany,DE,Mindestlohn + Mindestlohn Erhöhung,8.64
2011-06-01,Germany,DE,Mindestlohn + Mindestlohn Erhöhung,8.86
2011-07-01,Germany,DE,Mindestlohn + Mindestlohn Erhöhung,8.89
2011-08-01,Germany,DE,Mindestlohn + Mindestlohn Erhöhung,8.89
2011-09-01,Germany,DE,Mindestlohn + Mindestlohn Erhöhung,8.95
2011-10-01,Germany,DE,Mindestlohn + Mindestlohn Erhöhung,9.28
2011-11-01,Germany,DE,Mindestlohn + Mindestlohn Erhöhung,9.88
2011-12-01,Germany,DE,Mindestlohn + Mindestlohn Erhöhung,10.49
2012-01-01,Germany,DE,Mindestlohn + Mindestlohn Erhöhung,10.83
2012-02-01,Germany,DE,Mindestlohn + Mindestlohn Erhöhung,10.82
2012-03-01,Germany,DE,Mindestlohn + Mindestlohn Erhöhung,10.73
2012-04-01,Germany,DE,Mindestlohn + Mindestlohn Erhöhung,10.61
2012-05-01,Germany,DE,Mindestlohn + Mindestlohn Erhöhung,10.45
2012-06-01,Germany,DE,Mindestlohn + Mindestlohn Erhöhung,10.4
2012-07-01,Germany,DE,Mindestlohn + Mindestlohn Erhöhung,10.51
2012-08-01,Germany,DE,Mindestlohn + Mindestlohn Erhöhung,10.77
2012-09-01,Germany,DE,Mindestlohn + Mindestlohn Erhöhung,10.99
2012-10-01,Germany,DE,Mindestlohn + Mindestlohn Erhöhung,10.84
2012-11-01,Germany,DE,Mindestlohn + Mindestlohn Erhöhung,10.29
2012-12-01,Germany,DE,Mindestlohn + Mindestlohn Erhöhung,9.61
2013-01-01,Germany,DE,Mindestlohn + Mindestlohn Erhöhung,9.08
2013-02-01,Germany,DE,Mindestlohn + Mindestlohn Erhöhung,9
2013-03-01,Germany,DE,Mindestlohn + Mindestlohn Erhöhung,9.36
2013-04-01,Germany,DE,Mindestlohn + Mindestlohn Erhöhung,9.96
2013-05-01,Germany,DE,Mindestlohn + Mindestlohn Erhöhung,10.6
2013-06-01,Germany,DE,Mindestlohn + Mindestlohn Erhöhung,11.08
2013-07-01,Germany,DE,Mindestlohn + Mindestlohn Erhöhung,11.57
2013-08-01,Germany,DE,Mindestlohn + Mindestlohn Erhöhung,12.46
2013-09-01,Germany,DE,Mindestlohn + Mindestlohn Erhöhung,13.69
2013-10-01,Germany,DE,Mindestlohn + Mindestlohn Erhöhung,14.97
2013-11-01,Germany,DE,Mindestlohn + Mindestlohn Erhöhung,16.16
2013-12-01,Germany,DE,Mindestlohn + Mindestlohn Erhöhung,16.76
2014-01-01,Germany,DE,Mindestlohn + Mindestlohn Erhöhung,16.75
2014-02-01,Germany,DE,Mindestlohn + Mindestlohn Erhöhung,16.79
2014-03-01,Germany,DE,Mindestlohn + Mindestlohn Erhöhung,17.24
2014-04-01,Germany,DE,Mindestlohn + Mindestlohn Erhöhung,17.97
2014-05-01,Germany,DE,Mindestlohn + Mindestlohn Erhöhung,18.92
2014-06-01,Germany,DE,Mindestlohn + Mindestlohn Erhöhung,20.43
2014-07-01,Germany,DE,Mindestlohn + Mindestlohn Erhöhung,22.16
2014-08-01,Germany,DE,Mindestlohn + Mindestlohn Erhöhung,23.16
2014-09-01,Germany,DE,Mindestlohn + Mindestlohn Erhöhung,23.85
2014-10-01,Germany,DE,Mindestlohn + Mindestlohn Erhöhung,25.11
2014-11-01,Germany,DE,Mindestlohn + Mindestlohn Erhöhung,27.38
2014-12-01,Germany,DE,Mindestlohn + Mindestlohn Erhöhung,31.85
2015-01-01,Germany,DE,Mindestlohn + Mindestlohn Erhöhung,38.14
2015-02-01,Germany,DE,Mindestlohn + Mindestlohn Erhöhung,43.34
2015-03-01,Germany,DE,Mindestlohn + Mindestlohn Erhöhung,46.34
2015-04-01,Germany,DE,Mindestlohn + Mindestlohn Erhöhung,48.03
2015-05-01,Germany,DE,Mindestlohn + Mindestlohn Erhöhung,48.99
2015-06-01,Germany,DE,Mindestlohn + Mindestlohn Erhöhung,49.17
2015-07-01,Germany,DE,Mindestlohn + Mindestlohn Erhöhung,48.82
2015-08-01,Germany,DE,Mindestlohn + Mindestlohn Erhöhung,48.67
2015-09-01,Germany,DE,Mindestlohn + Mindestlohn Erhöhung,48.41
2015-10-01,Germany,DE,Mindestlohn + Mindestlohn Erhöhung,47.3
2015-11-01,Germany,DE,Mindestlohn + Mindestlohn Erhöhung,45
2015-12-01,Germany,DE,Mindestlohn + Mindestlohn Erhöhung,40.46
2016-01-01,Germany,DE,Mindestlohn + Mindestlohn Erhöhung,34.05
2016-02-01,Germany,DE,Mindestlohn + Mindestlohn Erhöhung,28.84
2016-03-01,Germany,DE,Mindestlohn + Mindestlohn Erhöhung,25.89
2016-04-01,Germany,DE,Mindestlohn + Mindestlohn Erhöhung,24.11
2016-05-01,Germany,DE,Mindestlohn + Mindestlohn Erhöhung,23.04
2016-06-01,Germany,DE,Mindestlohn + Mindestlohn Erhöhung,22.55
2016-07-01,Germany,DE,Mindestlohn + Mindestlohn Erhöhung,22.38
2016-08-01,Germany,DE,Mindestlohn + Mindestlohn Erhöhung,22.26
2016-09-01,Germany,DE,Mindestlohn + Mindestlohn Erhöhung,22.32
2016-10-01,Germany,DE,Mindestlohn + Mindestlohn Erhöhung,22.9
2016-11-01,Germany,DE,Mindestlohn + Mindestlohn Erhöhung,24.09
2016-12-01,Germany,DE,Mindestlohn + Mindestlohn Erhöhung,26.38
2017-01-01,Germany,DE,Mindestlohn + Mindestlohn Erhöhung,29.72
2017-02-01,Germany,DE,Mindestlohn + Mindestlohn Erhöhung,32.51
2017-03-01,Germany,DE,Mindestlohn + Mindestlohn Erhöhung,34.13
2017-04-01,Germany,DE,Mindestlohn + Mindestlohn Erhöhung,35.3
2017-05-01,Germany,DE,Mindestlohn + Mindestlohn Erhöhung,36.3
2017-06-01,Germany,DE,Mindestlohn + Mindestlohn Erhöhung,37.08
2017-07-01,Germany,DE,Mindestlohn + Mindestlohn Erhöhung,37.86
2017-08-01,Germany,DE,Mindestlohn + Mindestlohn Erhöhung,38.85
2017-09-01,Germany,DE,Mindestlohn + Mindestlohn Erhöhung,39.76
2017-10-01,Germany,DE,Mindestlohn + Mindestlohn Erhöhung,40.36
2017-11-01,Germany,DE,Mindestlohn + Mindestlohn Erhöhung,40.53
2017-12-01,Germany,DE,Mindestlohn + Mindestlohn Erhöhung,39.77
2018-01-01,Germany,DE,Mindestlohn + Mindestlohn Erhöhung,38.22
2018-02-01,Germany,DE,Mindestlohn + Mindestlohn Erhöhung,37.23
2018-03-01,Germany,DE,Mindestlohn + Mindestlohn Erhöhung,37.31
2018-04-01,Germany,DE,Mindestlohn + Mindestlohn Erhöhung,37.84
2018-05-01,Germany,DE,Mindestlohn + Mindestlohn Erhöhung,38.47
2018-06-01,Germany,DE,Mindestlohn + Mindestlohn Erhöhung,39.19
2018-07-01,Germany,DE,Mindestlohn + Mindestlohn Erhöhung,39.77
2018-08-01,Germany,DE,Mindestlohn + Mindestlohn Erhöhung,40.18
2018-09-01,Germany,DE,Mindestlohn + Mindestlohn Erhöhung,40.82
2018-10-01,Germany,DE,Mindestlohn + Mindestlohn Erhöhung,41.87
2018-11-01,Germany,DE,Mindestlohn + Mindestlohn Erhöhung,43.47
2018-12-01,Germany,DE,Mindestlohn + Mindestlohn Erhöhung,46.04
2019-01-01,Germany,DE,Mindestlohn + Mindestlohn Erhöhung,49.33
2019-02-01,Germany,DE,Mindestlohn + Mindestlohn Erhöhung,52.17
2019-03-01,Germany,DE,Mindestlohn + Mindestlohn Erhöhung,54.09
2019-04-01,Germany,DE,Mindestlohn + Mindestlohn Erhöhung,55.58
2019-05-01,Germany,DE,Mindestlohn + Mindestlohn Erhöhung,56.71
2019-06-01,Germany,DE,Mindestlohn + Mindestlohn Erhöhung,57.45
2019-07-01,Germany,DE,Mindestlohn + Mindestlohn Erhöhung,58.24
2019-08-01,Germany,DE,Mindestlohn + Mindestlohn Erhöhung,59.03
2019-09-01,Germany,DE,Mindestlohn + Mindestlohn Erhöhung,59.56
2019-10-01,Germany,DE,Mindestlohn + Mindestlohn Erhöhung,59.91
2019-11-01,Germany,DE,Mindestlohn + Mindestlohn Erhöhung,60.19
2019-12-01,Germany,DE,Mindestlohn + Mindestlohn Erhöhung,60.42
2020-01-01,Germany,DE,Mindestlohn + Mindestlohn Erhöhung,60.45
2020-02-01,Germany,DE,Mindestlohn + Mindestlohn Erhöhung,60.06
2020-03-01,Germany,DE,Mindestlohn + Mindestlohn Erhöhung,59.22
2020-04-01,Germany,DE,Mindestlohn + Mindestlohn Erhöhung,58.19
2020-05-01,Germany,DE,Mindestlohn + Mindestlohn Erhöhung,57.4
2020-06-01,Germany,DE,Mindestlohn + Mindestlohn Erhöhung,57.1
2020-07-01,Germany,DE,Mindestlohn + Mindestlohn Erhöhung,57.05
2020-08-01,Germany,DE,Mindestlohn + Mindestlohn Erhöhung,56.94
2020-09-01,Germany,DE,Mindestlohn + Mindestlohn Erhöhung,56.69
2020-10-01,Germany,DE,Mindestlohn + Mindestlohn Erhöhung,56.32
2020-11-01,Germany,DE,Mindestlohn + Mindestlohn Erhöhung,55.64
2020-12-01,Germany,DE,Mindestlohn + Mindestlohn Erhöhung,54.21
2021-01-01,Germany,DE,Mindestlohn + Mindestlohn Erhöhung,52.41
2021-02-01,Germany,DE,Mindestlohn + Mindestlohn Erhöhung,51.46
2021-03-01,Germany,DE,Mindestlohn + Mindestlohn Erhöhung,51.66
2021-04-01,Germany,DE,Mindestlohn + Mindestlohn Erhöhung,52.13
2021-05-01,Germany,DE,Mindestlohn + Mindestlohn Erhöhung,52.53
2021-06-01,Germany,DE,Mindestlohn + Mindestlohn Erhöhung,53
2021-07-01,Germany,DE,Mindestlohn + Mindestlohn Erhöhung,53.41
2021-08-01,Germany,DE,Mindestlohn + Mindestlohn Erhöhung,54.11
2021-09-01,Germany,DE,Mindestlohn + Mindestlohn Erhöhung,55.49
2021-10-01,Germany,DE,Mindestlohn + Mindestlohn Erhöhung,57.36
2021-11-01,Germany,DE,Mindestlohn + Mindestlohn Erhöhung,59.91
2021-12-01,Germany,DE,Mindestlohn + Mindestlohn Erhöhung,63.65
2022-01-01,Germany,DE,Mindestlohn + Mindestlohn Erhöhung,67.98
2022-02-01,Germany,DE,Mindestlohn + Mindestlohn Erhöhung,71.7
2022-03-01,Germany,DE,Mindestlohn + Mindestlohn Erhöhung,74.63
2022-04-01,Germany,DE,Mindestlohn + Mindestlohn Erhöhung,77.65
2022-05-01,Germany,DE,Mindestlohn + Mindestlohn Erhöhung,81.24
2022-06-01,Germany,DE,Mindestlohn + Mindestlohn Erhöhung,85.06
2022-07-01,Germany,DE,Mindestlohn + Mindestlohn Erhöhung,88.74
2022-08-01,Germany,DE,Mindestlohn + Mindestlohn Erhöhung,91.99
2022-09-01,Germany,DE,Mindestlohn + Mindestlohn Erhöhung,94.43
2022-10-01,Germany,DE,Mindestlohn + Mindestlohn Erhöhung,95.56
2022-11-01,Germany,DE,Mindestlohn + Mindestlohn Erhöhung,94.8
2022-12-01,Germany,DE,Mindestlohn + Mindestlohn Erhöhung,92.05
2023-01-01,Germany,DE,Mindestlohn + Mindestlohn Erhöhung,88.56
2023-02-01,Germany,DE,Mindestlohn + Mindestlohn Erhöhung,85.95
2023-03-01,Germany,DE,Mindestlohn + Mindestlohn Erhöhung,84.52
2023-04-01,Germany,DE,Mindestlohn + Mindestlohn Erhöhung,83.43
2023-05-01,Germany,DE,Mindestlohn + Mindestlohn Erhöhung,81.81
2023-06-01,Germany,DE,Mindestlohn + Mindestlohn Erhöhung,79.44
2023-07-01,Germany,DE,Mindestlohn + Mindestlohn Erhöhung,76.68
2023-08-01,Germany,DE,Mindestlohn + Mindestlohn Erhöhung,74.06
2023-09-01,Germany,DE,Mindestlohn + Mindestlohn Erhöhung,72.03
2023-10-01,Germany,DE,Mindestlohn + Mindestlohn Erhöhung,71
2023-11-01,Germany,DE,Mindestlohn + Mindestlohn Erhöhung,71.5
2023-12-01,Germany,DE,Mindestlohn + Mindestlohn Erhöhung,73.44
2024-01-01,Germany,DE,Mindestlohn + Mindestlohn Erhöhung,75.75
2024-02-01,Germany,DE,Mindestlohn + Mindestlohn Erhöhung,77.08
2024-03-01,Germany,DE,Mindestlohn + Mindestlohn Erhöhung,77.32
2024-04-01,Germany,DE,Mindestlohn + Mindestlohn Erhöhung,77.3
2024-05-01,Germany,DE,Mindestlohn + Mindestlohn Erhöhung,77.08
2024-06-01,Germany,DE,Mindestlohn + Mindestlohn Erhöhung,76.68
2024-07-01,Germany,DE,Mindestlohn + Mindestlohn Erhöhung,76.74
2024-08-01,Germany,DE,Mindestlohn + Mindestlohn Erhöhung,77.15
2024-09-01,Germany,DE,Mindestlohn + Mindestlohn Erhöhung,77.12
2024-10-01,Germany,DE,Mindestlohn + Mindestlohn Erhöhung,77.12
2024-11-01,Germany,DE,Mindestlohn + Mindestlohn Erhöhung,77.28
2024-12-01,Germany,DE,Mindestlohn + Mindestlohn Erhöhung,77.5
2025-01-01,Germany,DE,Mindestlohn + Mindestlohn Erhöhung,78.08
2025-02-01,Germany,DE,Mindestlohn + Mindestlohn Erhöhung,79.5
2025-03-01,Germany,DE,Mindestlohn + Mindestlohn Erhöhung,81.22
2025-04-01,Germany,DE,Mindestlohn + Mindestlohn Erhöhung,82.35
2025-05-01,Germany,DE,Mindestlohn + Mindestlohn Erhöhung,83.35
2025-06-01,Germany,DE,Mindestlohn + Mindestlohn Erhöhung,85.1
2025-07-01,Germany,DE,Mindestlohn + Mindestlohn Erhöhung,86.86
2025-08-01,Germany,DE,Mindestlohn + Mindestlohn Erhöhung,88.11
2025-09-01,Germany,DE,Mindestlohn + Mindestlohn Erhöhung,89.51
2025-10-01,Germany,DE,Mindestlohn + Mindestlohn Erhöhung,91.63
2025-11-01,Germany,DE,Mindestlohn + Mindestlohn Erhöhung,94.04
2025-12-01,Germany,DE,Mindestlohn + Mindestlohn Erhöhung,96.67
2026-01-01,Germany,DE,Mindestlohn + Mindestlohn Erhöhung,99.04
2026-02-01,Germany,DE,Mindestlohn + Mindestlohn Erhöhung,100
2026-03-01,Germany,DE,Mindestlohn + Mindestlohn Erhöhung,99.83
2026-04-01,Germany,DE,Mindestlohn + Mindestlohn Erhöhung,99.6
2026-05-01,Germany,DE,Mindestlohn + Mindestlohn Erhöhung,99.35
2026-06-01,Germany,DE,Mindestlohn + Mindestlohn Erhöhung,98.59
2026-07-01,Germany,DE,Mindestlohn + Mindestlohn Erhöhung,97.79
2026-08-01,Germany,DE,Mindestlohn + Mindestlohn Erhöhung,97.19
2004-01-01,Germany,DE,Tarifverhandlung + Tariferhöhung + Tariflohn,89.19
2004-02-01,Germany,DE,Tarifverhandlung + Tariferhöhung + Tariflohn,80.19
2004-03-01,Germany,DE,Tarifverhandlung + Tariferhöhung + Tariflohn,77.19
2004-04-01,Germany,DE,Tarifverhandlung + Tariferhöhung + Tariflohn,73.82
2004-05-01,Germany,DE,Tarifverhandlung + Tariferhöhung + Tariflohn,70.4
2004-06-01,Germany,DE,Tarifverhandlung + Tariferhöhung + Tariflohn,68.68
2004-07-01,Germany,DE,Tarifverhandlung + Tariferhöhung + Tariflohn,68.02
2004-08-01,Germany,DE,Tarifverhandlung + Tariferhöhung + Tariflohn,67.85
2004-09-01,Germany,DE,Tarifverhandlung + Tariferhöhung + Tariflohn,68.43
2004-10-01,Germany,DE,Tarifverhandlung + Tariferhöhung + Tariflohn,68.86
2004-11-01,Germany,DE,Tarifverhandlung + Tariferhöhung + Tariflohn,67.94
2004-12-01,Germany,DE,Tarifverhandlung + Tariferhöhung + Tariflohn,66.76
2005-01-01,Germany,DE,Tarifverhandlung + Tariferhöhung + Tariflohn,64.52
2005-02-01,Germany,DE,Tarifverhandlung + Tariferhöhung + Tariflohn,65.13
2005-03-01,Germany,DE,Tarifverhandlung + Tariferhöhung + Tariflohn,65.42
2005-04-01,Germany,DE,Tarifverhandlung + Tariferhöhung + Tariflohn,65.95
2005-05-01,Germany,DE,Tarifverhandlung + Tariferhöhung + Tariflohn,66.76
2005-06-01,Germany,DE,Tarifverhandlung + Tariferhöhung + Tariflohn,67.59
2005-07-01,Germany,DE,Tarifverhandlung + Tariferhöhung + Tariflohn,68.46
2005-08-01,Germany,DE,Tarifverhandlung + Tariferhöhung + Tariflohn,68.77
2005-09-01,Germany,DE,Tarifverhandlung + Tariferhöhung + Tariflohn,68.23
2005-10-01,Germany,DE,Tarifverhandlung + Tariferhöhung + Tariflohn,67.38
2005-11-01,Germany,DE,Tarifverhandlung + Tariferhöhung + Tariflohn,67.63
2005-12-01,Germany,DE,Tarifverhandlung + Tariferhöhung + Tariflohn,68.46
2006-01-01,Germany,DE,Tarifverhandlung + Tariferhöhung + Tariflohn,67.76
2006-02-01,Germany,DE,Tarifverhandlung + Tariferhöhung + Tariflohn,65.22
2006-03-01,Germany,DE,Tarifverhandlung + Tariferhöhung + Tariflohn,62.33
2006-04-01,Germany,DE,Tarifverhandlung + Tariferhöhung + Tariflohn,59.94
2006-05-01,Germany,DE,Tarifverhandlung + Tariferhöhung + Tariflohn,58.39
2006-06-01,Germany,DE,Tarifverhandlung + Tariferhöhung + Tariflohn,56.03
2006-07-01,Germany,DE,Tarifverhandlung + Tariferhöhung + Tariflohn,53.14
2006-08-01,Germany,DE,Tarifverhandlung + Tariferhöhung + Tariflohn,51.43
2006-09-01,Germany,DE,Tarifverhandlung + Tariferhöhung + Tariflohn,50.33
2006-10-01,Germany,DE,Tarifverhandlung + Tariferhöhung + Tariflohn,49.49
2006-11-01,Germany,DE,Tarifverhandlung + Tariferhöhung + Tariflohn,49.09
2006-12-01,Germany,DE,Tarifverhandlung + Tariferhöhung + Tariflohn,48.98
2007-01-01,Germany,DE,Tarifverhandlung + Tariferhöhung + Tariflohn,49.33
2007-02-01,Germany,DE,Tarifverhandlung + Tariferhöhung + Tariflohn,50.1
2007-03-01,Germany,DE,Tarifverhandlung + Tariferhöhung + Tariflohn,51.85
2007-04-01,Germany,DE,Tarifverhandlung + Tariferhöhung + Tariflohn,53.98
2007-05-01,Germany,DE,Tarifverhandlung + Tariferhöhung + Tariflohn,56.64
2007-06-01,Germany,DE,Tarifverhandlung + Tariferhöhung + Tariflohn,60.3
2007-07-01,Germany,DE,Tarifverhandlung + Tariferhöhung + Tariflohn,63.51
2007-08-01,Germany,DE,Tarifverhandlung + Tariferhöhung + Tariflohn,65.02
2007-09-01,Germany,DE,Tarifverhandlung + Tariferhöhung + Tariflohn,65.45
2007-10-01,Germany,DE,Tarifverhandlung + Tariferhöhung + Tariflohn,65.75
2007-11-01,Germany,DE,Tarifverhandlung + Tariferhöhung + Tariflohn,65.77
2007-12-01,Germany,DE,Tarifverhandlung + Tariferhöhung + Tariflohn,65.55
2008-01-01,Germany,DE,Tarifverhandlung + Tariferhöhung + Tariflohn,66.24
2008-02-01,Germany,DE,Tarifverhandlung + Tariferhöhung + Tariflohn,67.16
2008-03-01,Germany,DE,Tarifverhandlung + Tariferhöhung + Tariflohn,68.17
2008-04-01,Germany,DE,Tarifverhandlung + Tariferhöhung + Tariflohn,69.13
2008-05-01,Germany,DE,Tarifverhandlung + Tariferhöhung + Tariflohn,67.81
2008-06-01,Germany,DE,Tarifverhandlung + Tariferhöhung + Tariflohn,64.89
2008-07-01,Germany,DE,Tarifverhandlung + Tariferhöhung + Tariflohn,62.37
2008-08-01,Germany,DE,Tarifverhandlung + Tariferhöhung + Tariflohn,60.32
2008-09-01,Germany,DE,Tarifverhandlung + Tariferhöhung + Tariflohn,58.98
2008-10-01,Germany,DE,Tarifverhandlung + Tariferhöhung + Tariflohn,58.45
2008-11-01,Germany,DE,Tarifverhandlung + Tariferhöhung + Tariflohn,58.08
2008-12-01,Germany,DE,Tarifverhandlung + Tariferhöhung + Tariflohn,56.66
2009-01-01,Germany,DE,Tarifverhandlung + Tariferhöhung + Tariflohn,53.72
2009-02-01,Germany,DE,Tarifverhandlung + Tariferhöhung + Tariflohn,50.28
2009-03-01,Germany,DE,Tarifverhandlung + Tariferhöhung + Tariflohn,45.89
2009-04-01,Germany,DE,Tarifverhandlung + Tariferhöhung + Tariflohn,40.17
2009-05-01,Germany,DE,Tarifverhandlung + Tariferhöhung + Tariflohn,35.79
2009-06-01,Germany,DE,Tarifverhandlung + Tariferhöhung + Tariflohn,33.4
2009-07-01,Germany,DE,Tarifverhandlung + Tariferhöhung + Tariflohn,31.62
2009-08-01,Germany,DE,Tarifverhandlung + Tariferhöhung + Tariflohn,30.48
2009-09-01,Germany,DE,Tarifverhandlung + Tariferhöhung + Tariflohn,29.74
2009-10-01,Germany,DE,Tarifverhandlung + Tariferhöhung + Tariflohn,27.87
2009-11-01,Germany,DE,Tarifverhandlung + Tariferhöhung + Tariflohn,24.99
2009-12-01,Germany,DE,Tarifverhandlung + Tariferhöhung + Tariflohn,22.69
2010-01-01,Germany,DE,Tarifverhandlung + Tariferhöhung + Tariflohn,21.2
2010-02-01,Germany,DE,Tarifverhandlung + Tariferhöhung + Tariflohn,20.16
2010-03-01,Germany,DE,Tarifverhandlung + Tariferhöhung + Tariflohn,19.62
2010-04-01,Germany,DE,Tarifverhandlung + Tariferhöhung + Tariflohn,19.82
2010-05-01,Germany,DE,Tarifverhandlung + Tariferhöhung + Tariflohn,19.82
2010-06-01,Germany,DE,Tarifverhandlung + Tariferhöhung + Tariflohn,19.03
2010-07-01,Germany,DE,Tarifverhandlung + Tariferhöhung + Tariflohn,18.28
2010-08-01,Germany,DE,Tarifverhandlung + Tariferhöhung + Tariflohn,17.72
2010-09-01,Germany,DE,Tarifverhandlung + Tariferhöhung + Tariflohn,17.13
2010-10-01,Germany,DE,Tarifverhandlung + Tariferhöhung + Tariflohn,17.32
2010-11-01,Germany,DE,Tarifverhandlung + Tariferhöhung + Tariflohn,18.51
2010-12-01,Germany,DE,Tarifverhandlung + Tariferhöhung + Tariflohn,20.74
2011-01-01,Germany,DE,Tarifverhandlung + Tariferhöhung + Tariflohn,24.1
2011-02-01,Germany,DE,Tarifverhandlung + Tariferhöhung + Tariflohn,27.7
2011-03-01,Germany,DE,Tarifverhandlung + Tariferhöhung + Tariflohn,31.03
2011-04-01,Germany,DE,Tarifverhandlung + Tariferhöhung + Tariflohn,33.69
2011-05-01,Germany,DE,Tarifverhandlung + Tariferhöhung + Tariflohn,35.87
2011-06-01,Germany,DE,Tarifverhandlung + Tariferhöhung + Tariflohn,38.03
2011-07-01,Germany,DE,Tarifverhandlung + Tariferhöhung + Tariflohn,39.99
2011-08-01,Germany,DE,Tarifverhandlung + Tariferhöhung + Tariflohn,41.56
2011-09-01,Germany,DE,Tarifverhandlung + Tariferhöhung + Tariflohn,42.69
2011-10-01,Germany,DE,Tarifverhandlung + Tariferhöhung + Tariflohn,43.67
2011-11-01,Germany,DE,Tarifverhandlung + Tariferhöhung + Tariflohn,44.65
2011-12-01,Germany,DE,Tarifverhandlung + Tariferhöhung + Tariflohn,44.63
2012-01-01,Germany,DE,Tarifverhandlung + Tariferhöhung + Tariflohn,43.07
2012-02-01,Germany,DE,Tarifverhandlung + Tariferhöhung + Tariflohn,41.22
2012-03-01,Germany,DE,Tarifverhandlung + Tariferhöhung + Tariflohn,40.57
2012-04-01,Germany,DE,Tarifverhandlung + Tariferhöhung + Tariflohn,42.06
2012-05-01,Germany,DE,Tarifverhandlung + Tariferhöhung + Tariflohn,44.86
2012-06-01,Germany,DE,Tarifverhandlung + Tariferhöhung + Tariflohn,47.06
2012-07-01,Germany,DE,Tarifverhandlung + Tariferhöhung + Tariflohn,48.09
2012-08-01,Germany,DE,Tarifverhandlung + Tariferhöhung + Tariflohn,48.8
2012-09-01,Germany,DE,Tarifverhandlung + Tariferhöhung + Tariflohn,49.62
2012-10-01,Germany,DE,Tarifverhandlung + Tariferhöhung + Tariflohn,50.11
2012-11-01,Germany,DE,Tarifverhandlung + Tariferhöhung + Tariflohn,50.27
2012-12-01,Germany,DE,Tarifverhandlung + Tariferhöhung + Tariflohn,50.74
2013-01-01,Germany,DE,Tarifverhandlung + Tariferhöhung + Tariflohn,51.79
2013-02-01,Germany,DE,Tarifverhandlung + Tariferhöhung + Tariflohn,52.5
2013-03-01,Germany,DE,Tarifverhandlung + Tariferhöhung + Tariflohn,51.92
2013-04-01,Germany,DE,Tarifverhandlung + Tariferhöhung + Tariflohn,49.97
2013-05-01,Germany,DE,Tarifverhandlung + Tariferhöhung + Tariflohn,47.4
2013-06-01,Germany,DE,Tarifverhandlung + Tariferhöhung + Tariflohn,45.82
2013-07-01,Germany,DE,Tarifverhandlung + Tariferhöhung + Tariflohn,45.52
2013-08-01,Germany,DE,Tarifverhandlung + Tariferhöhung + Tariflohn,45.36
2013-09-01,Germany,DE,Tarifverhandlung + Tariferhöhung + Tariflohn,45.19
2013-10-01,Germany,DE,Tarifverhandlung + Tariferhöhung + Tariflohn,45.2
2013-11-01,Germany,DE,Tarifverhandlung + Tariferhöhung + Tariflohn,44.89
2013-12-01,Germany,DE,Tarifverhandlung + Tariferhöhung + Tariflohn,44.27
2014-01-01,Germany,DE,Tarifverhandlung + Tariferhöhung + Tariflohn,43.58
2014-02-01,Germany,DE,Tarifverhandlung + Tariferhöhung + Tariflohn,43.15
2014-03-01,Germany,DE,Tarifverhandlung + Tariferhöhung + Tariflohn,43.4
2014-04-01,Germany,DE,Tarifverhandlung + Tariferhöhung + Tariflohn,44.06
2014-05-01,Germany,DE,Tarifverhandlung + Tariferhöhung + Tariflohn,44.21
2014-06-01,Germany,DE,Tarifverhandlung + Tariferhöhung + Tariflohn,43.53
2014-07-01,Germany,DE,Tarifverhandlung + Tariferhöhung + Tariflohn,42.52
2014-08-01,Germany,DE,Tarifverhandlung + Tariferhöhung + Tariflohn,41.48
2014-09-01,Germany,DE,Tarifverhandlung + Tariferhöhung + Tariflohn,40.41
2014-10-01,Germany,DE,Tarifverhandlung + Tariferhöhung + Tariflohn,39.54
2014-11-01,Germany,DE,Tarifverhandlung + Tariferhöhung + Tariflohn,39.12
2014-12-01,Germany,DE,Tarifverhandlung + Tariferhöhung + Tariflohn,38.89
2015-01-01,Germany,DE,Tarifverhandlung + Tariferhöhung + Tariflohn,38.92
2015-02-01,Germany,DE,Tarifverhandlung + Tariferhöhung + Tariflohn,39.6
2015-03-01,Germany,DE,Tarifverhandlung + Tariferhöhung + Tariflohn,39.57
2015-04-01,Germany,DE,Tarifverhandlung + Tariferhöhung + Tariflohn,37.65
2015-05-01,Germany,DE,Tarifverhandlung + Tariferhöhung + Tariflohn,35.5
2015-06-01,Germany,DE,Tarifverhandlung + Tariferhöhung + Tariflohn,33.99
2015-07-01,Germany,DE,Tarifverhandlung + Tariferhöhung + Tariflohn,32.44
2015-08-01,Germany,DE,Tarifverhandlung + Tariferhöhung + Tariflohn,31.08
2015-09-01,Germany,DE,Tarifverhandlung + Tariferhöhung + Tariflohn,30.03
2015-10-01,Germany,DE,Tarifverhandlung + Tariferhöhung + Tariflohn,28.98
2015-11-01,Germany,DE,Tarifverhandlung + Tariferhöhung + Tariflohn,27.75
2015-12-01,Germany,DE,Tarifverhandlung + Tariferhöhung + Tariflohn,26.38
2016-01-01,Germany,DE,Tarifverhandlung + Tariferhöhung + Tariflohn,24.35
2016-02-01,Germany,DE,Tarifverhandlung + Tariferhöhung + Tariflohn,20.89
2016-03-01,Germany,DE,Tarifverhandlung + Tariferhöhung + Tariflohn,18.26
2016-04-01,Germany,DE,Tarifverhandlung + Tariferhöhung + Tariflohn,19.03
2016-05-01,Germany,DE,Tarifverhandlung + Tariferhöhung + Tariflohn,21.3
2016-06-01,Germany,DE,Tarifverhandlung + Tariferhöhung + Tariflohn,22.63
2016-07-01,Germany,DE,Tarifverhandlung + Tariferhöhung + Tariflohn,23.26
2016-08-01,Germany,DE,Tarifverhandlung + Tariferhöhung + Tariflohn,23.78
2016-09-01,Germany,DE,Tarifverhandlung + Tariferhöhung + Tariflohn,23.73
2016-10-01,Germany,DE,Tarifverhandlung + Tariferhöhung + Tariflohn,23.18
2016-11-01,Germany,DE,Tarifverhandlung + Tariferhöhung + Tariflohn,23.2
2016-12-01,Germany,DE,Tarifverhandlung + Tariferhöhung + Tariflohn,23.74
2017-01-01,Germany,DE,Tarifverhandlung + Tariferhöhung + Tariflohn,24.46
2017-02-01,Germany,DE,Tarifverhandlung + Tariferhöhung + Tariflohn,26.1
2017-03-01,Germany,DE,Tarifverhandlung + Tariferhöhung + Tariflohn,27.06
2017-04-01,Germany,DE,Tarifverhandlung + Tariferhöhung + Tariflohn,24.87
2017-05-01,Germany,DE,Tarifverhandlung + Tariferhöhung + Tariflohn,21.28
2017-06-01,Germany,DE,Tarifverhandlung + Tariferhöhung + Tariflohn,19.08
2017-07-01,Germany,DE,Tarifverhandlung + Tariferhöhung + Tariflohn,18.15
2017-08-01,Germany,DE,Tarifverhandlung + Tariferhöhung + Tariflohn,17.38
2017-09-01,Germany,DE,Tarifverhandlung + Tariferhöhung + Tariflohn,17.18
2017-10-01,Germany,DE,Tarifverhandlung + Tariferhöhung + Tariflohn,17.59
2017-11-01,Germany,DE,Tarifverhandlung + Tariferhöhung + Tariflohn,17.44
2017-12-01,Germany,DE,Tarifverhandlung + Tariferhöhung + Tariflohn,17
2018-01-01,Germany,DE,Tarifverhandlung + Tariferhöhung + Tariflohn,17.73
2018-02-01,Germany,DE,Tarifverhandlung + Tariferhöhung + Tariflohn,18.84
2018-03-01,Germany,DE,Tarifverhandlung + Tariferhöhung + Tariflohn,20.22
2018-04-01,Germany,DE,Tarifverhandlung + Tariferhöhung + Tariflohn,23.67
2018-05-01,Germany,DE,Tarifverhandlung + Tariferhöhung + Tariflohn,27.79
2018-06-01,Germany,DE,Tarifverhandlung + Tariferhöhung + Tariflohn,30.71
2018-07-01,Germany,DE,Tarifverhandlung + Tariferhöhung + Tariflohn,32.97
2018-08-01,Germany,DE,Tarifverhandlung + Tariferhöhung + Tariflohn,35.02
2018-09-01,Germany,DE,Tarifverhandlung + Tariferhöhung + Tariflohn,36.49
2018-10-01,Germany,DE,Tarifverhandlung + Tariferhöhung + Tariflohn,37.2
2018-11-01,Germany,DE,Tarifverhandlung + Tariferhöhung + Tariflohn,37.81
2018-12-01,Germany,DE,Tarifverhandlung + Tariferhöhung + Tariflohn,38.4
2019-01-01,Germany,DE,Tarifverhandlung + Tariferhöhung + Tariflohn,38.1
2019-02-01,Germany,DE,Tarifverhandlung + Tariferhöhung + Tariflohn,37.87
2019-03-01,Germany,DE,Tarifverhandlung + Tariferhöhung + Tariflohn,38.24
2019-04-01,Germany,DE,Tarifverhandlung + Tariferhöhung + Tariflohn,37.37
2019-05-01,Germany,DE,Tarifverhandlung + Tariferhöhung + Tariflohn,35.48
2019-06-01,Germany,DE,Tarifverhandlung + Tariferhöhung + Tariflohn,33.46
2019-07-01,Germany,DE,Tarifverhandlung + Tariferhöhung + Tariflohn,31.13
2019-08-01,Germany,DE,Tarifverhandlung + Tariferhöhung + Tariflohn,28.5
2019-09-01,Germany,DE,Tarifverhandlung + Tariferhöhung + Tariflohn,25.72
2019-10-01,Germany,DE,Tarifverhandlung + Tariferhöhung + Tariflohn,23.54
2019-11-01,Germany,DE,Tarifverhandlung + Tariferhöhung + Tariflohn,22.16
2019-12-01,Germany,DE,Tarifverhandlung + Tariferhöhung + Tariflohn,20.9
2020-01-01,Germany,DE,Tarifverhandlung + Tariferhöhung + Tariflohn,19.34
2020-02-01,Germany,DE,Tarifverhandlung + Tariferhöhung + Tariflohn,16.24
2020-03-01,Germany,DE,Tarifverhandlung + Tariferhöhung + Tariflohn,11.16
2020-04-01,Germany,DE,Tarifverhandlung + Tariferhöhung + Tariflohn,6.04
2020-05-01,Germany,DE,Tarifverhandlung + Tariferhöhung + Tariflohn,2.46
2020-06-01,Germany,DE,Tarifverhandlung + Tariferhöhung + Tariflohn,0.69
2020-07-01,Germany,DE,Tarifverhandlung + Tariferhöhung + Tariflohn,0
2020-08-01,Germany,DE,Tarifverhandlung + Tariferhöhung + Tariflohn,0.3
2020-09-01,Germany,DE,Tarifverhandlung + Tariferhöhung + Tariflohn,1.99
2020-10-01,Germany,DE,Tarifverhandlung + Tariferhöhung + Tariflohn,3.44
2020-11-01,Germany,DE,Tarifverhandlung + Tariferhöhung + Tariflohn,3.23
2020-12-01,Germany,DE,Tarifverhandlung + Tariferhöhung + Tariflohn,2.19
2021-01-01,Germany,DE,Tarifverhandlung + Tariferhöhung + Tariflohn,0.96
2021-02-01,Germany,DE,Tarifverhandlung + Tariferhöhung + Tariflohn,0.71
2021-03-01,Germany,DE,Tarifverhandlung + Tariferhöhung + Tariflohn,1.89
2021-04-01,Germany,DE,Tarifverhandlung + Tariferhöhung + Tariflohn,3.55
2021-05-01,Germany,DE,Tarifverhandlung + Tariferhöhung + Tariflohn,5.08
2021-06-01,Germany,DE,Tarifverhandlung + Tariferhöhung + Tariflohn,5.96
2021-07-01,Germany,DE,Tarifverhandlung + Tariferhöhung + Tariflohn,6.55
2021-08-01,Germany,DE,Tarifverhandlung + Tariferhöhung + Tariflohn,6.58
2021-09-01,Germany,DE,Tarifverhandlung + Tariferhöhung + Tariflohn,5.5
2021-10-01,Germany,DE,Tarifverhandlung + Tariferhöhung + Tariflohn,5.17
2021-11-01,Germany,DE,Tarifverhandlung + Tariferhöhung + Tariflohn,6.38
2021-12-01,Germany,DE,Tarifverhandlung + Tariferhöhung + Tariflohn,8.09
2022-01-01,Germany,DE,Tarifverhandlung + Tariferhöhung + Tariflohn,10.08
2022-02-01,Germany,DE,Tarifverhandlung + Tariferhöhung + Tariflohn,11.25
2022-03-01,Germany,DE,Tarifverhandlung + Tariferhöhung + Tariflohn,10.62
2022-04-01,Germany,DE,Tarifverhandlung + Tariferhöhung + Tariflohn,9.63
2022-05-01,Germany,DE,Tarifverhandlung + Tariferhöhung + Tariflohn,9.88
2022-06-01,Germany,DE,Tarifverhandlung + Tariferhöhung + Tariflohn,10.96
2022-07-01,Germany,DE,Tarifverhandlung + Tariferhöhung + Tariflohn,12.02
2022-08-01,Germany,DE,Tarifverhandlung + Tariferhöhung + Tariflohn,13.95
2022-09-01,Germany,DE,Tarifverhandlung + Tariferhöhung + Tariflohn,16.74
2022-10-01,Germany,DE,Tarifverhandlung + Tariferhöhung + Tariflohn,18.69
2022-11-01,Germany,DE,Tarifverhandlung + Tariferhöhung + Tariflohn,19.33
2022-12-01,Germany,DE,Tarifverhandlung + Tariferhöhung + Tariflohn,19.98
2023-01-01,Germany,DE,Tarifverhandlung + Tariferhöhung + Tariflohn,22.89
2023-02-01,Germany,DE,Tarifverhandlung + Tariferhöhung + Tariflohn,29.88
2023-03-01,Germany,DE,Tarifverhandlung + Tariferhöhung + Tariflohn,43.65
2023-04-01,Germany,DE,Tarifverhandlung + Tariferhöhung + Tariflohn,60.21
2023-05-01,Germany,DE,Tarifverhandlung + Tariferhöhung + Tariflohn,70.81
2023-06-01,Germany,DE,Tarifverhandlung + Tariferhöhung + Tariflohn,76.35
2023-07-01,Germany,DE,Tarifverhandlung + Tariferhöhung + Tariflohn,80.27
2023-08-01,Germany,DE,Tarifverhandlung + Tariferhöhung + Tariflohn,82.52
2023-09-01,Germany,DE,Tarifverhandlung + Tariferhöhung + Tariflohn,83.83
2023-10-01,Germany,DE,Tarifverhandlung + Tariferhöhung + Tariflohn,86.07
2023-11-01,Germany,DE,Tarifverhandlung + Tariferhöhung + Tariflohn,91.41
2023-12-01,Germany,DE,Tarifverhandlung + Tariferhöhung + Tariflohn,98.22
2024-01-01,Germany,DE,Tarifverhandlung + Tariferhöhung + Tariflohn,100
2024-02-01,Germany,DE,Tarifverhandlung + Tariferhöhung + Tariflohn,95.56
2024-03-01,Germany,DE,Tarifverhandlung + Tariferhöhung + Tariflohn,84.36
2024-04-01,Germany,DE,Tarifverhandlung + Tariferhöhung + Tariflohn,70.19
2024-05-01,Germany,DE,Tarifverhandlung + Tariferhöhung + Tariflohn,61.54
2024-06-01,Germany,DE,Tarifverhandlung + Tariferhöhung + Tariflohn,57.36
2024-07-01,Germany,DE,Tarifverhandlung + Tariferhöhung + Tariflohn,53.67
2024-08-01,Germany,DE,Tarifverhandlung + Tariferhöhung + Tariflohn,49.8
2024-09-01,Germany,DE,Tarifverhandlung + Tariferhöhung + Tariflohn,46.67
2024-10-01,Germany,DE,Tarifverhandlung + Tariferhöhung + Tariflohn,44.03
2024-11-01,Germany,DE,Tarifverhandlung + Tariferhöhung + Tariflohn,39.05
2024-12-01,Germany,DE,Tarifverhandlung + Tariferhöhung + Tariflohn,32.5
2025-01-01,Germany,DE,Tarifverhandlung + Tariferhöhung + Tariflohn,29.56
2025-02-01,Germany,DE,Tarifverhandlung + Tariferhöhung + Tariflohn,30.03
2025-03-01,Germany,DE,Tarifverhandlung + Tariferhöhung + Tariflohn,31.54
2025-04-01,Germany,DE,Tarifverhandlung + Tariferhöhung + Tariflohn,32.63
2025-05-01,Germany,DE,Tarifverhandlung + Tariferhöhung + Tariflohn,32.45
2025-06-01,Germany,DE,Tarifverhandlung + Tariferhöhung + Tariflohn,32.38
2025-07-01,Germany,DE,Tarifverhandlung + Tariferhöhung + Tariflohn,35.41
2025-08-01,Germany,DE,Tarifverhandlung + Tariferhöhung + Tariflohn,41.02
2025-09-01,Germany,DE,Tarifverhandlung + Tariferhöhung + Tariflohn,43.64
2025-10-01,Germany,DE,Tarifverhandlung + Tariferhöhung + Tariflohn,42.29
2025-11-01,Germany,DE,Tarifverhandlung + Tariferhöhung + Tariflohn,40.04
2025-12-01,Germany,DE,Tarifverhandlung + Tariferhöhung + Tariflohn,38.02
2026-01-01,Germany,DE,Tarifverhandlung + Tariferhöhung + Tariflohn,36.8
2026-02-01,Germany,DE,Tarifverhandlung + Tariferhöhung + Tariflohn,35.59
2026-03-01,Germany,DE,Tarifverhandlung + Tariferhöhung + Tariflohn,33.34
2026-04-01,Germany,DE,Tarifverhandlung + Tariferhöhung + Tariflohn,30.9
2026-05-01,Germany,DE,Tarifverhandlung + Tariferhöhung + Tariflohn,29.25
2026-06-01,Germany,DE,Tarifverhandlung + Tariferhöhung + Tariflohn,27.77
2026-07-01,Germany,DE,Tarifverhandlung + Tariferhöhung + Tariflohn,23.35
2026-08-01,Germany,DE,Tarifverhandlung + Tariferhöhung + Tariflohn,16.58
2004-01-01,Spain,ES,convenio colectivo subida + subida salarial convenio,0
2004-02-01,Spain,ES,convenio colectivo subida + subida salarial convenio,0
2004-03-01,Spain,ES,convenio colectivo subida + subida salarial convenio,0
2004-04-01,Spain,ES,convenio colectivo subida + subida salarial convenio,1.07
2004-05-01,Spain,ES,convenio colectivo subida + subida salarial convenio,2.25
2004-06-01,Spain,ES,convenio colectivo subida + subida salarial convenio,3.25
2004-07-01,Spain,ES,convenio colectivo subida + subida salarial convenio,4.05
2004-08-01,Spain,ES,convenio colectivo subida + subida salarial convenio,4.75
2004-09-01,Spain,ES,convenio colectivo subida + subida salarial convenio,5.37
2004-10-01,Spain,ES,convenio colectivo subida + subida salarial convenio,5.94
2004-11-01,Spain,ES,convenio colectivo subida + subida salarial convenio,6.44
2004-12-01,Spain,ES,convenio colectivo subida + subida salarial convenio,5.9
2005-01-01,Spain,ES,convenio colectivo subida + subida salarial convenio,5.9
2005-02-01,Spain,ES,convenio colectivo subida + subida salarial convenio,5.9
2005-03-01,Spain,ES,convenio colectivo subida + subida salarial convenio,5.9
2005-04-01,Spain,ES,convenio colectivo subida + subida salarial convenio,5.95
2005-05-01,Spain,ES,convenio colectivo subida + subida salarial convenio,6.04
2005-06-01,Spain,ES,convenio colectivo subida + subida salarial convenio,6.15
2005-07-01,Spain,ES,convenio colectivo subida + subida salarial convenio,6.25
2005-08-01,Spain,ES,convenio colectivo subida + subida salarial convenio,6.35
2005-09-01,Spain,ES,convenio colectivo subida + subida salarial convenio,6.45
2005-10-01,Spain,ES,convenio colectivo subida + subida salarial convenio,6.54
2005-11-01,Spain,ES,convenio colectivo subida + subida salarial convenio,6.63
2005-12-01,Spain,ES,convenio colectivo subida + subida salarial convenio,6.63
2006-01-01,Spain,ES,convenio colectivo subida + subida salarial convenio,6.63
2006-02-01,Spain,ES,convenio colectivo subida + subida salarial convenio,8.73
2006-03-01,Spain,ES,convenio colectivo subida + subida salarial convenio,10.55
2006-04-01,Spain,ES,convenio colectivo subida + subida salarial convenio,10.66
2006-05-01,Spain,ES,convenio colectivo subida + subida salarial convenio,10.86
2006-06-01,Spain,ES,convenio colectivo subida + subida salarial convenio,11.09
2006-07-01,Spain,ES,convenio colectivo subida + subida salarial convenio,11.32
2006-08-01,Spain,ES,convenio colectivo subida + subida salarial convenio,11.55
2006-09-01,Spain,ES,convenio colectivo subida + subida salarial convenio,11.77
2006-10-01,Spain,ES,convenio colectivo subida + subida salarial convenio,11.98
2006-11-01,Spain,ES,convenio colectivo subida + subida salarial convenio,12.19
2006-12-01,Spain,ES,convenio colectivo subida + subida salarial convenio,15.14
2007-01-01,Spain,ES,convenio colectivo subida + subida salarial convenio,18.08
2007-02-01,Spain,ES,convenio colectivo subida + subida salarial convenio,15.98
2007-03-01,Spain,ES,convenio colectivo subida + subida salarial convenio,14.17
2007-04-01,Spain,ES,convenio colectivo subida + subida salarial convenio,14.41
2007-05-01,Spain,ES,convenio colectivo subida + subida salarial convenio,14.85
2007-06-01,Spain,ES,convenio colectivo subida + subida salarial convenio,15.33
2007-07-01,Spain,ES,convenio colectivo subida + subida salarial convenio,15.79
2007-08-01,Spain,ES,convenio colectivo subida + subida salarial convenio,16.21
2007-09-01,Spain,ES,convenio colectivo subida + subida salarial convenio,16.6
2007-10-01,Spain,ES,convenio colectivo subida + subida salarial convenio,16.95
2007-11-01,Spain,ES,convenio colectivo subida + subida salarial convenio,17.25
2007-12-01,Spain,ES,convenio colectivo subida + subida salarial convenio,16.86
2008-01-01,Spain,ES,convenio colectivo subida + subida salarial convenio,18.6
2008-02-01,Spain,ES,convenio colectivo subida + subida salarial convenio,23.9
2008-03-01,Spain,ES,convenio colectivo subida + subida salarial convenio,28.23
2008-04-01,Spain,ES,convenio colectivo subida + subida salarial convenio,30.63
2008-05-01,Spain,ES,convenio colectivo subida + subida salarial convenio,31.37
2008-06-01,Spain,ES,convenio colectivo subida + subida salarial convenio,31.5
2008-07-01,Spain,ES,convenio colectivo subida + subida salarial convenio,31.61
2008-08-01,Spain,ES,convenio colectivo subida + subida salarial convenio,31.69
2008-09-01,Spain,ES,convenio colectivo subida + subida salarial convenio,31.74
2008-10-01,Spain,ES,convenio colectivo subida + subida salarial convenio,31.77
2008-11-01,Spain,ES,convenio colectivo subida + subida salarial convenio,31.7
2008-12-01,Spain,ES,convenio colectivo subida + subida salarial convenio,29.99
2009-01-01,Spain,ES,convenio colectivo subida + subida salarial convenio,26.29
2009-02-01,Spain,ES,convenio colectivo subida + subida salarial convenio,22.87
2009-03-01,Spain,ES,convenio colectivo subida + subida salarial convenio,20.11
2009-04-01,Spain,ES,convenio colectivo subida + subida salarial convenio,18
2009-05-01,Spain,ES,convenio colectivo subida + subida salarial convenio,17.2
2009-06-01,Spain,ES,convenio colectivo subida + subida salarial convenio,16.97
2009-07-01,Spain,ES,convenio colectivo subida + subida salarial convenio,16.78
2009-08-01,Spain,ES,convenio colectivo subida + subida salarial convenio,16.62
2009-09-01,Spain,ES,convenio colectivo subida + subida salarial convenio,16.44
2009-10-01,Spain,ES,convenio colectivo subida + subida salarial convenio,16.23
2009-11-01,Spain,ES,convenio colectivo subida + subida salarial convenio,16.6
2009-12-01,Spain,ES,convenio colectivo subida + subida salarial convenio,17.58
2010-01-01,Spain,ES,convenio colectivo subida + subida salarial convenio,16.93
2010-02-01,Spain,ES,convenio colectivo subida + subida salarial convenio,15.06
2010-03-01,Spain,ES,convenio colectivo subida + subida salarial convenio,13.94
2010-04-01,Spain,ES,convenio colectivo subida + subida salarial convenio,13.77
2010-05-01,Spain,ES,convenio colectivo subida + subida salarial convenio,13.41
2010-06-01,Spain,ES,convenio colectivo subida + subida salarial convenio,12.95
2010-07-01,Spain,ES,convenio colectivo subida + subida salarial convenio,12.52
2010-08-01,Spain,ES,convenio colectivo subida + subida salarial convenio,12.13
2010-09-01,Spain,ES,convenio colectivo subida + subida salarial convenio,11.8
2010-10-01,Spain,ES,convenio colectivo subida + subida salarial convenio,11.52
2010-11-01,Spain,ES,convenio colectivo subida + subida salarial convenio,10.64
2010-12-01,Spain,ES,convenio colectivo subida + subida salarial convenio,9.57
2011-01-01,Spain,ES,convenio colectivo subida + subida salarial convenio,10.45
2011-02-01,Spain,ES,convenio colectivo subida + subida salarial convenio,12.33
2011-03-01,Spain,ES,convenio colectivo subida + subida salarial convenio,14.09
2011-04-01,Spain,ES,convenio colectivo subida + subida salarial convenio,15.31
2011-05-01,Spain,ES,convenio colectivo subida + subida salarial convenio,16.26
2011-06-01,Spain,ES,convenio colectivo subida + subida salarial convenio,17.16
2011-07-01,Spain,ES,convenio colectivo subida + subida salarial convenio,17.38
2011-08-01,Spain,ES,convenio colectivo subida + subida salarial convenio,16.93
2011-09-01,Spain,ES,convenio colectivo subida + subida salarial convenio,16.57
2011-10-01,Spain,ES,convenio colectivo subida + subida salarial convenio,16.29
2011-11-01,Spain,ES,convenio colectivo subida + subida salarial convenio,16.14
2011-12-01,Spain,ES,convenio colectivo subida + subida salarial convenio,16.36
2012-01-01,Spain,ES,convenio colectivo subida + subida salarial convenio,16.29
2012-02-01,Spain,ES,convenio colectivo subida + subida salarial convenio,15.04
2012-03-01,Spain,ES,convenio colectivo subida + subida salarial convenio,12.92
2012-04-01,Spain,ES,convenio colectivo subida + subida salarial convenio,11.08
2012-05-01,Spain,ES,convenio colectivo subida + subida salarial convenio,9.71
2012-06-01,Spain,ES,convenio colectivo subida + subida salarial convenio,8.34
2012-07-01,Spain,ES,convenio colectivo subida + subida salarial convenio,8.15
2012-08-01,Spain,ES,convenio colectivo subida + subida salarial convenio,9.14
2012-09-01,Spain,ES,convenio colectivo subida + subida salarial convenio,9.49
2012-10-01,Spain,ES,convenio colectivo subida + subida salarial convenio,9.2
2012-11-01,Spain,ES,convenio colectivo subida + subida salarial convenio,9.02
2012-12-01,Spain,ES,convenio colectivo subida + subida salarial convenio,8.51
2013-01-01,Spain,ES,convenio colectivo subida + subida salarial convenio,7.7
2013-02-01,Spain,ES,convenio colectivo subida + subida salarial convenio,7.51
2013-03-01,Spain,ES,convenio colectivo subida + subida salarial convenio,7.72
2013-04-01,Spain,ES,convenio colectivo subida + subida salarial convenio,7.74
2013-05-01,Spain,ES,convenio colectivo subida + subida salarial convenio,7.66
2013-06-01,Spain,ES,convenio colectivo subida + subida salarial convenio,7.65
2013-07-01,Spain,ES,convenio colectivo subida + subida salarial convenio,7.04
2013-08-01,Spain,ES,convenio colectivo subida + subida salarial convenio,5.75
2013-09-01,Spain,ES,convenio colectivo subida + subida salarial convenio,5.31
2013-10-01,Spain,ES,convenio colectivo subida + subida salarial convenio,5.66
2013-11-01,Spain,ES,convenio colectivo subida + subida salarial convenio,5.66
2013-12-01,Spain,ES,convenio colectivo subida + subida salarial convenio,5.61
2014-01-01,Spain,ES,convenio colectivo subida + subida salarial convenio,5.32
2014-02-01,Spain,ES,convenio colectivo subida + subida salarial convenio,4.87
2014-03-01,Spain,ES,convenio colectivo subida + subida salarial convenio,4.89
2014-04-01,Spain,ES,convenio colectivo subida + subida salarial convenio,5.13
2014-05-01,Spain,ES,convenio colectivo subida + subida salarial convenio,5
2014-06-01,Spain,ES,convenio colectivo subida + subida salarial convenio,5.06
2014-07-01,Spain,ES,convenio colectivo subida + subida salarial convenio,5.33
2014-08-01,Spain,ES,convenio colectivo subida + subida salarial convenio,5.59
2014-09-01,Spain,ES,convenio colectivo subida + subida salarial convenio,5.28
2014-10-01,Spain,ES,convenio colectivo subida + subida salarial convenio,4.41
2014-11-01,Spain,ES,convenio colectivo subida + subida salarial convenio,3.82
2014-12-01,Spain,ES,convenio colectivo subida + subida salarial convenio,3.65
2015-01-01,Spain,ES,convenio colectivo subida + subida salarial convenio,4.35
2015-02-01,Spain,ES,convenio colectivo subida + subida salarial convenio,5.78
2015-03-01,Spain,ES,convenio colectivo subida + subida salarial convenio,6.99
2015-04-01,Spain,ES,convenio colectivo subida + subida salarial convenio,7.82
2015-05-01,Spain,ES,convenio colectivo subida + subida salarial convenio,8.92
2015-06-01,Spain,ES,convenio colectivo subida + subida salarial convenio,9.54
2015-07-01,Spain,ES,convenio colectivo subida + subida salarial convenio,9.77
2015-08-01,Spain,ES,convenio colectivo subida + subida salarial convenio,10.03
2015-09-01,Spain,ES,convenio colectivo subida + subida salarial convenio,10.66
2015-10-01,Spain,ES,convenio colectivo subida + subida salarial convenio,12.49
2015-11-01,Spain,ES,convenio colectivo subida + subida salarial convenio,14.96
2015-12-01,Spain,ES,convenio colectivo subida + subida salarial convenio,16.63
2016-01-01,Spain,ES,convenio colectivo subida + subida salarial convenio,17.08
2016-02-01,Spain,ES,convenio colectivo subida + subida salarial convenio,16.77
2016-03-01,Spain,ES,convenio colectivo subida + subida salarial convenio,16.25
2016-04-01,Spain,ES,convenio colectivo subida + subida salarial convenio,16
2016-05-01,Spain,ES,convenio colectivo subida + subida salarial convenio,15.95
2016-06-01,Spain,ES,convenio colectivo subida + subida salarial convenio,15.81
2016-07-01,Spain,ES,convenio colectivo subida + subida salarial convenio,15.72
2016-08-01,Spain,ES,convenio colectivo subida + subida salarial convenio,16.41
2016-09-01,Spain,ES,convenio colectivo subida + subida salarial convenio,17.75
2016-10-01,Spain,ES,convenio colectivo subida + subida salarial convenio,17.93
2016-11-01,Spain,ES,convenio colectivo subida + subida salarial convenio,16.79
2016-12-01,Spain,ES,convenio colectivo subida + subida salarial convenio,16.54
2017-01-01,Spain,ES,convenio colectivo subida + subida salarial convenio,17.47
2017-02-01,Spain,ES,convenio colectivo subida + subida salarial convenio,18.38
2017-03-01,Spain,ES,convenio colectivo subida + subida salarial convenio,19.83
2017-04-01,Spain,ES,convenio colectivo subida + subida salarial convenio,21.6
2017-05-01,Spain,ES,convenio colectivo subida + subida salarial convenio,22.94
2017-06-01,Spain,ES,convenio colectivo subida + subida salarial convenio,24.58
2017-07-01,Spain,ES,convenio colectivo subida + subida salarial convenio,26.4
2017-08-01,Spain,ES,convenio colectivo subida + subida salarial convenio,27.54
2017-09-01,Spain,ES,convenio colectivo subida + subida salarial convenio,28
2017-10-01,Spain,ES,convenio colectivo subida + subida salarial convenio,28.59
2017-11-01,Spain,ES,convenio colectivo subida + subida salarial convenio,30.02
2017-12-01,Spain,ES,convenio colectivo subida + subida salarial convenio,31.37
2018-01-01,Spain,ES,convenio colectivo subida + subida salarial convenio,32.15
2018-02-01,Spain,ES,convenio colectivo subida + subida salarial convenio,33.19
2018-03-01,Spain,ES,convenio colectivo subida + subida salarial convenio,33.92
2018-04-01,Spain,ES,convenio colectivo subida + subida salarial convenio,34.13
2018-05-01,Spain,ES,convenio colectivo subida + subida salarial convenio,34.98
2018-06-01,Spain,ES,convenio colectivo subida + subida salarial convenio,36.82
2018-07-01,Spain,ES,convenio colectivo subida + subida salarial convenio,38.75
2018-08-01,Spain,ES,convenio colectivo subida + subida salarial convenio,39.87
2018-09-01,Spain,ES,convenio colectivo subida + subida salarial convenio,40.35
2018-10-01,Spain,ES,convenio colectivo subida + subida salarial convenio,40.87
2018-11-01,Spain,ES,convenio colectivo subida + subida salarial convenio,41.47
2018-12-01,Spain,ES,convenio colectivo subida + subida salarial convenio,42.27
2019-01-01,Spain,ES,convenio colectivo subida + subida salarial convenio,43.23
2019-02-01,Spain,ES,convenio colectivo subida + subida salarial convenio,43.58
2019-03-01,Spain,ES,convenio colectivo subida + subida salarial convenio,43.57
2019-04-01,Spain,ES,convenio colectivo subida + subida salarial convenio,43.75
2019-05-01,Spain,ES,convenio colectivo subida + subida salarial convenio,43.33
2019-06-01,Spain,ES,convenio colectivo subida + subida salarial convenio,41.64
2019-07-01,Spain,ES,convenio colectivo subida + subida salarial convenio,39.91
2019-08-01,Spain,ES,convenio colectivo subida + subida salarial convenio,39
2019-09-01,Spain,ES,convenio colectivo subida + subida salarial convenio,38.47
2019-10-01,Spain,ES,convenio colectivo subida + subida salarial convenio,38.2
2019-11-01,Spain,ES,convenio colectivo subida + subida salarial convenio,37.48
2019-12-01,Spain,ES,convenio colectivo subida + subida salarial convenio,36.27
2020-01-01,Spain,ES,convenio colectivo subida + subida salarial convenio,35.57
2020-02-01,Spain,ES,convenio colectivo subida + subida salarial convenio,34.92
2020-03-01,Spain,ES,convenio colectivo subida + subida salarial convenio,33.74
2020-04-01,Spain,ES,convenio colectivo subida + subida salarial convenio,32.18
2020-05-01,Spain,ES,convenio colectivo subida + subida salarial convenio,30.44
2020-06-01,Spain,ES,convenio colectivo subida + subida salarial convenio,28.95
2020-07-01,Spain,ES,convenio colectivo subida + subida salarial convenio,27.62
2020-08-01,Spain,ES,convenio colectivo subida + subida salarial convenio,26.7
2020-09-01,Spain,ES,convenio colectivo subida + subida salarial convenio,25.88
2020-10-01,Spain,ES,convenio colectivo subida + subida salarial convenio,24.6
2020-11-01,Spain,ES,convenio colectivo subida + subida salarial convenio,23.94
2020-12-01,Spain,ES,convenio colectivo subida + subida salarial convenio,22.67
2021-01-01,Spain,ES,convenio colectivo subida + subida salarial convenio,19.52
2021-02-01,Spain,ES,convenio colectivo subida + subida salarial convenio,16.74
2021-03-01,Spain,ES,convenio colectivo subida + subida salarial convenio,16.1
2021-04-01,Spain,ES,convenio colectivo subida + subida salarial convenio,16.39
2021-05-01,Spain,ES,convenio colectivo subida + subida salarial convenio,17.67
2021-06-01,Spain,ES,convenio colectivo subida + subida salarial convenio,19.21
2021-07-01,Spain,ES,convenio colectivo subida + subida salarial convenio,20.17
2021-08-01,Spain,ES,convenio colectivo subida + subida salarial convenio,21.15
2021-09-01,Spain,ES,convenio colectivo subida + subida salarial convenio,22.74
2021-10-01,Spain,ES,convenio colectivo subida + subida salarial convenio,24.27
2021-11-01,Spain,ES,convenio colectivo subida + subida salarial convenio,24.69
2021-12-01,Spain,ES,convenio colectivo subida + subida salarial convenio,26.02
2022-01-01,Spain,ES,convenio colectivo subida + subida salarial convenio,30.18
2022-02-01,Spain,ES,convenio colectivo subida + subida salarial convenio,36.14
2022-03-01,Spain,ES,convenio colectivo subida + subida salarial convenio,41.61
2022-04-01,Spain,ES,convenio colectivo subida + subida salarial convenio,46.09
2022-05-01,Spain,ES,convenio colectivo subida + subida salarial convenio,49.27
2022-06-01,Spain,ES,convenio colectivo subida + subida salarial convenio,52.61
2022-07-01,Spain,ES,convenio colectivo subida + subida salarial convenio,57.23
2022-08-01,Spain,ES,convenio colectivo subida + subida salarial convenio,61.69
2022-09-01,Spain,ES,convenio colectivo subida + subida salarial convenio,65.5
2022-10-01,Spain,ES,convenio colectivo subida + subida salarial convenio,70.46
2022-11-01,Spain,ES,convenio colectivo subida + subida salarial convenio,77.18
2022-12-01,Spain,ES,convenio colectivo subida + subida salarial convenio,83.91
2023-01-01,Spain,ES,convenio colectivo subida + subida salarial convenio,88.63
2023-02-01,Spain,ES,convenio colectivo subida + subida salarial convenio,90.83
2023-03-01,Spain,ES,convenio colectivo subida + subida salarial convenio,91.52
2023-04-01,Spain,ES,convenio colectivo subida + subida salarial convenio,93.05
2023-05-01,Spain,ES,convenio colectivo subida + subida salarial convenio,96.58
2023-06-01,Spain,ES,convenio colectivo subida + subida salarial convenio,99.57
2023-07-01,Spain,ES,convenio colectivo subida + subida salarial convenio,100
2023-08-01,Spain,ES,convenio colectivo subida + subida salarial convenio,99.16
2023-09-01,Spain,ES,convenio colectivo subida + subida salarial convenio,98.7
2023-10-01,Spain,ES,convenio colectivo subida + subida salarial convenio,98.17
2023-11-01,Spain,ES,convenio colectivo subida + subida salarial convenio,96.04
2023-12-01,Spain,ES,convenio colectivo subida + subida salarial convenio,94.17
2024-01-01,Spain,ES,convenio colectivo subida + subida salarial convenio,94.26
2024-02-01,Spain,ES,convenio colectivo subida + subida salarial convenio,94.11
2024-03-01,Spain,ES,convenio colectivo subida + subida salarial convenio,92.97
2024-04-01,Spain,ES,convenio colectivo subida + subida salarial convenio,90.69
2024-05-01,Spain,ES,convenio colectivo subida + subida salarial convenio,86.05
2024-06-01,Spain,ES,convenio colectivo subida + subida salarial convenio,81.39
2024-07-01,Spain,ES,convenio colectivo subida + subida salarial convenio,79.11
2024-08-01,Spain,ES,convenio colectivo subida + subida salarial convenio,78.66
2024-09-01,Spain,ES,convenio colectivo subida + subida salarial convenio,78.11
2024-10-01,Spain,ES,convenio colectivo subida + subida salarial convenio,76.3
2024-11-01,Spain,ES,convenio colectivo subida + subida salarial convenio,74.31
2024-12-01,Spain,ES,convenio colectivo subida + subida salarial convenio,72.18
2025-01-01,Spain,ES,convenio colectivo subida + subida salarial convenio,68.91
2025-02-01,Spain,ES,convenio colectivo subida + subida salarial convenio,66.38
2025-03-01,Spain,ES,convenio colectivo subida + subida salarial convenio,65.78
2025-04-01,Spain,ES,convenio colectivo subida + subida salarial convenio,66.45
2025-05-01,Spain,ES,convenio colectivo subida + subida salarial convenio,68.39
2025-06-01,Spain,ES,convenio colectivo subida + subida salarial convenio,70.94
2025-07-01,Spain,ES,convenio colectivo subida + subida salarial convenio,73.48
2025-08-01,Spain,ES,convenio colectivo subida + subida salarial convenio,75.41
2025-09-01,Spain,ES,convenio colectivo subida + subida salarial convenio,76.05
2025-10-01,Spain,ES,convenio colectivo subida + subida salarial convenio,77.28
2025-11-01,Spain,ES,convenio colectivo subida + subida salarial convenio,80.89
2025-12-01,Spain,ES,convenio colectivo subida + subida salarial convenio,84.43
2026-01-01,Spain,ES,convenio colectivo subida + subida salarial convenio,86.15
2026-02-01,Spain,ES,convenio colectivo subida + subida salarial convenio,87.95
2026-03-01,Spain,ES,convenio colectivo subida + subida salarial convenio,89.8
2026-04-01,Spain,ES,convenio colectivo subida + subida salarial convenio,90.45
2026-05-01,Spain,ES,convenio colectivo subida + subida salarial convenio,90.51
2026-06-01,Spain,ES,convenio colectivo subida + subida salarial convenio,89.96
2026-07-01,Spain,ES,convenio colectivo subida + subida salarial convenio,88.16
2026-08-01,Spain,ES,convenio colectivo subida + subida salarial convenio,85.73
2004-01-01,Spain,ES,revisión salarial + revalorización salarial,1.04
2004-02-01,Spain,ES,revisión salarial + revalorización salarial,0.39
2004-03-01,Spain,ES,revisión salarial + revalorización salarial,0.17
2004-04-01,Spain,ES,revisión salarial + revalorización salarial,0.06
2004-05-01,Spain,ES,revisión salarial + revalorización salarial,0
2004-06-01,Spain,ES,revisión salarial + revalorización salarial,16.43
2004-07-01,Spain,ES,revisión salarial + revalorización salarial,27.16
2004-08-01,Spain,ES,revisión salarial + revalorización salarial,29.8
2004-09-01,Spain,ES,revisión salarial + revalorización salarial,30.75
2004-10-01,Spain,ES,revisión salarial + revalorización salarial,31.63
2004-11-01,Spain,ES,revisión salarial + revalorización salarial,33.6
2004-12-01,Spain,ES,revisión salarial + revalorización salarial,34.6
2005-01-01,Spain,ES,revisión salarial + revalorización salarial,34.53
2005-02-01,Spain,ES,revisión salarial + revalorización salarial,36.25
2005-03-01,Spain,ES,revisión salarial + revalorización salarial,48.6
2005-04-01,Spain,ES,revisión salarial + revalorización salarial,69.52
2005-05-01,Spain,ES,revisión salarial + revalorización salarial,84.46
2005-06-01,Spain,ES,revisión salarial + revalorización salarial,80.07
2005-07-01,Spain,ES,revisión salarial + revalorización salarial,74.68
2005-08-01,Spain,ES,revisión salarial + revalorización salarial,74.57
2005-09-01,Spain,ES,revisión salarial + revalorización salarial,74.42
2005-10-01,Spain,ES,revisión salarial + revalorización salarial,74.22
2005-11-01,Spain,ES,revisión salarial + revalorización salarial,74.02
2005-12-01,Spain,ES,revisión salarial + revalorización salarial,77.76
2006-01-01,Spain,ES,revisión salarial + revalorización salarial,89.38
2006-02-01,Spain,ES,revisión salarial + revalorización salarial,100
2006-03-01,Spain,ES,revisión salarial + revalorización salarial,94.55
2006-04-01,Spain,ES,revisión salarial + revalorización salarial,75.27
2006-05-01,Spain,ES,revisión salarial + revalorización salarial,64.02
2006-06-01,Spain,ES,revisión salarial + revalorización salarial,66.23
2006-07-01,Spain,ES,revisión salarial + revalorización salarial,68.85
2006-08-01,Spain,ES,revisión salarial + revalorización salarial,71.04
2006-09-01,Spain,ES,revisión salarial + revalorización salarial,76.99
2006-10-01,Spain,ES,revisión salarial + revalorización salarial,82.04
2006-11-01,Spain,ES,revisión salarial + revalorización salarial,83.22
2006-12-01,Spain,ES,revisión salarial + revalorización salarial,78.97
2007-01-01,Spain,ES,revisión salarial + revalorización salarial,69.62
2007-02-01,Spain,ES,revisión salarial + revalorización salarial,61.5
2007-03-01,Spain,ES,revisión salarial + revalorización salarial,60.43
2007-04-01,Spain,ES,revisión salarial + revalorización salarial,64.46
2007-05-01,Spain,ES,revisión salarial + revalorización salarial,66.15
2007-06-01,Spain,ES,revisión salarial + revalorización salarial,67.35
2007-07-01,Spain,ES,revisión salarial + revalorización salarial,71.35
2007-08-01,Spain,ES,revisión salarial + revalorización salarial,72.15
2007-09-01,Spain,ES,revisión salarial + revalorización salarial,68.69
2007-10-01,Spain,ES,revisión salarial + revalorización salarial,66.52
2007-11-01,Spain,ES,revisión salarial + revalorización salarial,67.61
2007-12-01,Spain,ES,revisión salarial + revalorización salarial,71.41
2008-01-01,Spain,ES,revisión salarial + revalorización salarial,77.19
2008-02-01,Spain,ES,revisión salarial + revalorización salarial,80.17
2008-03-01,Spain,ES,revisión salarial + revalorización salarial,80.22
2008-04-01,Spain,ES,revisión salarial + revalorización salarial,81.41
2008-05-01,Spain,ES,revisión salarial + revalorización salarial,83.21
2008-06-01,Spain,ES,revisión salarial + revalorización salarial,81.4
2008-07-01,Spain,ES,revisión salarial + revalorización salarial,77.58
2008-08-01,Spain,ES,revisión salarial + revalorización salarial,76.63
2008-09-01,Spain,ES,revisión salarial + revalorización salarial,76.71
2008-10-01,Spain,ES,revisión salarial + revalorización salarial,76.68
2008-11-01,Spain,ES,revisión salarial + revalorización salarial,76.14
2008-12-01,Spain,ES,revisión salarial + revalorización salarial,74.07
2009-01-01,Spain,ES,revisión salarial + revalorización salarial,70.67
2009-02-01,Spain,ES,revisión salarial + revalorización salarial,67.78
2009-03-01,Spain,ES,revisión salarial + revalorización salarial,65.72
2009-04-01,Spain,ES,revisión salarial + revalorización salarial,61.72
2009-05-01,Spain,ES,revisión salarial + revalorización salarial,57.23
2009-06-01,Spain,ES,revisión salarial + revalorización salarial,55
2009-07-01,Spain,ES,revisión salarial + revalorización salarial,52.8
2009-08-01,Spain,ES,revisión salarial + revalorización salarial,49.18
2009-09-01,Spain,ES,revisión salarial + revalorización salarial,45.52
2009-10-01,Spain,ES,revisión salarial + revalorización salarial,41.15
2009-11-01,Spain,ES,revisión salarial + revalorización salarial,37.23
2009-12-01,Spain,ES,revisión salarial + revalorización salarial,34.75
2010-01-01,Spain,ES,revisión salarial + revalorización salarial,31.45
2010-02-01,Spain,ES,revisión salarial + revalorización salarial,27.32
2010-03-01,Spain,ES,revisión salarial + revalorización salarial,24.78
2010-04-01,Spain,ES,revisión salarial + revalorización salarial,23.83
2010-05-01,Spain,ES,revisión salarial + revalorización salarial,22.12
2010-06-01,Spain,ES,revisión salarial + revalorización salarial,20.12
2010-07-01,Spain,ES,revisión salarial + revalorización salarial,19.3
2010-08-01,Spain,ES,revisión salarial + revalorización salarial,19.67
2010-09-01,Spain,ES,revisión salarial + revalorización salarial,21.48
2010-10-01,Spain,ES,revisión salarial + revalorización salarial,23.48
2010-11-01,Spain,ES,revisión salarial + revalorización salarial,24.67
2010-12-01,Spain,ES,revisión salarial + revalorización salarial,25.97
2011-01-01,Spain,ES,revisión salarial + revalorización salarial,29.55
2011-02-01,Spain,ES,revisión salarial + revalorización salarial,34.86
2011-03-01,Spain,ES,revisión salarial + revalorización salarial,37.42
2011-04-01,Spain,ES,revisión salarial + revalorización salarial,38.27
2011-05-01,Spain,ES,revisión salarial + revalorización salarial,40.69
2011-06-01,Spain,ES,revisión salarial + revalorización salarial,42.92
2011-07-01,Spain,ES,revisión salarial + revalorización salarial,44.04
2011-08-01,Spain,ES,revisión salarial + revalorización salarial,44.48
2011-09-01,Spain,ES,revisión salarial + revalorización salarial,43.61
2011-10-01,Spain,ES,revisión salarial + revalorización salarial,42.85
2011-11-01,Spain,ES,revisión salarial + revalorización salarial,42.04
2011-12-01,Spain,ES,revisión salarial + revalorización salarial,39.78
2012-01-01,Spain,ES,revisión salarial + revalorización salarial,35.53
2012-02-01,Spain,ES,revisión salarial + revalorización salarial,30.36
2012-03-01,Spain,ES,revisión salarial + revalorización salarial,28.16
2012-04-01,Spain,ES,revisión salarial + revalorización salarial,28.25
2012-05-01,Spain,ES,revisión salarial + revalorización salarial,27.31
2012-06-01,Spain,ES,revisión salarial + revalorización salarial,25.35
2012-07-01,Spain,ES,revisión salarial + revalorización salarial,23.16
2012-08-01,Spain,ES,revisión salarial + revalorización salarial,21.3
2012-09-01,Spain,ES,revisión salarial + revalorización salarial,19.99
2012-10-01,Spain,ES,revisión salarial + revalorización salarial,18.65
2012-11-01,Spain,ES,revisión salarial + revalorización salarial,17.91
2012-12-01,Spain,ES,revisión salarial + revalorización salarial,18.02
2013-01-01,Spain,ES,revisión salarial + revalorización salarial,19.23
2013-02-01,Spain,ES,revisión salarial + revalorización salarial,21.21
2013-03-01,Spain,ES,revisión salarial + revalorización salarial,21.32
2013-04-01,Spain,ES,revisión salarial + revalorización salarial,19.33
2013-05-01,Spain,ES,revisión salarial + revalorización salarial,17.61
2013-06-01,Spain,ES,revisión salarial + revalorización salarial,17.62
2013-07-01,Spain,ES,revisión salarial + revalorización salarial,18.69
2013-08-01,Spain,ES,revisión salarial + revalorización salarial,18.55
2013-09-01,Spain,ES,revisión salarial + revalorización salarial,17.27
2013-10-01,Spain,ES,revisión salarial + revalorización salarial,16.02
2013-11-01,Spain,ES,revisión salarial + revalorización salarial,14.58
2013-12-01,Spain,ES,revisión salarial + revalorización salarial,12.91
2014-01-01,Spain,ES,revisión salarial + revalorización salarial,11.01
2014-02-01,Spain,ES,revisión salarial + revalorización salarial,8.69
2014-03-01,Spain,ES,revisión salarial + revalorización salarial,6.95
2014-04-01,Spain,ES,revisión salarial + revalorización salarial,6.1
2014-05-01,Spain,ES,revisión salarial + revalorización salarial,5.34
2014-06-01,Spain,ES,revisión salarial + revalorización salarial,3.87
2014-07-01,Spain,ES,revisión salarial + revalorización salarial,2
2014-08-01,Spain,ES,revisión salarial + revalorización salarial,1.17
2014-09-01,Spain,ES,revisión salarial + revalorización salarial,1.31
2014-10-01,Spain,ES,revisión salarial + revalorización salarial,1.47
2014-11-01,Spain,ES,revisión salarial + revalorización salarial,1.58
2014-12-01,Spain,ES,revisión salarial + revalorización salarial,2.26
2015-01-01,Spain,ES,revisión salarial + revalorización salarial,3.24
2015-02-01,Spain,ES,revisión salarial + revalorización salarial,4.34
2015-03-01,Spain,ES,revisión salarial + revalorización salarial,5.62
2015-04-01,Spain,ES,revisión salarial + revalorización salarial,6.64
2015-05-01,Spain,ES,revisión salarial + revalorización salarial,7.3
2015-06-01,Spain,ES,revisión salarial + revalorización salarial,7.47
2015-07-01,Spain,ES,revisión salarial + revalorización salarial,7.39
2015-08-01,Spain,ES,revisión salarial + revalorización salarial,7.4
2015-09-01,Spain,ES,revisión salarial + revalorización salarial,7.39
2015-10-01,Spain,ES,revisión salarial + revalorización salarial,7.39
2015-11-01,Spain,ES,revisión salarial + revalorización salarial,7.41
2015-12-01,Spain,ES,revisión salarial + revalorización salarial,7.44
2016-01-01,Spain,ES,revisión salarial + revalorización salarial,7.53
2016-02-01,Spain,ES,revisión salarial + revalorización salarial,6.91
2016-03-01,Spain,ES,revisión salarial + revalorización salarial,5.63
2016-04-01,Spain,ES,revisión salarial + revalorización salarial,4.61
2016-05-01,Spain,ES,revisión salarial + revalorización salarial,4.49
2016-06-01,Spain,ES,revisión salarial + revalorización salarial,5.66
2016-07-01,Spain,ES,revisión salarial + revalorización salarial,6.5
2016-08-01,Spain,ES,revisión salarial + revalorización salarial,6.52
2016-09-01,Spain,ES,revisión salarial + revalorización salarial,6.46
2016-10-01,Spain,ES,revisión salarial + revalorización salarial,6.4
2016-11-01,Spain,ES,revisión salarial + revalorización salarial,6.34
2016-12-01,Spain,ES,revisión salarial + revalorización salarial,5.65
2017-01-01,Spain,ES,revisión salarial + revalorización salarial,4.58
2017-02-01,Spain,ES,revisión salarial + revalorización salarial,4.1
2017-03-01,Spain,ES,revisión salarial + revalorización salarial,4.66
2017-04-01,Spain,ES,revisión salarial + revalorización salarial,5.97
2017-05-01,Spain,ES,revisión salarial + revalorización salarial,6.03
2017-06-01,Spain,ES,revisión salarial + revalorización salarial,4.64
2017-07-01,Spain,ES,revisión salarial + revalorización salarial,3.82
2017-08-01,Spain,ES,revisión salarial + revalorización salarial,3.74
2017-09-01,Spain,ES,revisión salarial + revalorización salarial,3.66
2017-10-01,Spain,ES,revisión salarial + revalorización salarial,3.58
2017-11-01,Spain,ES,revisión salarial + revalorización salarial,3.49
2017-12-01,Spain,ES,revisión salarial + revalorización salarial,3.59
2018-01-01,Spain,ES,revisión salarial + revalorización salarial,3.76
2018-02-01,Spain,ES,revisión salarial + revalorización salarial,4.07
2018-03-01,Spain,ES,revisión salarial + revalorización salarial,3.62
2018-04-01,Spain,ES,revisión salarial + revalorización salarial,2.31
2018-05-01,Spain,ES,revisión salarial + revalorización salarial,1.72
2018-06-01,Spain,ES,revisión salarial + revalorización salarial,1.77
2018-07-01,Spain,ES,revisión salarial + revalorización salarial,1.79
2018-08-01,Spain,ES,revisión salarial + revalorización salarial,1.69
2018-09-01,Spain,ES,revisión salarial + revalorización salarial,1.59
2018-10-01,Spain,ES,revisión salarial + revalorización salarial,1.49
2018-11-01,Spain,ES,revisión salarial + revalorización salarial,1.39
2018-12-01,Spain,ES,revisión salarial + revalorización salarial,1.37
2019-01-01,Spain,ES,revisión salarial + revalorización salarial,1.8
2019-02-01,Spain,ES,revisión salarial + revalorización salarial,2.53
2019-03-01,Spain,ES,revisión salarial + revalorización salarial,2.94
2019-04-01,Spain,ES,revisión salarial + revalorización salarial,2.94
2019-05-01,Spain,ES,revisión salarial + revalorización salarial,2.98
2019-06-01,Spain,ES,revisión salarial + revalorización salarial,3.04
2019-07-01,Spain,ES,revisión salarial + revalorización salarial,3.03
2019-08-01,Spain,ES,revisión salarial + revalorización salarial,2.95
2019-09-01,Spain,ES,revisión salarial + revalorización salarial,2.88
2019-10-01,Spain,ES,revisión salarial + revalorización salarial,2.81
2019-11-01,Spain,ES,revisión salarial + revalorización salarial,2.75
2019-12-01,Spain,ES,revisión salarial + revalorización salarial,2.72
2020-01-01,Spain,ES,revisión salarial + revalorización salarial,2.12
2020-02-01,Spain,ES,revisión salarial + revalorización salarial,1.07
2020-03-01,Spain,ES,revisión salarial + revalorización salarial,0.56
2020-04-01,Spain,ES,revisión salarial + revalorización salarial,0.64
2020-05-01,Spain,ES,revisión salarial + revalorización salarial,0.64
2020-06-01,Spain,ES,revisión salarial + revalorización salarial,0.53
2020-07-01,Spain,ES,revisión salarial + revalorización salarial,0.42
2020-08-01,Spain,ES,revisión salarial + revalorización salarial,0.38
2020-09-01,Spain,ES,revisión salarial + revalorización salarial,0.35
2020-10-01,Spain,ES,revisión salarial + revalorización salarial,0.3
2020-11-01,Spain,ES,revisión salarial + revalorización salarial,0.31
2020-12-01,Spain,ES,revisión salarial + revalorización salarial,0.33
2021-01-01,Spain,ES,revisión salarial + revalorización salarial,0.33
2021-02-01,Spain,ES,revisión salarial + revalorización salarial,0.33
2021-03-01,Spain,ES,revisión salarial + revalorización salarial,0.33
2021-04-01,Spain,ES,revisión salarial + revalorización salarial,0.33
2021-05-01,Spain,ES,revisión salarial + revalorización salarial,0.28
2021-06-01,Spain,ES,revisión salarial + revalorización salarial,0.28
2021-07-01,Spain,ES,revisión salarial + revalorización salarial,0.28
2021-08-01,Spain,ES,revisión salarial + revalorización salarial,0.36
2021-09-01,Spain,ES,revisión salarial + revalorización salarial,0.45
2021-10-01,Spain,ES,revisión salarial + revalorización salarial,0.45
2021-11-01,Spain,ES,revisión salarial + revalorización salarial,0.42
2021-12-01,Spain,ES,revisión salarial + revalorización salarial,0.36
2022-01-01,Spain,ES,revisión salarial + revalorización salarial,0.36
2022-02-01,Spain,ES,revisión salarial + revalorización salarial,0.38
2022-03-01,Spain,ES,revisión salarial + revalorización salarial,1.02
2022-04-01,Spain,ES,revisión salarial + revalorización salarial,1.81
2022-05-01,Spain,ES,revisión salarial + revalorización salarial,3
2022-06-01,Spain,ES,revisión salarial + revalorización salarial,4.9
2022-07-01,Spain,ES,revisión salarial + revalorización salarial,6.92
2022-08-01,Spain,ES,revisión salarial + revalorización salarial,8.25
2022-09-01,Spain,ES,revisión salarial + revalorización salarial,9.57
2022-10-01,Spain,ES,revisión salarial + revalorización salarial,11.21
2022-11-01,Spain,ES,revisión salarial + revalorización salarial,12.34
2022-12-01,Spain,ES,revisión salarial + revalorización salarial,13.36
2023-01-01,Spain,ES,revisión salarial + revalorización salarial,15.19
2023-02-01,Spain,ES,revisión salarial + revalorización salarial,17.24
2023-03-01,Spain,ES,revisión salarial + revalorización salarial,17.96
2023-04-01,Spain,ES,revisión salarial + revalorización salarial,18.01
2023-05-01,Spain,ES,revisión salarial + revalorización salarial,17.66
2023-06-01,Spain,ES,revisión salarial + revalorización salarial,16.17
2023-07-01,Spain,ES,revisión salarial + revalorización salarial,14.39
2023-08-01,Spain,ES,revisión salarial + revalorización salarial,13.43
2023-09-01,Spain,ES,revisión salarial + revalorización salarial,12.4
2023-10-01,Spain,ES,revisión salarial + revalorización salarial,11.37
2023-11-01,Spain,ES,revisión salarial + revalorización salarial,11.45
2023-12-01,Spain,ES,revisión salarial + revalorización salarial,11.71
2024-01-01,Spain,ES,revisión salarial + revalorización salarial,10.65
2024-02-01,Spain,ES,revisión salarial + revalorización salarial,8.84
2024-03-01,Spain,ES,revisión salarial + revalorización salarial,7.96
2024-04-01,Spain,ES,revisión salarial + revalorización salarial,7.96
2024-05-01,Spain,ES,revisión salarial + revalorización salarial,7.58
2024-06-01,Spain,ES,revisión salarial + revalorización salarial,7.29
2024-07-01,Spain,ES,revisión salarial + revalorización salarial,7.46
2024-08-01,Spain,ES,revisión salarial + revalorización salarial,7.6
2024-09-01,Spain,ES,revisión salarial + revalorización salarial,7.66
2024-10-01,Spain,ES,revisión salarial + revalorización salarial,7.31
2024-11-01,Spain,ES,revisión salarial + revalorización salarial,6.16
2024-12-01,Spain,ES,revisión salarial + revalorización salarial,4.93
2025-01-01,Spain,ES,revisión salarial + revalorización salarial,4.81
2025-02-01,Spain,ES,revisión salarial + revalorización salarial,5.5
2025-03-01,Spain,ES,revisión salarial + revalorización salarial,5.44
2025-04-01,Spain,ES,revisión salarial + revalorización salarial,4.63
2025-05-01,Spain,ES,revisión salarial + revalorización salarial,5.02
2025-06-01,Spain,ES,revisión salarial + revalorización salarial,6.64
2025-07-01,Spain,ES,revisión salarial + revalorización salarial,7.49
2025-08-01,Spain,ES,revisión salarial + revalorización salarial,7.53
2025-09-01,Spain,ES,revisión salarial + revalorización salarial,7.94
2025-10-01,Spain,ES,revisión salarial + revalorización salarial,8.74
2025-11-01,Spain,ES,revisión salarial + revalorización salarial,9.91
2025-12-01,Spain,ES,revisión salarial + revalorización salarial,11.82
2026-01-01,Spain,ES,revisión salarial + revalorización salarial,13.32
2026-02-01,Spain,ES,revisión salarial + revalorización salarial,14.43
2026-03-01,Spain,ES,revisión salarial + revalorización salarial,16.35
2026-04-01,Spain,ES,revisión salarial + revalorización salarial,18.67
2026-05-01,Spain,ES,revisión salarial + revalorización salarial,19.83
2026-06-01,Spain,ES,revisión salarial + revalorización salarial,19.47
2026-07-01,Spain,ES,revisión salarial + revalorización salarial,19.89
2026-08-01,Spain,ES,revisión salarial + revalorización salarial,21.46
2004-01-01,Spain,ES,subida SMI + subida salario minimo,1.22
2004-02-01,Spain,ES,subida SMI + subida salario minimo,1.64
2004-03-01,Spain,ES,subida SMI + subida salario minimo,2.05
2004-04-01,Spain,ES,subida SMI + subida salario minimo,2.19
2004-05-01,Spain,ES,subida SMI + subida salario minimo,5.71
2004-06-01,Spain,ES,subida SMI + subida salario minimo,10.93
2004-07-01,Spain,ES,subida SMI + subida salario minimo,12.16
2004-08-01,Spain,ES,subida SMI + subida salario minimo,10.89
2004-09-01,Spain,ES,subida SMI + subida salario minimo,9.89
2004-10-01,Spain,ES,subida SMI + subida salario minimo,9.08
2004-11-01,Spain,ES,subida SMI + subida salario minimo,8.4
2004-12-01,Spain,ES,subida SMI + subida salario minimo,7.69
2005-01-01,Spain,ES,subida SMI + subida salario minimo,7.63
2005-02-01,Spain,ES,subida SMI + subida salario minimo,7.6
2005-03-01,Spain,ES,subida SMI + subida salario minimo,7.58
2005-04-01,Spain,ES,subida SMI + subida salario minimo,7.57
2005-05-01,Spain,ES,subida SMI + subida salario minimo,5.91
2005-06-01,Spain,ES,subida SMI + subida salario minimo,2.81
2005-07-01,Spain,ES,subida SMI + subida salario minimo,1.18
2005-08-01,Spain,ES,subida SMI + subida salario minimo,1.17
2005-09-01,Spain,ES,subida SMI + subida salario minimo,1.16
2005-10-01,Spain,ES,subida SMI + subida salario minimo,1.15
2005-11-01,Spain,ES,subida SMI + subida salario minimo,1.15
2005-12-01,Spain,ES,subida SMI + subida salario minimo,1.15
2006-01-01,Spain,ES,subida SMI + subida salario minimo,1.09
2006-02-01,Spain,ES,subida SMI + subida salario minimo,1.02
2006-03-01,Spain,ES,subida SMI + subida salario minimo,0.97
2006-04-01,Spain,ES,subida SMI + subida salario minimo,0.93
2006-05-01,Spain,ES,subida SMI + subida salario minimo,0.93
2006-06-01,Spain,ES,subida SMI + subida salario minimo,0.93
2006-07-01,Spain,ES,subida SMI + subida salario minimo,0.93
2006-08-01,Spain,ES,subida SMI + subida salario minimo,0.9
2006-09-01,Spain,ES,subida SMI + subida salario minimo,0.88
2006-10-01,Spain,ES,subida SMI + subida salario minimo,0.86
2006-11-01,Spain,ES,subida SMI + subida salario minimo,0.84
2006-12-01,Spain,ES,subida SMI + subida salario minimo,1.12
2007-01-01,Spain,ES,subida SMI + subida salario minimo,1.49
2007-02-01,Spain,ES,subida SMI + subida salario minimo,1.66
2007-03-01,Spain,ES,subida SMI + subida salario minimo,1.55
2007-04-01,Spain,ES,subida SMI + subida salario minimo,1.46
2007-05-01,Spain,ES,subida SMI + subida salario minimo,1.53
2007-06-01,Spain,ES,subida SMI + subida salario minimo,1.6
2007-07-01,Spain,ES,subida SMI + subida salario minimo,1.67
2007-08-01,Spain,ES,subida SMI + subida salario minimo,1.6
2007-09-01,Spain,ES,subida SMI + subida salario minimo,1.54
2007-10-01,Spain,ES,subida SMI + subida salario minimo,1.48
2007-11-01,Spain,ES,subida SMI + subida salario minimo,1.44
2007-12-01,Spain,ES,subida SMI + subida salario minimo,1.35
2008-01-01,Spain,ES,subida SMI + subida salario minimo,1.28
2008-02-01,Spain,ES,subida SMI + subida salario minimo,1.25
2008-03-01,Spain,ES,subida SMI + subida salario minimo,1.25
2008-04-01,Spain,ES,subida SMI + subida salario minimo,1.25
2008-05-01,Spain,ES,subida SMI + subida salario minimo,1.26
2008-06-01,Spain,ES,subida SMI + subida salario minimo,1.26
2008-07-01,Spain,ES,subida SMI + subida salario minimo,1.26
2008-08-01,Spain,ES,subida SMI + subida salario minimo,1.27
2008-09-01,Spain,ES,subida SMI + subida salario minimo,1.26
2008-10-01,Spain,ES,subida SMI + subida salario minimo,1.26
2008-11-01,Spain,ES,subida SMI + subida salario minimo,1.25
2008-12-01,Spain,ES,subida SMI + subida salario minimo,1.11
2009-01-01,Spain,ES,subida SMI + subida salario minimo,0.83
2009-02-01,Spain,ES,subida SMI + subida salario minimo,0.68
2009-03-01,Spain,ES,subida SMI + subida salario minimo,0.66
2009-04-01,Spain,ES,subida SMI + subida salario minimo,0.64
2009-05-01,Spain,ES,subida SMI + subida salario minimo,0.62
2009-06-01,Spain,ES,subida SMI + subida salario minimo,0.6
2009-07-01,Spain,ES,subida SMI + subida salario minimo,0.58
2009-08-01,Spain,ES,subida SMI + subida salario minimo,0.56
2009-09-01,Spain,ES,subida SMI + subida salario minimo,0.54
2009-10-01,Spain,ES,subida SMI + subida salario minimo,0.52
2009-11-01,Spain,ES,subida SMI + subida salario minimo,0.5
2009-12-01,Spain,ES,subida SMI + subida salario minimo,0.45
2010-01-01,Spain,ES,subida SMI + subida salario minimo,0.42
2010-02-01,Spain,ES,subida SMI + subida salario minimo,0.38
2010-03-01,Spain,ES,subida SMI + subida salario minimo,0.35
2010-04-01,Spain,ES,subida SMI + subida salario minimo,0.33
2010-05-01,Spain,ES,subida SMI + subida salario minimo,0.31
2010-06-01,Spain,ES,subida SMI + subida salario minimo,0.28
2010-07-01,Spain,ES,subida SMI + subida salario minimo,0.26
2010-08-01,Spain,ES,subida SMI + subida salario minimo,0.24
2010-09-01,Spain,ES,subida SMI + subida salario minimo,0.22
2010-10-01,Spain,ES,subida SMI + subida salario minimo,0.2
2010-11-01,Spain,ES,subida SMI + subida salario minimo,0.18
2010-12-01,Spain,ES,subida SMI + subida salario minimo,0.31
2011-01-01,Spain,ES,subida SMI + subida salario minimo,0.55
2011-02-01,Spain,ES,subida SMI + subida salario minimo,0.68
2011-03-01,Spain,ES,subida SMI + subida salario minimo,0.66
2011-04-01,Spain,ES,subida SMI + subida salario minimo,0.64
2011-05-01,Spain,ES,subida SMI + subida salario minimo,0.62
2011-06-01,Spain,ES,subida SMI + subida salario minimo,0.61
2011-07-01,Spain,ES,subida SMI + subida salario minimo,0.59
2011-08-01,Spain,ES,subida SMI + subida salario minimo,0.58
2011-09-01,Spain,ES,subida SMI + subida salario minimo,0.57
2011-10-01,Spain,ES,subida SMI + subida salario minimo,0.56
2011-11-01,Spain,ES,subida SMI + subida salario minimo,0.55
2011-12-01,Spain,ES,subida SMI + subida salario minimo,0.42
2012-01-01,Spain,ES,subida SMI + subida salario minimo,0.18
2012-02-01,Spain,ES,subida SMI + subida salario minimo,0.05
2012-03-01,Spain,ES,subida SMI + subida salario minimo,0.05
2012-04-01,Spain,ES,subida SMI + subida salario minimo,0.04
2012-05-01,Spain,ES,subida SMI + subida salario minimo,0.04
2012-06-01,Spain,ES,subida SMI + subida salario minimo,0.03
2012-07-01,Spain,ES,subida SMI + subida salario minimo,0.02
2012-08-01,Spain,ES,subida SMI + subida salario minimo,0.02
2012-09-01,Spain,ES,subida SMI + subida salario minimo,0.02
2012-10-01,Spain,ES,subida SMI + subida salario minimo,0.02
2012-11-01,Spain,ES,subida SMI + subida salario minimo,0
2012-12-01,Spain,ES,subida SMI + subida salario minimo,0
2013-01-01,Spain,ES,subida SMI + subida salario minimo,0
2013-02-01,Spain,ES,subida SMI + subida salario minimo,0
2013-03-01,Spain,ES,subida SMI + subida salario minimo,0.01
2013-04-01,Spain,ES,subida SMI + subida salario minimo,0.03
2013-05-01,Spain,ES,subida SMI + subida salario minimo,0.02
2013-06-01,Spain,ES,subida SMI + subida salario minimo,0.01
2013-07-01,Spain,ES,subida SMI + subida salario minimo,0.01
2013-08-01,Spain,ES,subida SMI + subida salario minimo,0.02
2013-09-01,Spain,ES,subida SMI + subida salario minimo,0.04
2013-10-01,Spain,ES,subida SMI + subida salario minimo,0.06
2013-11-01,Spain,ES,subida SMI + subida salario minimo,0.06
2013-12-01,Spain,ES,subida SMI + subida salario minimo,0.06
2014-01-01,Spain,ES,subida SMI + subida salario minimo,0.06
2014-02-01,Spain,ES,subida SMI + subida salario minimo,0.08
2014-03-01,Spain,ES,subida SMI + subida salario minimo,0.13
2014-04-01,Spain,ES,subida SMI + subida salario minimo,0.19
2014-05-01,Spain,ES,subida SMI + subida salario minimo,0.25
2014-06-01,Spain,ES,subida SMI + subida salario minimo,0.3
2014-07-01,Spain,ES,subida SMI + subida salario minimo,0.4
2014-08-01,Spain,ES,subida SMI + subida salario minimo,0.54
2014-09-01,Spain,ES,subida SMI + subida salario minimo,0.71
2014-10-01,Spain,ES,subida SMI + subida salario minimo,0.81
2014-11-01,Spain,ES,subida SMI + subida salario minimo,0.81
2014-12-01,Spain,ES,subida SMI + subida salario minimo,0.81
2015-01-01,Spain,ES,subida SMI + subida salario minimo,0.81
2015-02-01,Spain,ES,subida SMI + subida salario minimo,0.99
2015-03-01,Spain,ES,subida SMI + subida salario minimo,1.17
2015-04-01,Spain,ES,subida SMI + subida salario minimo,1.4
2015-05-01,Spain,ES,subida SMI + subida salario minimo,1.83
2015-06-01,Spain,ES,subida SMI + subida salario minimo,2.44
2015-07-01,Spain,ES,subida SMI + subida salario minimo,2.84
2015-08-01,Spain,ES,subida SMI + subida salario minimo,3.07
2015-09-01,Spain,ES,subida SMI + subida salario minimo,3.33
2015-10-01,Spain,ES,subida SMI + subida salario minimo,3.46
2015-11-01,Spain,ES,subida SMI + subida salario minimo,3.46
2015-12-01,Spain,ES,subida SMI + subida salario minimo,3.46
2016-01-01,Spain,ES,subida SMI + subida salario minimo,3.46
2016-02-01,Spain,ES,subida SMI + subida salario minimo,3.49
2016-03-01,Spain,ES,subida SMI + subida salario minimo,3.92
2016-04-01,Spain,ES,subida SMI + subida salario minimo,4.57
2016-05-01,Spain,ES,subida SMI + subida salario minimo,5.02
2016-06-01,Spain,ES,subida SMI + subida salario minimo,5.18
2016-07-01,Spain,ES,subida SMI + subida salario minimo,5.52
2016-08-01,Spain,ES,subida SMI + subida salario minimo,6.14
2016-09-01,Spain,ES,subida SMI + subida salario minimo,6.51
2016-10-01,Spain,ES,subida SMI + subida salario minimo,7.36
2016-11-01,Spain,ES,subida SMI + subida salario minimo,9.89
2016-12-01,Spain,ES,subida SMI + subida salario minimo,13
2017-01-01,Spain,ES,subida SMI + subida salario minimo,15.3
2017-02-01,Spain,ES,subida SMI + subida salario minimo,16.93
2017-03-01,Spain,ES,subida SMI + subida salario minimo,18.07
2017-04-01,Spain,ES,subida SMI + subida salario minimo,18.85
2017-05-01,Spain,ES,subida SMI + subida salario minimo,19.68
2017-06-01,Spain,ES,subida SMI + subida salario minimo,20.83
2017-07-01,Spain,ES,subida SMI + subida salario minimo,22.48
2017-08-01,Spain,ES,subida SMI + subida salario minimo,24.53
2017-09-01,Spain,ES,subida SMI + subida salario minimo,25.98
2017-10-01,Spain,ES,subida SMI + subida salario minimo,25.89
2017-11-01,Spain,ES,subida SMI + subida salario minimo,23.44
2017-12-01,Spain,ES,subida SMI + subida salario minimo,20.34
2018-01-01,Spain,ES,subida SMI + subida salario minimo,18.03
2018-02-01,Spain,ES,subida SMI + subida salario minimo,16.17
2018-03-01,Spain,ES,subida SMI + subida salario minimo,16.62
2018-04-01,Spain,ES,subida SMI + subida salario minimo,18.13
2018-05-01,Spain,ES,subida SMI + subida salario minimo,20.17
2018-06-01,Spain,ES,subida SMI + subida salario minimo,22.72
2018-07-01,Spain,ES,subida SMI + subida salario minimo,24.94
2018-08-01,Spain,ES,subida SMI + subida salario minimo,26.31
2018-09-01,Spain,ES,subida SMI + subida salario minimo,30.78
2018-10-01,Spain,ES,subida SMI + subida salario minimo,39.41
2018-11-01,Spain,ES,subida SMI + subida salario minimo,51.27
2018-12-01,Spain,ES,subida SMI + subida salario minimo,66.72
2019-01-01,Spain,ES,subida SMI + subida salario minimo,80.4
2019-02-01,Spain,ES,subida SMI + subida salario minimo,89.06
2019-03-01,Spain,ES,subida SMI + subida salario minimo,93.52
2019-04-01,Spain,ES,subida SMI + subida salario minimo,96.72
2019-05-01,Spain,ES,subida SMI + subida salario minimo,98.92
2019-06-01,Spain,ES,subida SMI + subida salario minimo,99.77
2019-07-01,Spain,ES,subida SMI + subida salario minimo,100
2019-08-01,Spain,ES,subida SMI + subida salario minimo,99.73
2019-09-01,Spain,ES,subida SMI + subida salario minimo,95.86
2019-10-01,Spain,ES,subida SMI + subida salario minimo,89
2019-11-01,Spain,ES,subida SMI + subida salario minimo,79.68
2019-12-01,Spain,ES,subida SMI + subida salario minimo,70.22
2020-01-01,Spain,ES,subida SMI + subida salario minimo,69.2
2020-02-01,Spain,ES,subida SMI + subida salario minimo,71.74
2020-03-01,Spain,ES,subida SMI + subida salario minimo,71.01
2020-04-01,Spain,ES,subida SMI + subida salario minimo,69.23
2020-05-01,Spain,ES,subida SMI + subida salario minimo,67.52
2020-06-01,Spain,ES,subida SMI + subida salario minimo,66.01
2020-07-01,Spain,ES,subida SMI + subida salario minimo,64.94
2020-08-01,Spain,ES,subida SMI + subida salario minimo,63.61
2020-09-01,Spain,ES,subida SMI + subida salario minimo,61.62
2020-10-01,Spain,ES,subida SMI + subida salario minimo,60.26
2020-11-01,Spain,ES,subida SMI + subida salario minimo,60.67
2020-12-01,Spain,ES,subida SMI + subida salario minimo,55.49
2021-01-01,Spain,ES,subida SMI + subida salario minimo,42.83
2021-02-01,Spain,ES,subida SMI + subida salario minimo,31.63
2021-03-01,Spain,ES,subida SMI + subida salario minimo,26.32
2021-04-01,Spain,ES,subida SMI + subida salario minimo,25.64
2021-05-01,Spain,ES,subida SMI + subida salario minimo,26.7
2021-06-01,Spain,ES,subida SMI + subida salario minimo,29.31
2021-07-01,Spain,ES,subida SMI + subida salario minimo,31.71
2021-08-01,Spain,ES,subida SMI + subida salario minimo,38.27
2021-09-01,Spain,ES,subida SMI + subida salario minimo,50.96
2021-10-01,Spain,ES,subida SMI + subida salario minimo,59.78
2021-11-01,Spain,ES,subida SMI + subida salario minimo,61.75
2021-12-01,Spain,ES,subida SMI + subida salario minimo,62.98
2022-01-01,Spain,ES,subida SMI + subida salario minimo,64.96
2022-02-01,Spain,ES,subida SMI + subida salario minimo,70.67
2022-03-01,Spain,ES,subida SMI + subida salario minimo,76.82
2022-04-01,Spain,ES,subida SMI + subida salario minimo,78.43
2022-05-01,Spain,ES,subida SMI + subida salario minimo,78.04
2022-06-01,Spain,ES,subida SMI + subida salario minimo,76.37
2022-07-01,Spain,ES,subida SMI + subida salario minimo,75.84
2022-08-01,Spain,ES,subida SMI + subida salario minimo,72
2022-09-01,Spain,ES,subida SMI + subida salario minimo,62.55
2022-10-01,Spain,ES,subida SMI + subida salario minimo,56.93
2022-11-01,Spain,ES,subida SMI + subida salario minimo,57.75
2022-12-01,Spain,ES,subida SMI + subida salario minimo,61.52
2023-01-01,Spain,ES,subida SMI + subida salario minimo,67.65
2023-02-01,Spain,ES,subida SMI + subida salario minimo,73.62
2023-03-01,Spain,ES,subida SMI + subida salario minimo,76.5
2023-04-01,Spain,ES,subida SMI + subida salario minimo,77.55
2023-05-01,Spain,ES,subida SMI + subida salario minimo,79.08
2023-06-01,Spain,ES,subida SMI + subida salario minimo,80.65
2023-07-01,Spain,ES,subida SMI + subida salario minimo,81
2023-08-01,Spain,ES,subida SMI + subida salario minimo,80.46
2023-09-01,Spain,ES,subida SMI + subida salario minimo,79.89
2023-10-01,Spain,ES,subida SMI + subida salario minimo,80.84
2023-11-01,Spain,ES,subida SMI + subida salario minimo,82.83
2023-12-01,Spain,ES,subida SMI + subida salario minimo,88.71
2024-01-01,Spain,ES,subida SMI + subida salario minimo,93.38
2024-02-01,Spain,ES,subida SMI + subida salario minimo,87.84
2024-03-01,Spain,ES,subida SMI + subida salario minimo,81.89
2024-04-01,Spain,ES,subida SMI + subida salario minimo,81.33
2024-05-01,Spain,ES,subida SMI + subida salario minimo,80.98
2024-06-01,Spain,ES,subida SMI + subida salario minimo,80.45
2024-07-01,Spain,ES,subida SMI + subida salario minimo,79.8
2024-08-01,Spain,ES,subida SMI + subida salario minimo,79.7
2024-09-01,Spain,ES,subida SMI + subida salario minimo,80.01
2024-10-01,Spain,ES,subida SMI + subida salario minimo,79.04
2024-11-01,Spain,ES,subida SMI + subida salario minimo,76.57
2024-12-01,Spain,ES,subida SMI + subida salario minimo,69.51
2025-01-01,Spain,ES,subida SMI + subida salario minimo,60.02
2025-02-01,Spain,ES,subida SMI + subida salario minimo,57.26
2025-03-01,Spain,ES,subida SMI + subida salario minimo,57.98
2025-04-01,Spain,ES,subida SMI + subida salario minimo,56.85
2025-05-01,Spain,ES,subida SMI + subida salario minimo,55.79
2025-06-01,Spain,ES,subida SMI + subida salario minimo,55.34
2025-07-01,Spain,ES,subida SMI + subida salario minimo,55.45
2025-08-01,Spain,ES,subida SMI + subida salario minimo,56.13
2025-09-01,Spain,ES,subida SMI + subida salario minimo,57.11
2025-10-01,Spain,ES,subida SMI + subida salario minimo,57.25
2025-11-01,Spain,ES,subida SMI + subida salario minimo,56.69
2025-12-01,Spain,ES,subida SMI + subida salario minimo,56.56
2026-01-01,Spain,ES,subida SMI + subida salario minimo,58.13
2026-02-01,Spain,ES,subida SMI + subida salario minimo,61.73
2026-03-01,Spain,ES,subida SMI + subida salario minimo,64.5
2026-04-01,Spain,ES,subida SMI + subida salario minimo,65.69
2026-05-01,Spain,ES,subida SMI + subida salario minimo,66.21
2026-06-01,Spain,ES,subida SMI + subida salario minimo,65.87
2026-07-01,Spain,ES,subida SMI + subida salario minimo,65.38
2026-08-01,Spain,ES,subida SMI + subida salario minimo,65.08
2004-01-01,Spain,ES,subida de sueldo + aumento de sueldo + subida salarial,4.56
2004-02-01,Spain,ES,subida de sueldo + aumento de sueldo + subida salarial,3.89
2004-03-01,Spain,ES,subida de sueldo + aumento de sueldo + subida salarial,5.57
2004-04-01,Spain,ES,subida de sueldo + aumento de sueldo + subida salarial,7.63
2004-05-01,Spain,ES,subida de sueldo + aumento de sueldo + subida salarial,9.63
2004-06-01,Spain,ES,subida de sueldo + aumento de sueldo + subida salarial,11.04
2004-07-01,Spain,ES,subida de sueldo + aumento de sueldo + subida salarial,11.79
2004-08-01,Spain,ES,subida de sueldo + aumento de sueldo + subida salarial,12.89
2004-09-01,Spain,ES,subida de sueldo + aumento de sueldo + subida salarial,14.43
2004-10-01,Spain,ES,subida de sueldo + aumento de sueldo + subida salarial,15.63
2004-11-01,Spain,ES,subida de sueldo + aumento de sueldo + subida salarial,16.04
2004-12-01,Spain,ES,subida de sueldo + aumento de sueldo + subida salarial,15.65
2005-01-01,Spain,ES,subida de sueldo + aumento de sueldo + subida salarial,16.2
2005-02-01,Spain,ES,subida de sueldo + aumento de sueldo + subida salarial,17.48
2005-03-01,Spain,ES,subida de sueldo + aumento de sueldo + subida salarial,18.74
2005-04-01,Spain,ES,subida de sueldo + aumento de sueldo + subida salarial,19.34
2005-05-01,Spain,ES,subida de sueldo + aumento de sueldo + subida salarial,19.17
2005-06-01,Spain,ES,subida de sueldo + aumento de sueldo + subida salarial,19.22
2005-07-01,Spain,ES,subida de sueldo + aumento de sueldo + subida salarial,20.01
2005-08-01,Spain,ES,subida de sueldo + aumento de sueldo + subida salarial,20.49
2005-09-01,Spain,ES,subida de sueldo + aumento de sueldo + subida salarial,20.05
2005-10-01,Spain,ES,subida de sueldo + aumento de sueldo + subida salarial,19.26
2005-11-01,Spain,ES,subida de sueldo + aumento de sueldo + subida salarial,19.17
2005-12-01,Spain,ES,subida de sueldo + aumento de sueldo + subida salarial,20.04
2006-01-01,Spain,ES,subida de sueldo + aumento de sueldo + subida salarial,20.98
2006-02-01,Spain,ES,subida de sueldo + aumento de sueldo + subida salarial,21.34
2006-03-01,Spain,ES,subida de sueldo + aumento de sueldo + subida salarial,20.89
2006-04-01,Spain,ES,subida de sueldo + aumento de sueldo + subida salarial,20.34
2006-05-01,Spain,ES,subida de sueldo + aumento de sueldo + subida salarial,20.29
2006-06-01,Spain,ES,subida de sueldo + aumento de sueldo + subida salarial,19.98
2006-07-01,Spain,ES,subida de sueldo + aumento de sueldo + subida salarial,19.07
2006-08-01,Spain,ES,subida de sueldo + aumento de sueldo + subida salarial,18.1
2006-09-01,Spain,ES,subida de sueldo + aumento de sueldo + subida salarial,17.66
2006-10-01,Spain,ES,subida de sueldo + aumento de sueldo + subida salarial,17.86
2006-11-01,Spain,ES,subida de sueldo + aumento de sueldo + subida salarial,17.9
2006-12-01,Spain,ES,subida de sueldo + aumento de sueldo + subida salarial,17.71
2007-01-01,Spain,ES,subida de sueldo + aumento de sueldo + subida salarial,17.35
2007-02-01,Spain,ES,subida de sueldo + aumento de sueldo + subida salarial,16.7
2007-03-01,Spain,ES,subida de sueldo + aumento de sueldo + subida salarial,16.42
2007-04-01,Spain,ES,subida de sueldo + aumento de sueldo + subida salarial,16.85
2007-05-01,Spain,ES,subida de sueldo + aumento de sueldo + subida salarial,17.34
2007-06-01,Spain,ES,subida de sueldo + aumento de sueldo + subida salarial,17.65
2007-07-01,Spain,ES,subida de sueldo + aumento de sueldo + subida salarial,17.78
2007-08-01,Spain,ES,subida de sueldo + aumento de sueldo + subida salarial,17.84
2007-09-01,Spain,ES,subida de sueldo + aumento de sueldo + subida salarial,17.89
2007-10-01,Spain,ES,subida de sueldo + aumento de sueldo + subida salarial,17.83
2007-11-01,Spain,ES,subida de sueldo + aumento de sueldo + subida salarial,17.99
2007-12-01,Spain,ES,subida de sueldo + aumento de sueldo + subida salarial,18.59
2008-01-01,Spain,ES,subida de sueldo + aumento de sueldo + subida salarial,19.49
2008-02-01,Spain,ES,subida de sueldo + aumento de sueldo + subida salarial,20.16
2008-03-01,Spain,ES,subida de sueldo + aumento de sueldo + subida salarial,20.38
2008-04-01,Spain,ES,subida de sueldo + aumento de sueldo + subida salarial,20.15
2008-05-01,Spain,ES,subida de sueldo + aumento de sueldo + subida salarial,19.75
2008-06-01,Spain,ES,subida de sueldo + aumento de sueldo + subida salarial,19.37
2008-07-01,Spain,ES,subida de sueldo + aumento de sueldo + subida salarial,19.16
2008-08-01,Spain,ES,subida de sueldo + aumento de sueldo + subida salarial,19
2008-09-01,Spain,ES,subida de sueldo + aumento de sueldo + subida salarial,18.58
2008-10-01,Spain,ES,subida de sueldo + aumento de sueldo + subida salarial,17.96
2008-11-01,Spain,ES,subida de sueldo + aumento de sueldo + subida salarial,17.05
2008-12-01,Spain,ES,subida de sueldo + aumento de sueldo + subida salarial,15.55
2009-01-01,Spain,ES,subida de sueldo + aumento de sueldo + subida salarial,13.86
2009-02-01,Spain,ES,subida de sueldo + aumento de sueldo + subida salarial,12.76
2009-03-01,Spain,ES,subida de sueldo + aumento de sueldo + subida salarial,12.13
2009-04-01,Spain,ES,subida de sueldo + aumento de sueldo + subida salarial,11.49
2009-05-01,Spain,ES,subida de sueldo + aumento de sueldo + subida salarial,10.9
2009-06-01,Spain,ES,subida de sueldo + aumento de sueldo + subida salarial,10.48
2009-07-01,Spain,ES,subida de sueldo + aumento de sueldo + subida salarial,10.13
2009-08-01,Spain,ES,subida de sueldo + aumento de sueldo + subida salarial,9.94
2009-09-01,Spain,ES,subida de sueldo + aumento de sueldo + subida salarial,9.89
2009-10-01,Spain,ES,subida de sueldo + aumento de sueldo + subida salarial,9.61
2009-11-01,Spain,ES,subida de sueldo + aumento de sueldo + subida salarial,9.21
2009-12-01,Spain,ES,subida de sueldo + aumento de sueldo + subida salarial,8.92
2010-01-01,Spain,ES,subida de sueldo + aumento de sueldo + subida salarial,8.65
2010-02-01,Spain,ES,subida de sueldo + aumento de sueldo + subida salarial,8.42
2010-03-01,Spain,ES,subida de sueldo + aumento de sueldo + subida salarial,8.19
2010-04-01,Spain,ES,subida de sueldo + aumento de sueldo + subida salarial,8.05
2010-05-01,Spain,ES,subida de sueldo + aumento de sueldo + subida salarial,8.06
2010-06-01,Spain,ES,subida de sueldo + aumento de sueldo + subida salarial,8.01
2010-07-01,Spain,ES,subida de sueldo + aumento de sueldo + subida salarial,7.77
2010-08-01,Spain,ES,subida de sueldo + aumento de sueldo + subida salarial,7.26
2010-09-01,Spain,ES,subida de sueldo + aumento de sueldo + subida salarial,6.68
2010-10-01,Spain,ES,subida de sueldo + aumento de sueldo + subida salarial,6.49
2010-11-01,Spain,ES,subida de sueldo + aumento de sueldo + subida salarial,6.51
2010-12-01,Spain,ES,subida de sueldo + aumento de sueldo + subida salarial,6.43
2011-01-01,Spain,ES,subida de sueldo + aumento de sueldo + subida salarial,6.27
2011-02-01,Spain,ES,subida de sueldo + aumento de sueldo + subida salarial,6
2011-03-01,Spain,ES,subida de sueldo + aumento de sueldo + subida salarial,5.86
2011-04-01,Spain,ES,subida de sueldo + aumento de sueldo + subida salarial,5.75
2011-05-01,Spain,ES,subida de sueldo + aumento de sueldo + subida salarial,5.4
2011-06-01,Spain,ES,subida de sueldo + aumento de sueldo + subida salarial,5.1
2011-07-01,Spain,ES,subida de sueldo + aumento de sueldo + subida salarial,5.07
2011-08-01,Spain,ES,subida de sueldo + aumento de sueldo + subida salarial,5.21
2011-09-01,Spain,ES,subida de sueldo + aumento de sueldo + subida salarial,5.27
2011-10-01,Spain,ES,subida de sueldo + aumento de sueldo + subida salarial,5.15
2011-11-01,Spain,ES,subida de sueldo + aumento de sueldo + subida salarial,5.09
2011-12-01,Spain,ES,subida de sueldo + aumento de sueldo + subida salarial,5.19
2012-01-01,Spain,ES,subida de sueldo + aumento de sueldo + subida salarial,5.35
2012-02-01,Spain,ES,subida de sueldo + aumento de sueldo + subida salarial,5.43
2012-03-01,Spain,ES,subida de sueldo + aumento de sueldo + subida salarial,5.21
2012-04-01,Spain,ES,subida de sueldo + aumento de sueldo + subida salarial,4.92
2012-05-01,Spain,ES,subida de sueldo + aumento de sueldo + subida salarial,4.76
2012-06-01,Spain,ES,subida de sueldo + aumento de sueldo + subida salarial,4.56
2012-07-01,Spain,ES,subida de sueldo + aumento de sueldo + subida salarial,4.24
2012-08-01,Spain,ES,subida de sueldo + aumento de sueldo + subida salarial,3.86
2012-09-01,Spain,ES,subida de sueldo + aumento de sueldo + subida salarial,3.58
2012-10-01,Spain,ES,subida de sueldo + aumento de sueldo + subida salarial,3.35
2012-11-01,Spain,ES,subida de sueldo + aumento de sueldo + subida salarial,2.96
2012-12-01,Spain,ES,subida de sueldo + aumento de sueldo + subida salarial,2.44
2013-01-01,Spain,ES,subida de sueldo + aumento de sueldo + subida salarial,1.88
2013-02-01,Spain,ES,subida de sueldo + aumento de sueldo + subida salarial,1.4
2013-03-01,Spain,ES,subida de sueldo + aumento de sueldo + subida salarial,1.1
2013-04-01,Spain,ES,subida de sueldo + aumento de sueldo + subida salarial,0.91
2013-05-01,Spain,ES,subida de sueldo + aumento de sueldo + subida salarial,0.77
2013-06-01,Spain,ES,subida de sueldo + aumento de sueldo + subida salarial,0.51
2013-07-01,Spain,ES,subida de sueldo + aumento de sueldo + subida salarial,0.2
2013-08-01,Spain,ES,subida de sueldo + aumento de sueldo + subida salarial,0.07
2013-09-01,Spain,ES,subida de sueldo + aumento de sueldo + subida salarial,0.04
2013-10-01,Spain,ES,subida de sueldo + aumento de sueldo + subida salarial,0
2013-11-01,Spain,ES,subida de sueldo + aumento de sueldo + subida salarial,0.03
2013-12-01,Spain,ES,subida de sueldo + aumento de sueldo + subida salarial,0.15
2014-01-01,Spain,ES,subida de sueldo + aumento de sueldo + subida salarial,0.21
2014-02-01,Spain,ES,subida de sueldo + aumento de sueldo + subida salarial,0.21
2014-03-01,Spain,ES,subida de sueldo + aumento de sueldo + subida salarial,0.34
2014-04-01,Spain,ES,subida de sueldo + aumento de sueldo + subida salarial,0.46
2014-05-01,Spain,ES,subida de sueldo + aumento de sueldo + subida salarial,0.4
2014-06-01,Spain,ES,subida de sueldo + aumento de sueldo + subida salarial,0.44
2014-07-01,Spain,ES,subida de sueldo + aumento de sueldo + subida salarial,0.67
2014-08-01,Spain,ES,subida de sueldo + aumento de sueldo + subida salarial,0.84
2014-09-01,Spain,ES,subida de sueldo + aumento de sueldo + subida salarial,0.97
2014-10-01,Spain,ES,subida de sueldo + aumento de sueldo + subida salarial,1.16
2014-11-01,Spain,ES,subida de sueldo + aumento de sueldo + subida salarial,1.29
2014-12-01,Spain,ES,subida de sueldo + aumento de sueldo + subida salarial,1.36
2015-01-01,Spain,ES,subida de sueldo + aumento de sueldo + subida salarial,1.62
2015-02-01,Spain,ES,subida de sueldo + aumento de sueldo + subida salarial,2.07
2015-03-01,Spain,ES,subida de sueldo + aumento de sueldo + subida salarial,2.38
2015-04-01,Spain,ES,subida de sueldo + aumento de sueldo + subida salarial,2.76
2015-05-01,Spain,ES,subida de sueldo + aumento de sueldo + subida salarial,3.55
2015-06-01,Spain,ES,subida de sueldo + aumento de sueldo + subida salarial,4.49
2015-07-01,Spain,ES,subida de sueldo + aumento de sueldo + subida salarial,5.25
2015-08-01,Spain,ES,subida de sueldo + aumento de sueldo + subida salarial,5.8
2015-09-01,Spain,ES,subida de sueldo + aumento de sueldo + subida salarial,6.14
2015-10-01,Spain,ES,subida de sueldo + aumento de sueldo + subida salarial,6.43
2015-11-01,Spain,ES,subida de sueldo + aumento de sueldo + subida salarial,6.52
2015-12-01,Spain,ES,subida de sueldo + aumento de sueldo + subida salarial,6.32
2016-01-01,Spain,ES,subida de sueldo + aumento de sueldo + subida salarial,6.2
2016-02-01,Spain,ES,subida de sueldo + aumento de sueldo + subida salarial,6.14
2016-03-01,Spain,ES,subida de sueldo + aumento de sueldo + subida salarial,6.13
2016-04-01,Spain,ES,subida de sueldo + aumento de sueldo + subida salarial,6.25
2016-05-01,Spain,ES,subida de sueldo + aumento de sueldo + subida salarial,6.1
2016-06-01,Spain,ES,subida de sueldo + aumento de sueldo + subida salarial,5.55
2016-07-01,Spain,ES,subida de sueldo + aumento de sueldo + subida salarial,5.06
2016-08-01,Spain,ES,subida de sueldo + aumento de sueldo + subida salarial,5
2016-09-01,Spain,ES,subida de sueldo + aumento de sueldo + subida salarial,5.27
2016-10-01,Spain,ES,subida de sueldo + aumento de sueldo + subida salarial,5.89
2016-11-01,Spain,ES,subida de sueldo + aumento de sueldo + subida salarial,7.48
2016-12-01,Spain,ES,subida de sueldo + aumento de sueldo + subida salarial,9.78
2017-01-01,Spain,ES,subida de sueldo + aumento de sueldo + subida salarial,11.45
2017-02-01,Spain,ES,subida de sueldo + aumento de sueldo + subida salarial,12.21
2017-03-01,Spain,ES,subida de sueldo + aumento de sueldo + subida salarial,12.76
2017-04-01,Spain,ES,subida de sueldo + aumento de sueldo + subida salarial,13.64
2017-05-01,Spain,ES,subida de sueldo + aumento de sueldo + subida salarial,14.83
2017-06-01,Spain,ES,subida de sueldo + aumento de sueldo + subida salarial,16.28
2017-07-01,Spain,ES,subida de sueldo + aumento de sueldo + subida salarial,17.87
2017-08-01,Spain,ES,subida de sueldo + aumento de sueldo + subida salarial,19.67
2017-09-01,Spain,ES,subida de sueldo + aumento de sueldo + subida salarial,21.76
2017-10-01,Spain,ES,subida de sueldo + aumento de sueldo + subida salarial,23.48
2017-11-01,Spain,ES,subida de sueldo + aumento de sueldo + subida salarial,24.24
2017-12-01,Spain,ES,subida de sueldo + aumento de sueldo + subida salarial,24.46
2018-01-01,Spain,ES,subida de sueldo + aumento de sueldo + subida salarial,25.59
2018-02-01,Spain,ES,subida de sueldo + aumento de sueldo + subida salarial,29.06
2018-03-01,Spain,ES,subida de sueldo + aumento de sueldo + subida salarial,33.57
2018-04-01,Spain,ES,subida de sueldo + aumento de sueldo + subida salarial,36.42
2018-05-01,Spain,ES,subida de sueldo + aumento de sueldo + subida salarial,38.28
2018-06-01,Spain,ES,subida de sueldo + aumento de sueldo + subida salarial,40.95
2018-07-01,Spain,ES,subida de sueldo + aumento de sueldo + subida salarial,43.78
2018-08-01,Spain,ES,subida de sueldo + aumento de sueldo + subida salarial,45.33
2018-09-01,Spain,ES,subida de sueldo + aumento de sueldo + subida salarial,45.8
2018-10-01,Spain,ES,subida de sueldo + aumento de sueldo + subida salarial,46.2
2018-11-01,Spain,ES,subida de sueldo + aumento de sueldo + subida salarial,47.4
2018-12-01,Spain,ES,subida de sueldo + aumento de sueldo + subida salarial,49.6
2019-01-01,Spain,ES,subida de sueldo + aumento de sueldo + subida salarial,50.91
2019-02-01,Spain,ES,subida de sueldo + aumento de sueldo + subida salarial,49.27
2019-03-01,Spain,ES,subida de sueldo + aumento de sueldo + subida salarial,45.92
2019-04-01,Spain,ES,subida de sueldo + aumento de sueldo + subida salarial,43.86
2019-05-01,Spain,ES,subida de sueldo + aumento de sueldo + subida salarial,42.81
2019-06-01,Spain,ES,subida de sueldo + aumento de sueldo + subida salarial,40.89
2019-07-01,Spain,ES,subida de sueldo + aumento de sueldo + subida salarial,38.48
2019-08-01,Spain,ES,subida de sueldo + aumento de sueldo + subida salarial,36.69
2019-09-01,Spain,ES,subida de sueldo + aumento de sueldo + subida salarial,35.21
2019-10-01,Spain,ES,subida de sueldo + aumento de sueldo + subida salarial,33.58
2019-11-01,Spain,ES,subida de sueldo + aumento de sueldo + subida salarial,31.42
2019-12-01,Spain,ES,subida de sueldo + aumento de sueldo + subida salarial,29.36
2020-01-01,Spain,ES,subida de sueldo + aumento de sueldo + subida salarial,29.02
2020-02-01,Spain,ES,subida de sueldo + aumento de sueldo + subida salarial,29.36
2020-03-01,Spain,ES,subida de sueldo + aumento de sueldo + subida salarial,29.37
2020-04-01,Spain,ES,subida de sueldo + aumento de sueldo + subida salarial,29.25
2020-05-01,Spain,ES,subida de sueldo + aumento de sueldo + subida salarial,28.85
2020-06-01,Spain,ES,subida de sueldo + aumento de sueldo + subida salarial,28.09
2020-07-01,Spain,ES,subida de sueldo + aumento de sueldo + subida salarial,27.39
2020-08-01,Spain,ES,subida de sueldo + aumento de sueldo + subida salarial,26.99
2020-09-01,Spain,ES,subida de sueldo + aumento de sueldo + subida salarial,27.11
2020-10-01,Spain,ES,subida de sueldo + aumento de sueldo + subida salarial,27.98
2020-11-01,Spain,ES,subida de sueldo + aumento de sueldo + subida salarial,28.66
2020-12-01,Spain,ES,subida de sueldo + aumento de sueldo + subida salarial,26.85
2021-01-01,Spain,ES,subida de sueldo + aumento de sueldo + subida salarial,22.43
2021-02-01,Spain,ES,subida de sueldo + aumento de sueldo + subida salarial,19.19
2021-03-01,Spain,ES,subida de sueldo + aumento de sueldo + subida salarial,18.52
2021-04-01,Spain,ES,subida de sueldo + aumento de sueldo + subida salarial,18.26
2021-05-01,Spain,ES,subida de sueldo + aumento de sueldo + subida salarial,17.9
2021-06-01,Spain,ES,subida de sueldo + aumento de sueldo + subida salarial,18.14
2021-07-01,Spain,ES,subida de sueldo + aumento de sueldo + subida salarial,18.7
2021-08-01,Spain,ES,subida de sueldo + aumento de sueldo + subida salarial,19.1
2021-09-01,Spain,ES,subida de sueldo + aumento de sueldo + subida salarial,18.78
2021-10-01,Spain,ES,subida de sueldo + aumento de sueldo + subida salarial,17.51
2021-11-01,Spain,ES,subida de sueldo + aumento de sueldo + subida salarial,16.88
2021-12-01,Spain,ES,subida de sueldo + aumento de sueldo + subida salarial,18.35
2022-01-01,Spain,ES,subida de sueldo + aumento de sueldo + subida salarial,21.58
2022-02-01,Spain,ES,subida de sueldo + aumento de sueldo + subida salarial,24.97
2022-03-01,Spain,ES,subida de sueldo + aumento de sueldo + subida salarial,27.41
2022-04-01,Spain,ES,subida de sueldo + aumento de sueldo + subida salarial,29.17
2022-05-01,Spain,ES,subida de sueldo + aumento de sueldo + subida salarial,30.7
2022-06-01,Spain,ES,subida de sueldo + aumento de sueldo + subida salarial,32.62
2022-07-01,Spain,ES,subida de sueldo + aumento de sueldo + subida salarial,35.07
2022-08-01,Spain,ES,subida de sueldo + aumento de sueldo + subida salarial,38.76
2022-09-01,Spain,ES,subida de sueldo + aumento de sueldo + subida salarial,44.94
2022-10-01,Spain,ES,subida de sueldo + aumento de sueldo + subida salarial,52.08
2022-11-01,Spain,ES,subida de sueldo + aumento de sueldo + subida salarial,57.64
2022-12-01,Spain,ES,subida de sueldo + aumento de sueldo + subida salarial,61.72
2023-01-01,Spain,ES,subida de sueldo + aumento de sueldo + subida salarial,65.31
2023-02-01,Spain,ES,subida de sueldo + aumento de sueldo + subida salarial,68.1
2023-03-01,Spain,ES,subida de sueldo + aumento de sueldo + subida salarial,69.67
2023-04-01,Spain,ES,subida de sueldo + aumento de sueldo + subida salarial,71.71
2023-05-01,Spain,ES,subida de sueldo + aumento de sueldo + subida salarial,74.65
2023-06-01,Spain,ES,subida de sueldo + aumento de sueldo + subida salarial,76.03
2023-07-01,Spain,ES,subida de sueldo + aumento de sueldo + subida salarial,76.01
2023-08-01,Spain,ES,subida de sueldo + aumento de sueldo + subida salarial,74.88
2023-09-01,Spain,ES,subida de sueldo + aumento de sueldo + subida salarial,71.83
2023-10-01,Spain,ES,subida de sueldo + aumento de sueldo + subida salarial,67.98
2023-11-01,Spain,ES,subida de sueldo + aumento de sueldo + subida salarial,64.57
2023-12-01,Spain,ES,subida de sueldo + aumento de sueldo + subida salarial,63.28
2024-01-01,Spain,ES,subida de sueldo + aumento de sueldo + subida salarial,63.77
2024-02-01,Spain,ES,subida de sueldo + aumento de sueldo + subida salarial,63.98
2024-03-01,Spain,ES,subida de sueldo + aumento de sueldo + subida salarial,64.35
2024-04-01,Spain,ES,subida de sueldo + aumento de sueldo + subida salarial,64.23
2024-05-01,Spain,ES,subida de sueldo + aumento de sueldo + subida salarial,63.44
2024-06-01,Spain,ES,subida de sueldo + aumento de sueldo + subida salarial,63.89
2024-07-01,Spain,ES,subida de sueldo + aumento de sueldo + subida salarial,64.43
2024-08-01,Spain,ES,subida de sueldo + aumento de sueldo + subida salarial,64.14
2024-09-01,Spain,ES,subida de sueldo + aumento de sueldo + subida salarial,62.9
2024-10-01,Spain,ES,subida de sueldo + aumento de sueldo + subida salarial,60.76
2024-11-01,Spain,ES,subida de sueldo + aumento de sueldo + subida salarial,58.86
2024-12-01,Spain,ES,subida de sueldo + aumento de sueldo + subida salarial,57.35
2025-01-01,Spain,ES,subida de sueldo + aumento de sueldo + subida salarial,56.17
2025-02-01,Spain,ES,subida de sueldo + aumento de sueldo + subida salarial,56.28
2025-03-01,Spain,ES,subida de sueldo + aumento de sueldo + subida salarial,57.26
2025-04-01,Spain,ES,subida de sueldo + aumento de sueldo + subida salarial,58.64
2025-05-01,Spain,ES,subida de sueldo + aumento de sueldo + subida salarial,60.24
2025-06-01,Spain,ES,subida de sueldo + aumento de sueldo + subida salarial,62.45
2025-07-01,Spain,ES,subida de sueldo + aumento de sueldo + subida salarial,65.99
2025-08-01,Spain,ES,subida de sueldo + aumento de sueldo + subida salarial,69.1
2025-09-01,Spain,ES,subida de sueldo + aumento de sueldo + subida salarial,71.38
2025-10-01,Spain,ES,subida de sueldo + aumento de sueldo + subida salarial,77.78
2025-11-01,Spain,ES,subida de sueldo + aumento de sueldo + subida salarial,89.74
2025-12-01,Spain,ES,subida de sueldo + aumento de sueldo + subida salarial,98.54
2026-01-01,Spain,ES,subida de sueldo + aumento de sueldo + subida salarial,100
2026-02-01,Spain,ES,subida de sueldo + aumento de sueldo + subida salarial,98.63
2026-03-01,Spain,ES,subida de sueldo + aumento de sueldo + subida salarial,96.84
2026-04-01,Spain,ES,subida de sueldo + aumento de sueldo + subida salarial,94.57
2026-05-01,Spain,ES,subida de sueldo + aumento de sueldo + subida salarial,91.7
2026-06-01,Spain,ES,subida de sueldo + aumento de sueldo + subida salarial,87.7
2026-07-01,Spain,ES,subida de sueldo + aumento de sueldo + subida salarial,83.13
2026-08-01,Spain,ES,subida de sueldo + aumento de sueldo + subida salarial,79.99
2004-01-01,France,FR,augmentation SMIC + hausse SMIC,13.7
2004-02-01,France,FR,augmentation SMIC + hausse SMIC,13.42
2004-03-01,France,FR,augmentation SMIC + hausse SMIC,15.06
2004-04-01,France,FR,augmentation SMIC + hausse SMIC,17.03
2004-05-01,France,FR,augmentation SMIC + hausse SMIC,17.64
2004-06-01,France,FR,augmentation SMIC + hausse SMIC,19.48
2004-07-01,France,FR,augmentation SMIC + hausse SMIC,23.66
2004-08-01,France,FR,augmentation SMIC + hausse SMIC,26.35
2004-09-01,France,FR,augmentation SMIC + hausse SMIC,27.03
2004-10-01,France,FR,augmentation SMIC + hausse SMIC,27.12
2004-11-01,France,FR,augmentation SMIC + hausse SMIC,26.49
2004-12-01,France,FR,augmentation SMIC + hausse SMIC,25.8
2005-01-01,France,FR,augmentation SMIC + hausse SMIC,26.94
2005-02-01,France,FR,augmentation SMIC + hausse SMIC,28.1
2005-03-01,France,FR,augmentation SMIC + hausse SMIC,27.84
2005-04-01,France,FR,augmentation SMIC + hausse SMIC,26.43
2005-05-01,France,FR,augmentation SMIC + hausse SMIC,26.07
2005-06-01,France,FR,augmentation SMIC + hausse SMIC,25.05
2005-07-01,France,FR,augmentation SMIC + hausse SMIC,21.15
2005-08-01,France,FR,augmentation SMIC + hausse SMIC,17.91
2005-09-01,France,FR,augmentation SMIC + hausse SMIC,16.49
2005-10-01,France,FR,augmentation SMIC + hausse SMIC,15.73
2005-11-01,France,FR,augmentation SMIC + hausse SMIC,16.04
2005-12-01,France,FR,augmentation SMIC + hausse SMIC,16.02
2006-01-01,France,FR,augmentation SMIC + hausse SMIC,15.06
2006-02-01,France,FR,augmentation SMIC + hausse SMIC,14.6
2006-03-01,France,FR,augmentation SMIC + hausse SMIC,15.17
2006-04-01,France,FR,augmentation SMIC + hausse SMIC,15.94
2006-05-01,France,FR,augmentation SMIC + hausse SMIC,16.69
2006-06-01,France,FR,augmentation SMIC + hausse SMIC,19.16
2006-07-01,France,FR,augmentation SMIC + hausse SMIC,23.11
2006-08-01,France,FR,augmentation SMIC + hausse SMIC,25.73
2006-09-01,France,FR,augmentation SMIC + hausse SMIC,26.94
2006-10-01,France,FR,augmentation SMIC + hausse SMIC,27.61
2006-11-01,France,FR,augmentation SMIC + hausse SMIC,27.91
2006-12-01,France,FR,augmentation SMIC + hausse SMIC,29.05
2007-01-01,France,FR,augmentation SMIC + hausse SMIC,30.5
2007-02-01,France,FR,augmentation SMIC + hausse SMIC,30.99
2007-03-01,France,FR,augmentation SMIC + hausse SMIC,30.48
2007-04-01,France,FR,augmentation SMIC + hausse SMIC,29.21
2007-05-01,France,FR,augmentation SMIC + hausse SMIC,26.39
2007-06-01,France,FR,augmentation SMIC + hausse SMIC,22.3
2007-07-01,France,FR,augmentation SMIC + hausse SMIC,19.44
2007-08-01,France,FR,augmentation SMIC + hausse SMIC,18.44
2007-09-01,France,FR,augmentation SMIC + hausse SMIC,18.18
2007-10-01,France,FR,augmentation SMIC + hausse SMIC,18.09
2007-11-01,France,FR,augmentation SMIC + hausse SMIC,17.76
2007-12-01,France,FR,augmentation SMIC + hausse SMIC,16.9
2008-01-01,France,FR,augmentation SMIC + hausse SMIC,15.93
2008-02-01,France,FR,augmentation SMIC + hausse SMIC,15.82
2008-03-01,France,FR,augmentation SMIC + hausse SMIC,18.8
2008-04-01,France,FR,augmentation SMIC + hausse SMIC,26.42
2008-05-01,France,FR,augmentation SMIC + hausse SMIC,34.95
2008-06-01,France,FR,augmentation SMIC + hausse SMIC,40.04
2008-07-01,France,FR,augmentation SMIC + hausse SMIC,41.18
2008-08-01,France,FR,augmentation SMIC + hausse SMIC,40.71
2008-09-01,France,FR,augmentation SMIC + hausse SMIC,40.47
2008-10-01,France,FR,augmentation SMIC + hausse SMIC,40.46
2008-11-01,France,FR,augmentation SMIC + hausse SMIC,40.33
2008-12-01,France,FR,augmentation SMIC + hausse SMIC,40
2009-01-01,France,FR,augmentation SMIC + hausse SMIC,39.59
2009-02-01,France,FR,augmentation SMIC + hausse SMIC,39.13
2009-03-01,France,FR,augmentation SMIC + hausse SMIC,36.11
2009-04-01,France,FR,augmentation SMIC + hausse SMIC,28.76
2009-05-01,France,FR,augmentation SMIC + hausse SMIC,21.8
2009-06-01,France,FR,augmentation SMIC + hausse SMIC,19.4
2009-07-01,France,FR,augmentation SMIC + hausse SMIC,20.06
2009-08-01,France,FR,augmentation SMIC + hausse SMIC,21.06
2009-09-01,France,FR,augmentation SMIC + hausse SMIC,21.43
2009-10-01,France,FR,augmentation SMIC + hausse SMIC,21.45
2009-11-01,France,FR,augmentation SMIC + hausse SMIC,21.61
2009-12-01,France,FR,augmentation SMIC + hausse SMIC,22.14
2010-01-01,France,FR,augmentation SMIC + hausse SMIC,22.69
2010-02-01,France,FR,augmentation SMIC + hausse SMIC,23.12
2010-03-01,France,FR,augmentation SMIC + hausse SMIC,23.73
2010-04-01,France,FR,augmentation SMIC + hausse SMIC,24.41
2010-05-01,France,FR,augmentation SMIC + hausse SMIC,23.6
2010-06-01,France,FR,augmentation SMIC + hausse SMIC,20.98
2010-07-01,France,FR,augmentation SMIC + hausse SMIC,18.87
2010-08-01,France,FR,augmentation SMIC + hausse SMIC,18.11
2010-09-01,France,FR,augmentation SMIC + hausse SMIC,17.96
2010-10-01,France,FR,augmentation SMIC + hausse SMIC,17.87
2010-11-01,France,FR,augmentation SMIC + hausse SMIC,17.29
2010-12-01,France,FR,augmentation SMIC + hausse SMIC,16.88
2011-01-01,France,FR,augmentation SMIC + hausse SMIC,17.61
2011-02-01,France,FR,augmentation SMIC + hausse SMIC,18.58
2011-03-01,France,FR,augmentation SMIC + hausse SMIC,19.95
2011-04-01,France,FR,augmentation SMIC + hausse SMIC,22.68
2011-05-01,France,FR,augmentation SMIC + hausse SMIC,25.4
2011-06-01,France,FR,augmentation SMIC + hausse SMIC,27.3
2011-07-01,France,FR,augmentation SMIC + hausse SMIC,29.02
2011-08-01,France,FR,augmentation SMIC + hausse SMIC,30.78
2011-09-01,France,FR,augmentation SMIC + hausse SMIC,32.36
2011-10-01,France,FR,augmentation SMIC + hausse SMIC,35.28
2011-11-01,France,FR,augmentation SMIC + hausse SMIC,41.55
2011-12-01,France,FR,augmentation SMIC + hausse SMIC,48.88
2012-01-01,France,FR,augmentation SMIC + hausse SMIC,53.57
2012-02-01,France,FR,augmentation SMIC + hausse SMIC,55.63
2012-03-01,France,FR,augmentation SMIC + hausse SMIC,56.25
2012-04-01,France,FR,augmentation SMIC + hausse SMIC,56.57
2012-05-01,France,FR,augmentation SMIC + hausse SMIC,60.67
2012-06-01,France,FR,augmentation SMIC + hausse SMIC,67.87
2012-07-01,France,FR,augmentation SMIC + hausse SMIC,71.58
2012-08-01,France,FR,augmentation SMIC + hausse SMIC,71.47
2012-09-01,France,FR,augmentation SMIC + hausse SMIC,70.71
2012-10-01,France,FR,augmentation SMIC + hausse SMIC,68.01
2012-11-01,France,FR,augmentation SMIC + hausse SMIC,61.36
2012-12-01,France,FR,augmentation SMIC + hausse SMIC,52.79
2013-01-01,France,FR,augmentation SMIC + hausse SMIC,45.82
2013-02-01,France,FR,augmentation SMIC + hausse SMIC,41.85
2013-03-01,France,FR,augmentation SMIC + hausse SMIC,39.68
2013-04-01,France,FR,augmentation SMIC + hausse SMIC,37.16
2013-05-01,France,FR,augmentation SMIC + hausse SMIC,30.86
2013-06-01,France,FR,augmentation SMIC + hausse SMIC,21.82
2013-07-01,France,FR,augmentation SMIC + hausse SMIC,16.17
2013-08-01,France,FR,augmentation SMIC + hausse SMIC,14.03
2013-09-01,France,FR,augmentation SMIC + hausse SMIC,12.57
2013-10-01,France,FR,augmentation SMIC + hausse SMIC,11.69
2013-11-01,France,FR,augmentation SMIC + hausse SMIC,11.51
2013-12-01,France,FR,augmentation SMIC + hausse SMIC,11.9
2014-01-01,France,FR,augmentation SMIC + hausse SMIC,12.6
2014-02-01,France,FR,augmentation SMIC + hausse SMIC,12.64
2014-03-01,France,FR,augmentation SMIC + hausse SMIC,12.06
2014-04-01,France,FR,augmentation SMIC + hausse SMIC,11.72
2014-05-01,France,FR,augmentation SMIC + hausse SMIC,11.71
2014-06-01,France,FR,augmentation SMIC + hausse SMIC,11.63
2014-07-01,France,FR,augmentation SMIC + hausse SMIC,10.99
2014-08-01,France,FR,augmentation SMIC + hausse SMIC,10.03
2014-09-01,France,FR,augmentation SMIC + hausse SMIC,8.98
2014-10-01,France,FR,augmentation SMIC + hausse SMIC,8.18
2014-11-01,France,FR,augmentation SMIC + hausse SMIC,8
2014-12-01,France,FR,augmentation SMIC + hausse SMIC,8.06
2015-01-01,France,FR,augmentation SMIC + hausse SMIC,7.82
2015-02-01,France,FR,augmentation SMIC + hausse SMIC,7.36
2015-03-01,France,FR,augmentation SMIC + hausse SMIC,6.8
2015-04-01,France,FR,augmentation SMIC + hausse SMIC,6
2015-05-01,France,FR,augmentation SMIC + hausse SMIC,5.67
2015-06-01,France,FR,augmentation SMIC + hausse SMIC,5.97
2015-07-01,France,FR,augmentation SMIC + hausse SMIC,6.01
2015-08-01,France,FR,augmentation SMIC + hausse SMIC,5.7
2015-09-01,France,FR,augmentation SMIC + hausse SMIC,5.43
2015-10-01,France,FR,augmentation SMIC + hausse SMIC,5.11
2015-11-01,France,FR,augmentation SMIC + hausse SMIC,4.65
2015-12-01,France,FR,augmentation SMIC + hausse SMIC,3.9
2016-01-01,France,FR,augmentation SMIC + hausse SMIC,2.88
2016-02-01,France,FR,augmentation SMIC + hausse SMIC,2.13
2016-03-01,France,FR,augmentation SMIC + hausse SMIC,1.78
2016-04-01,France,FR,augmentation SMIC + hausse SMIC,1.78
2016-05-01,France,FR,augmentation SMIC + hausse SMIC,2.1
2016-06-01,France,FR,augmentation SMIC + hausse SMIC,2.44
2016-07-01,France,FR,augmentation SMIC + hausse SMIC,2.72
2016-08-01,France,FR,augmentation SMIC + hausse SMIC,3
2016-09-01,France,FR,augmentation SMIC + hausse SMIC,3.26
2016-10-01,France,FR,augmentation SMIC + hausse SMIC,3.48
2016-11-01,France,FR,augmentation SMIC + hausse SMIC,2.87
2016-12-01,France,FR,augmentation SMIC + hausse SMIC,1.62
2017-01-01,France,FR,augmentation SMIC + hausse SMIC,0.93
2017-02-01,France,FR,augmentation SMIC + hausse SMIC,1.16
2017-03-01,France,FR,augmentation SMIC + hausse SMIC,1.6
2017-04-01,France,FR,augmentation SMIC + hausse SMIC,2.19
2017-05-01,France,FR,augmentation SMIC + hausse SMIC,2.76
2017-06-01,France,FR,augmentation SMIC + hausse SMIC,3.33
2017-07-01,France,FR,augmentation SMIC + hausse SMIC,3.99
2017-08-01,France,FR,augmentation SMIC + hausse SMIC,4.59
2017-09-01,France,FR,augmentation SMIC + hausse SMIC,5.11
2017-10-01,France,FR,augmentation SMIC + hausse SMIC,5.54
2017-11-01,France,FR,augmentation SMIC + hausse SMIC,4.68
2017-12-01,France,FR,augmentation SMIC + hausse SMIC,4.68
2018-01-01,France,FR,augmentation SMIC + hausse SMIC,5.03
2018-02-01,France,FR,augmentation SMIC + hausse SMIC,6.28
2018-03-01,France,FR,augmentation SMIC + hausse SMIC,6.91
2018-04-01,France,FR,augmentation SMIC + hausse SMIC,7.19
2018-05-01,France,FR,augmentation SMIC + hausse SMIC,7.34
2018-06-01,France,FR,augmentation SMIC + hausse SMIC,7.67
2018-07-01,France,FR,augmentation SMIC + hausse SMIC,8.17
2018-08-01,France,FR,augmentation SMIC + hausse SMIC,8.77
2018-09-01,France,FR,augmentation SMIC + hausse SMIC,9.56
2018-10-01,France,FR,augmentation SMIC + hausse SMIC,10.84
2018-11-01,France,FR,augmentation SMIC + hausse SMIC,20.61
2018-12-01,France,FR,augmentation SMIC + hausse SMIC,36.44
2019-01-01,France,FR,augmentation SMIC + hausse SMIC,45.34
2019-02-01,France,FR,augmentation SMIC + hausse SMIC,45.94
2019-03-01,France,FR,augmentation SMIC + hausse SMIC,46.52
2019-04-01,France,FR,augmentation SMIC + hausse SMIC,47.1
2019-05-01,France,FR,augmentation SMIC + hausse SMIC,47.59
2019-06-01,France,FR,augmentation SMIC + hausse SMIC,47.8
2019-07-01,France,FR,augmentation SMIC + hausse SMIC,47.76
2019-08-01,France,FR,augmentation SMIC + hausse SMIC,47.31
2019-09-01,France,FR,augmentation SMIC + hausse SMIC,46.11
2019-10-01,France,FR,augmentation SMIC + hausse SMIC,44.44
2019-11-01,France,FR,augmentation SMIC + hausse SMIC,34.81
2019-12-01,France,FR,augmentation SMIC + hausse SMIC,18.99
2020-01-01,France,FR,augmentation SMIC + hausse SMIC,10.28
2020-02-01,France,FR,augmentation SMIC + hausse SMIC,10
2020-03-01,France,FR,augmentation SMIC + hausse SMIC,9.29
2020-04-01,France,FR,augmentation SMIC + hausse SMIC,8.08
2020-05-01,France,FR,augmentation SMIC + hausse SMIC,7.19
2020-06-01,France,FR,augmentation SMIC + hausse SMIC,6.75
2020-07-01,France,FR,augmentation SMIC + hausse SMIC,6.2
2020-08-01,France,FR,augmentation SMIC + hausse SMIC,5.24
2020-09-01,France,FR,augmentation SMIC + hausse SMIC,3.95
2020-10-01,France,FR,augmentation SMIC + hausse SMIC,3.04
2020-11-01,France,FR,augmentation SMIC + hausse SMIC,3.89
2020-12-01,France,FR,augmentation SMIC + hausse SMIC,4.23
2021-01-01,France,FR,augmentation SMIC + hausse SMIC,4.72
2021-02-01,France,FR,augmentation SMIC + hausse SMIC,4.45
2021-03-01,France,FR,augmentation SMIC + hausse SMIC,3.95
2021-04-01,France,FR,augmentation SMIC + hausse SMIC,2.55
2021-05-01,France,FR,augmentation SMIC + hausse SMIC,1.31
2021-06-01,France,FR,augmentation SMIC + hausse SMIC,0.59
2021-07-01,France,FR,augmentation SMIC + hausse SMIC,0
2021-08-01,France,FR,augmentation SMIC + hausse SMIC,3.07
2021-09-01,France,FR,augmentation SMIC + hausse SMIC,12.19
2021-10-01,France,FR,augmentation SMIC + hausse SMIC,21.64
2021-11-01,France,FR,augmentation SMIC + hausse SMIC,28.26
2021-12-01,France,FR,augmentation SMIC + hausse SMIC,33.81
2022-01-01,France,FR,augmentation SMIC + hausse SMIC,37.9
2022-02-01,France,FR,augmentation SMIC + hausse SMIC,41.44
2022-03-01,France,FR,augmentation SMIC + hausse SMIC,48.57
2022-04-01,France,FR,augmentation SMIC + hausse SMIC,60.03
2022-05-01,France,FR,augmentation SMIC + hausse SMIC,70.93
2022-06-01,France,FR,augmentation SMIC + hausse SMIC,80.84
2022-07-01,France,FR,augmentation SMIC + hausse SMIC,92.63
2022-08-01,France,FR,augmentation SMIC + hausse SMIC,100
2022-09-01,France,FR,augmentation SMIC + hausse SMIC,97.87
2022-10-01,France,FR,augmentation SMIC + hausse SMIC,93.29
2022-11-01,France,FR,augmentation SMIC + hausse SMIC,92.31
2022-12-01,France,FR,augmentation SMIC + hausse SMIC,94.5
2023-01-01,France,FR,augmentation SMIC + hausse SMIC,97.71
2023-02-01,France,FR,augmentation SMIC + hausse SMIC,99.73
2023-03-01,France,FR,augmentation SMIC + hausse SMIC,99.86
2023-04-01,France,FR,augmentation SMIC + hausse SMIC,98.85
2023-05-01,France,FR,augmentation SMIC + hausse SMIC,97.39
2023-06-01,France,FR,augmentation SMIC + hausse SMIC,92.89
2023-07-01,France,FR,augmentation SMIC + hausse SMIC,83.96
2023-08-01,France,FR,augmentation SMIC + hausse SMIC,76.63
2023-09-01,France,FR,augmentation SMIC + hausse SMIC,74.14
2023-10-01,France,FR,augmentation SMIC + hausse SMIC,73.11
2023-11-01,France,FR,augmentation SMIC + hausse SMIC,72.6
2023-12-01,France,FR,augmentation SMIC + hausse SMIC,73.03
2024-01-01,France,FR,augmentation SMIC + hausse SMIC,72.93
2024-02-01,France,FR,augmentation SMIC + hausse SMIC,71.71
2024-03-01,France,FR,augmentation SMIC + hausse SMIC,67.45
2024-04-01,France,FR,augmentation SMIC + hausse SMIC,59
2024-05-01,France,FR,augmentation SMIC + hausse SMIC,51.39
2024-06-01,France,FR,augmentation SMIC + hausse SMIC,50.35
2024-07-01,France,FR,augmentation SMIC + hausse SMIC,54.08
2024-08-01,France,FR,augmentation SMIC + hausse SMIC,56.73
2024-09-01,France,FR,augmentation SMIC + hausse SMIC,58.53
2024-10-01,France,FR,augmentation SMIC + hausse SMIC,63.51
2024-11-01,France,FR,augmentation SMIC + hausse SMIC,66.16
2024-12-01,France,FR,augmentation SMIC + hausse SMIC,62.43
2025-01-01,France,FR,augmentation SMIC + hausse SMIC,57.27
2025-02-01,France,FR,augmentation SMIC + hausse SMIC,54.39
2025-03-01,France,FR,augmentation SMIC + hausse SMIC,53.32
2025-04-01,France,FR,augmentation SMIC + hausse SMIC,52.61
2025-05-01,France,FR,augmentation SMIC + hausse SMIC,50.4
2025-06-01,France,FR,augmentation SMIC + hausse SMIC,45.51
2025-07-01,France,FR,augmentation SMIC + hausse SMIC,39.55
2025-08-01,France,FR,augmentation SMIC + hausse SMIC,35.44
2025-09-01,France,FR,augmentation SMIC + hausse SMIC,30.69
2025-10-01,France,FR,augmentation SMIC + hausse SMIC,23.04
2025-11-01,France,FR,augmentation SMIC + hausse SMIC,17.27
2025-12-01,France,FR,augmentation SMIC + hausse SMIC,16.1
2026-01-01,France,FR,augmentation SMIC + hausse SMIC,16.64
2026-02-01,France,FR,augmentation SMIC + hausse SMIC,16.87
2026-03-01,France,FR,augmentation SMIC + hausse SMIC,16.94
2026-04-01,France,FR,augmentation SMIC + hausse SMIC,20.84
2026-05-01,France,FR,augmentation SMIC + hausse SMIC,30.17
2026-06-01,France,FR,augmentation SMIC + hausse SMIC,37.76
2026-07-01,France,FR,augmentation SMIC + hausse SMIC,40.28
2026-08-01,France,FR,augmentation SMIC + hausse SMIC,40.8
2004-01-01,France,FR,augmentation de salaire + augmentation salaire,2.5
2004-02-01,France,FR,augmentation de salaire + augmentation salaire,0
2004-03-01,France,FR,augmentation de salaire + augmentation salaire,0.29
2004-04-01,France,FR,augmentation de salaire + augmentation salaire,1.47
2004-05-01,France,FR,augmentation de salaire + augmentation salaire,2.27
2004-06-01,France,FR,augmentation de salaire + augmentation salaire,3.17
2004-07-01,France,FR,augmentation de salaire + augmentation salaire,3.41
2004-08-01,France,FR,augmentation de salaire + augmentation salaire,2.31
2004-09-01,France,FR,augmentation de salaire + augmentation salaire,1.42
2004-10-01,France,FR,augmentation de salaire + augmentation salaire,1.45
2004-11-01,France,FR,augmentation de salaire + augmentation salaire,2.27
2004-12-01,France,FR,augmentation de salaire + augmentation salaire,3.29
2005-01-01,France,FR,augmentation de salaire + augmentation salaire,4.31
2005-02-01,France,FR,augmentation de salaire + augmentation salaire,6.11
2005-03-01,France,FR,augmentation de salaire + augmentation salaire,7.13
2005-04-01,France,FR,augmentation de salaire + augmentation salaire,7.35
2005-05-01,France,FR,augmentation de salaire + augmentation salaire,7.68
2005-06-01,France,FR,augmentation de salaire + augmentation salaire,7.69
2005-07-01,France,FR,augmentation de salaire + augmentation salaire,7.92
2005-08-01,France,FR,augmentation de salaire + augmentation salaire,9.57
2005-09-01,France,FR,augmentation de salaire + augmentation salaire,11.33
2005-10-01,France,FR,augmentation de salaire + augmentation salaire,11.76
2005-11-01,France,FR,augmentation de salaire + augmentation salaire,10.86
2005-12-01,France,FR,augmentation de salaire + augmentation salaire,9.42
2006-01-01,France,FR,augmentation de salaire + augmentation salaire,8
2006-02-01,France,FR,augmentation de salaire + augmentation salaire,6.56
2006-03-01,France,FR,augmentation de salaire + augmentation salaire,5.9
2006-04-01,France,FR,augmentation de salaire + augmentation salaire,5.57
2006-05-01,France,FR,augmentation de salaire + augmentation salaire,4.79
2006-06-01,France,FR,augmentation de salaire + augmentation salaire,4.26
2006-07-01,France,FR,augmentation de salaire + augmentation salaire,4.04
2006-08-01,France,FR,augmentation de salaire + augmentation salaire,3.29
2006-09-01,France,FR,augmentation de salaire + augmentation salaire,2.2
2006-10-01,France,FR,augmentation de salaire + augmentation salaire,1.7
2006-11-01,France,FR,augmentation de salaire + augmentation salaire,1.93
2006-12-01,France,FR,augmentation de salaire + augmentation salaire,2.51
2007-01-01,France,FR,augmentation de salaire + augmentation salaire,2.85
2007-02-01,France,FR,augmentation de salaire + augmentation salaire,2.5
2007-03-01,France,FR,augmentation de salaire + augmentation salaire,1.89
2007-04-01,France,FR,augmentation de salaire + augmentation salaire,1.44
2007-05-01,France,FR,augmentation de salaire + augmentation salaire,1.44
2007-06-01,France,FR,augmentation de salaire + augmentation salaire,1.61
2007-07-01,France,FR,augmentation de salaire + augmentation salaire,1.51
2007-08-01,France,FR,augmentation de salaire + augmentation salaire,1.19
2007-09-01,France,FR,augmentation de salaire + augmentation salaire,1.31
2007-10-01,France,FR,augmentation de salaire + augmentation salaire,2.13
2007-11-01,France,FR,augmentation de salaire + augmentation salaire,2.91
2007-12-01,France,FR,augmentation de salaire + augmentation salaire,3.17
2008-01-01,France,FR,augmentation de salaire + augmentation salaire,3.64
2008-02-01,France,FR,augmentation de salaire + augmentation salaire,4.47
2008-03-01,France,FR,augmentation de salaire + augmentation salaire,5.09
2008-04-01,France,FR,augmentation de salaire + augmentation salaire,5.99
2008-05-01,France,FR,augmentation de salaire + augmentation salaire,6.85
2008-06-01,France,FR,augmentation de salaire + augmentation salaire,7.01
2008-07-01,France,FR,augmentation de salaire + augmentation salaire,6.85
2008-08-01,France,FR,augmentation de salaire + augmentation salaire,6.92
2008-09-01,France,FR,augmentation de salaire + augmentation salaire,6.88
2008-10-01,France,FR,augmentation de salaire + augmentation salaire,6.07
2008-11-01,France,FR,augmentation de salaire + augmentation salaire,5.02
2008-12-01,France,FR,augmentation de salaire + augmentation salaire,4.47
2009-01-01,France,FR,augmentation de salaire + augmentation salaire,4
2009-02-01,France,FR,augmentation de salaire + augmentation salaire,3.3
2009-03-01,France,FR,augmentation de salaire + augmentation salaire,2.61
2009-04-01,France,FR,augmentation de salaire + augmentation salaire,1.64
2009-05-01,France,FR,augmentation de salaire + augmentation salaire,0.73
2009-06-01,France,FR,augmentation de salaire + augmentation salaire,0.53
2009-07-01,France,FR,augmentation de salaire + augmentation salaire,0.78
2009-08-01,France,FR,augmentation de salaire + augmentation salaire,0.96
2009-09-01,France,FR,augmentation de salaire + augmentation salaire,1.03
2009-10-01,France,FR,augmentation de salaire + augmentation salaire,1.16
2009-11-01,France,FR,augmentation de salaire + augmentation salaire,1.34
2009-12-01,France,FR,augmentation de salaire + augmentation salaire,1.41
2010-01-01,France,FR,augmentation de salaire + augmentation salaire,1.37
2010-02-01,France,FR,augmentation de salaire + augmentation salaire,2.06
2010-03-01,France,FR,augmentation de salaire + augmentation salaire,3.58
2010-04-01,France,FR,augmentation de salaire + augmentation salaire,4.66
2010-05-01,France,FR,augmentation de salaire + augmentation salaire,5.05
2010-06-01,France,FR,augmentation de salaire + augmentation salaire,5.22
2010-07-01,France,FR,augmentation de salaire + augmentation salaire,5.46
2010-08-01,France,FR,augmentation de salaire + augmentation salaire,5.79
2010-09-01,France,FR,augmentation de salaire + augmentation salaire,6
2010-10-01,France,FR,augmentation de salaire + augmentation salaire,6.17
2010-11-01,France,FR,augmentation de salaire + augmentation salaire,6.45
2010-12-01,France,FR,augmentation de salaire + augmentation salaire,6.96
2011-01-01,France,FR,augmentation de salaire + augmentation salaire,7.64
2011-02-01,France,FR,augmentation de salaire + augmentation salaire,7.55
2011-03-01,France,FR,augmentation de salaire + augmentation salaire,6.53
2011-04-01,France,FR,augmentation de salaire + augmentation salaire,5.87
2011-05-01,France,FR,augmentation de salaire + augmentation salaire,5.63
2011-06-01,France,FR,augmentation de salaire + augmentation salaire,5.17
2011-07-01,France,FR,augmentation de salaire + augmentation salaire,4.47
2011-08-01,France,FR,augmentation de salaire + augmentation salaire,3.77
2011-09-01,France,FR,augmentation de salaire + augmentation salaire,3.36
2011-10-01,France,FR,augmentation de salaire + augmentation salaire,3.55
2011-11-01,France,FR,augmentation de salaire + augmentation salaire,4.17
2011-12-01,France,FR,augmentation de salaire + augmentation salaire,4.37
2012-01-01,France,FR,augmentation de salaire + augmentation salaire,4.08
2012-02-01,France,FR,augmentation de salaire + augmentation salaire,3.99
2012-03-01,France,FR,augmentation de salaire + augmentation salaire,4.26
2012-04-01,France,FR,augmentation de salaire + augmentation salaire,4.96
2012-05-01,France,FR,augmentation de salaire + augmentation salaire,6.24
2012-06-01,France,FR,augmentation de salaire + augmentation salaire,7.45
2012-07-01,France,FR,augmentation de salaire + augmentation salaire,8.16
2012-08-01,France,FR,augmentation de salaire + augmentation salaire,8.52
2012-09-01,France,FR,augmentation de salaire + augmentation salaire,8.7
2012-10-01,France,FR,augmentation de salaire + augmentation salaire,8.41
2012-11-01,France,FR,augmentation de salaire + augmentation salaire,7.43
2012-12-01,France,FR,augmentation de salaire + augmentation salaire,6.45
2013-01-01,France,FR,augmentation de salaire + augmentation salaire,5.7
2013-02-01,France,FR,augmentation de salaire + augmentation salaire,5.03
2013-03-01,France,FR,augmentation de salaire + augmentation salaire,4.48
2013-04-01,France,FR,augmentation de salaire + augmentation salaire,3.44
2013-05-01,France,FR,augmentation de salaire + augmentation salaire,1.75
2013-06-01,France,FR,augmentation de salaire + augmentation salaire,0.44
2013-07-01,France,FR,augmentation de salaire + augmentation salaire,0.02
2013-08-01,France,FR,augmentation de salaire + augmentation salaire,0.09
2013-09-01,France,FR,augmentation de salaire + augmentation salaire,0.25
2013-10-01,France,FR,augmentation de salaire + augmentation salaire,0.38
2013-11-01,France,FR,augmentation de salaire + augmentation salaire,0.64
2013-12-01,France,FR,augmentation de salaire + augmentation salaire,1.32
2014-01-01,France,FR,augmentation de salaire + augmentation salaire,2.47
2014-02-01,France,FR,augmentation de salaire + augmentation salaire,3.45
2014-03-01,France,FR,augmentation de salaire + augmentation salaire,3.82
2014-04-01,France,FR,augmentation de salaire + augmentation salaire,4.16
2014-05-01,France,FR,augmentation de salaire + augmentation salaire,4.63
2014-06-01,France,FR,augmentation de salaire + augmentation salaire,4.89
2014-07-01,France,FR,augmentation de salaire + augmentation salaire,4.81
2014-08-01,France,FR,augmentation de salaire + augmentation salaire,4.54
2014-09-01,France,FR,augmentation de salaire + augmentation salaire,4.3
2014-10-01,France,FR,augmentation de salaire + augmentation salaire,4.13
2014-11-01,France,FR,augmentation de salaire + augmentation salaire,4.14
2014-12-01,France,FR,augmentation de salaire + augmentation salaire,4.01
2015-01-01,France,FR,augmentation de salaire + augmentation salaire,3.4
2015-02-01,France,FR,augmentation de salaire + augmentation salaire,2.81
2015-03-01,France,FR,augmentation de salaire + augmentation salaire,2.71
2015-04-01,France,FR,augmentation de salaire + augmentation salaire,2.76
2015-05-01,France,FR,augmentation de salaire + augmentation salaire,2.92
2015-06-01,France,FR,augmentation de salaire + augmentation salaire,3.4
2015-07-01,France,FR,augmentation de salaire + augmentation salaire,3.97
2015-08-01,France,FR,augmentation de salaire + augmentation salaire,4.36
2015-09-01,France,FR,augmentation de salaire + augmentation salaire,4.64
2015-10-01,France,FR,augmentation de salaire + augmentation salaire,5.05
2015-11-01,France,FR,augmentation de salaire + augmentation salaire,5.42
2015-12-01,France,FR,augmentation de salaire + augmentation salaire,5.45
2016-01-01,France,FR,augmentation de salaire + augmentation salaire,5.52
2016-02-01,France,FR,augmentation de salaire + augmentation salaire,6.36
2016-03-01,France,FR,augmentation de salaire + augmentation salaire,7.74
2016-04-01,France,FR,augmentation de salaire + augmentation salaire,9.14
2016-05-01,France,FR,augmentation de salaire + augmentation salaire,10.58
2016-06-01,France,FR,augmentation de salaire + augmentation salaire,11.62
2016-07-01,France,FR,augmentation de salaire + augmentation salaire,12.16
2016-08-01,France,FR,augmentation de salaire + augmentation salaire,12.77
2016-09-01,France,FR,augmentation de salaire + augmentation salaire,13.35
2016-10-01,France,FR,augmentation de salaire + augmentation salaire,13.56
2016-11-01,France,FR,augmentation de salaire + augmentation salaire,13.6
2016-12-01,France,FR,augmentation de salaire + augmentation salaire,13.54
2017-01-01,France,FR,augmentation de salaire + augmentation salaire,13.3
2017-02-01,France,FR,augmentation de salaire + augmentation salaire,12.68
2017-03-01,France,FR,augmentation de salaire + augmentation salaire,11.77
2017-04-01,France,FR,augmentation de salaire + augmentation salaire,11.05
2017-05-01,France,FR,augmentation de salaire + augmentation salaire,10.41
2017-06-01,France,FR,augmentation de salaire + augmentation salaire,10.07
2017-07-01,France,FR,augmentation de salaire + augmentation salaire,10.2
2017-08-01,France,FR,augmentation de salaire + augmentation salaire,10.23
2017-09-01,France,FR,augmentation de salaire + augmentation salaire,10.01
2017-10-01,France,FR,augmentation de salaire + augmentation salaire,9.79
2017-11-01,France,FR,augmentation de salaire + augmentation salaire,9.58
2017-12-01,France,FR,augmentation de salaire + augmentation salaire,10.67
2018-01-01,France,FR,augmentation de salaire + augmentation salaire,13.66
2018-02-01,France,FR,augmentation de salaire + augmentation salaire,16.36
2018-03-01,France,FR,augmentation de salaire + augmentation salaire,17.97
2018-04-01,France,FR,augmentation de salaire + augmentation salaire,19.05
2018-05-01,France,FR,augmentation de salaire + augmentation salaire,19.51
2018-06-01,France,FR,augmentation de salaire + augmentation salaire,19.27
2018-07-01,France,FR,augmentation de salaire + augmentation salaire,18.83
2018-08-01,France,FR,augmentation de salaire + augmentation salaire,19.28
2018-09-01,France,FR,augmentation de salaire + augmentation salaire,21.5
2018-10-01,France,FR,augmentation de salaire + augmentation salaire,25.1
2018-11-01,France,FR,augmentation de salaire + augmentation salaire,29.7
2018-12-01,France,FR,augmentation de salaire + augmentation salaire,33.35
2019-01-01,France,FR,augmentation de salaire + augmentation salaire,33.58
2019-02-01,France,FR,augmentation de salaire + augmentation salaire,32.89
2019-03-01,France,FR,augmentation de salaire + augmentation salaire,33.32
2019-04-01,France,FR,augmentation de salaire + augmentation salaire,33.91
2019-05-01,France,FR,augmentation de salaire + augmentation salaire,34.53
2019-06-01,France,FR,augmentation de salaire + augmentation salaire,34.63
2019-07-01,France,FR,augmentation de salaire + augmentation salaire,34.45
2019-08-01,France,FR,augmentation de salaire + augmentation salaire,34.34
2019-09-01,France,FR,augmentation de salaire + augmentation salaire,32.4
2019-10-01,France,FR,augmentation de salaire + augmentation salaire,28.8
2019-11-01,France,FR,augmentation de salaire + augmentation salaire,25.15
2019-12-01,France,FR,augmentation de salaire + augmentation salaire,22.27
2020-01-01,France,FR,augmentation de salaire + augmentation salaire,21.73
2020-02-01,France,FR,augmentation de salaire + augmentation salaire,22.24
2020-03-01,France,FR,augmentation de salaire + augmentation salaire,21.54
2020-04-01,France,FR,augmentation de salaire + augmentation salaire,20.82
2020-05-01,France,FR,augmentation de salaire + augmentation salaire,22.59
2020-06-01,France,FR,augmentation de salaire + augmentation salaire,29.1
2020-07-01,France,FR,augmentation de salaire + augmentation salaire,37.63
2020-08-01,France,FR,augmentation de salaire + augmentation salaire,43.13
2020-09-01,France,FR,augmentation de salaire + augmentation salaire,47.74
2020-10-01,France,FR,augmentation de salaire + augmentation salaire,53.1
2020-11-01,France,FR,augmentation de salaire + augmentation salaire,56.77
2020-12-01,France,FR,augmentation de salaire + augmentation salaire,58.26
2021-01-01,France,FR,augmentation de salaire + augmentation salaire,58.67
2021-02-01,France,FR,augmentation de salaire + augmentation salaire,59.51
2021-03-01,France,FR,augmentation de salaire + augmentation salaire,62.82
2021-04-01,France,FR,augmentation de salaire + augmentation salaire,67.57
2021-05-01,France,FR,augmentation de salaire + augmentation salaire,68.95
2021-06-01,France,FR,augmentation de salaire + augmentation salaire,64.42
2021-07-01,France,FR,augmentation de salaire + augmentation salaire,57.98
2021-08-01,France,FR,augmentation de salaire + augmentation salaire,55.66
2021-09-01,France,FR,augmentation de salaire + augmentation salaire,56.39
2021-10-01,France,FR,augmentation de salaire + augmentation salaire,57.29
2021-11-01,France,FR,augmentation de salaire + augmentation salaire,59.02
2021-12-01,France,FR,augmentation de salaire + augmentation salaire,62.37
2022-01-01,France,FR,augmentation de salaire + augmentation salaire,67
2022-02-01,France,FR,augmentation de salaire + augmentation salaire,71.95
2022-03-01,France,FR,augmentation de salaire + augmentation salaire,75.03
2022-04-01,France,FR,augmentation de salaire + augmentation salaire,75.96
2022-05-01,France,FR,augmentation de salaire + augmentation salaire,78.72
2022-06-01,France,FR,augmentation de salaire + augmentation salaire,84.89
2022-07-01,France,FR,augmentation de salaire + augmentation salaire,91.68
2022-08-01,France,FR,augmentation de salaire + augmentation salaire,96
2022-09-01,France,FR,augmentation de salaire + augmentation salaire,97.81
2022-10-01,France,FR,augmentation de salaire + augmentation salaire,98.71
2022-11-01,France,FR,augmentation de salaire + augmentation salaire,99.39
2022-12-01,France,FR,augmentation de salaire + augmentation salaire,100
2023-01-01,France,FR,augmentation de salaire + augmentation salaire,99.58
2023-02-01,France,FR,augmentation de salaire + augmentation salaire,97.58
2023-03-01,France,FR,augmentation de salaire + augmentation salaire,96.49
2023-04-01,France,FR,augmentation de salaire + augmentation salaire,97.44
2023-05-01,France,FR,augmentation de salaire + augmentation salaire,97.51
2023-06-01,France,FR,augmentation de salaire + augmentation salaire,95.28
2023-07-01,France,FR,augmentation de salaire + augmentation salaire,91.93
2023-08-01,France,FR,augmentation de salaire + augmentation salaire,89.4
2023-09-01,France,FR,augmentation de salaire + augmentation salaire,87.8
2023-10-01,France,FR,augmentation de salaire + augmentation salaire,85.94
2023-11-01,France,FR,augmentation de salaire + augmentation salaire,84.17
2023-12-01,France,FR,augmentation de salaire + augmentation salaire,82.92
2024-01-01,France,FR,augmentation de salaire + augmentation salaire,82.26
2024-02-01,France,FR,augmentation de salaire + augmentation salaire,81.71
2024-03-01,France,FR,augmentation de salaire + augmentation salaire,79.19
2024-04-01,France,FR,augmentation de salaire + augmentation salaire,74.27
2024-05-01,France,FR,augmentation de salaire + augmentation salaire,69.44
2024-06-01,France,FR,augmentation de salaire + augmentation salaire,65.75
2024-07-01,France,FR,augmentation de salaire + augmentation salaire,62.61
2024-08-01,France,FR,augmentation de salaire + augmentation salaire,58.78
2024-09-01,France,FR,augmentation de salaire + augmentation salaire,54.36
2024-10-01,France,FR,augmentation de salaire + augmentation salaire,51.65
2024-11-01,France,FR,augmentation de salaire + augmentation salaire,49.69
2024-12-01,France,FR,augmentation de salaire + augmentation salaire,46.66
2025-01-01,France,FR,augmentation de salaire + augmentation salaire,42.98
2025-02-01,France,FR,augmentation de salaire + augmentation salaire,39.86
2025-03-01,France,FR,augmentation de salaire + augmentation salaire,37.56
2025-04-01,France,FR,augmentation de salaire + augmentation salaire,35.63
2025-05-01,France,FR,augmentation de salaire + augmentation salaire,33.7
2025-06-01,France,FR,augmentation de salaire + augmentation salaire,31.72
2025-07-01,France,FR,augmentation de salaire + augmentation salaire,30.14
2025-08-01,France,FR,augmentation de salaire + augmentation salaire,29.04
2025-09-01,France,FR,augmentation de salaire + augmentation salaire,27.34
2025-10-01,France,FR,augmentation de salaire + augmentation salaire,24.7
2025-11-01,France,FR,augmentation de salaire + augmentation salaire,22.21
2025-12-01,France,FR,augmentation de salaire + augmentation salaire,20.01
2026-01-01,France,FR,augmentation de salaire + augmentation salaire,17.71
2026-02-01,France,FR,augmentation de salaire + augmentation salaire,15.75
2026-03-01,France,FR,augmentation de salaire + augmentation salaire,14.71
2026-04-01,France,FR,augmentation de salaire + augmentation salaire,14.82
2026-05-01,France,FR,augmentation de salaire + augmentation salaire,15.37
2026-06-01,France,FR,augmentation de salaire + augmentation salaire,15.4
2026-07-01,France,FR,augmentation de salaire + augmentation salaire,14.89
2026-08-01,France,FR,augmentation de salaire + augmentation salaire,14.05
2004-01-01,France,FR,négociation salariale + NAO salaire,0
2004-02-01,France,FR,négociation salariale + NAO salaire,0
2004-03-01,France,FR,négociation salariale + NAO salaire,0
2004-04-01,France,FR,négociation salariale + NAO salaire,0.24
2004-05-01,France,FR,négociation salariale + NAO salaire,0.42
2004-06-01,France,FR,négociation salariale + NAO salaire,0.48
2004-07-01,France,FR,négociation salariale + NAO salaire,0.49
2004-08-01,France,FR,négociation salariale + NAO salaire,0.57
2004-09-01,France,FR,négociation salariale + NAO salaire,0.72
2004-10-01,France,FR,négociation salariale + NAO salaire,0.81
2004-11-01,France,FR,négociation salariale + NAO salaire,0.83
2004-12-01,France,FR,négociation salariale + NAO salaire,0.77
2005-01-01,France,FR,négociation salariale + NAO salaire,0.77
2005-02-01,France,FR,négociation salariale + NAO salaire,0.77
2005-03-01,France,FR,négociation salariale + NAO salaire,0.77
2005-04-01,France,FR,négociation salariale + NAO salaire,0.8
2005-05-01,France,FR,négociation salariale + NAO salaire,0.83
2005-06-01,France,FR,négociation salariale + NAO salaire,0.86
2005-07-01,France,FR,négociation salariale + NAO salaire,0.87
2005-08-01,France,FR,négociation salariale + NAO salaire,0.9
2005-09-01,France,FR,négociation salariale + NAO salaire,0.94
2005-10-01,France,FR,négociation salariale + NAO salaire,0.98
2005-11-01,France,FR,négociation salariale + NAO salaire,0.98
2005-12-01,France,FR,négociation salariale + NAO salaire,0.98
2006-01-01,France,FR,négociation salariale + NAO salaire,0.98
2006-02-01,France,FR,négociation salariale + NAO salaire,0.98
2006-03-01,France,FR,négociation salariale + NAO salaire,0.98
2006-04-01,France,FR,négociation salariale + NAO salaire,1.05
2006-05-01,France,FR,négociation salariale + NAO salaire,1.13
2006-06-01,France,FR,négociation salariale + NAO salaire,1.18
2006-07-01,France,FR,négociation salariale + NAO salaire,1.2
2006-08-01,France,FR,négociation salariale + NAO salaire,1.26
2006-09-01,France,FR,négociation salariale + NAO salaire,1.35
2006-10-01,France,FR,négociation salariale + NAO salaire,1.42
2006-11-01,France,FR,négociation salariale + NAO salaire,1.43
2006-12-01,France,FR,négociation salariale + NAO salaire,1.43
2007-01-01,France,FR,négociation salariale + NAO salaire,1.43
2007-02-01,France,FR,négociation salariale + NAO salaire,1.43
2007-03-01,France,FR,négociation salariale + NAO salaire,1.43
2007-04-01,France,FR,négociation salariale + NAO salaire,1.62
2007-05-01,France,FR,négociation salariale + NAO salaire,1.82
2007-06-01,France,FR,négociation salariale + NAO salaire,1.93
2007-07-01,France,FR,négociation salariale + NAO salaire,1.94
2007-08-01,France,FR,négociation salariale + NAO salaire,2.07
2007-09-01,France,FR,négociation salariale + NAO salaire,2.32
2007-10-01,France,FR,négociation salariale + NAO salaire,2.47
2007-11-01,France,FR,négociation salariale + NAO salaire,2.41
2007-12-01,France,FR,négociation salariale + NAO salaire,2.41
2008-01-01,France,FR,négociation salariale + NAO salaire,3.14
2008-02-01,France,FR,négociation salariale + NAO salaire,6.05
2008-03-01,France,FR,négociation salariale + NAO salaire,7.91
2008-04-01,France,FR,négociation salariale + NAO salaire,7.93
2008-05-01,France,FR,négociation salariale + NAO salaire,8.29
2008-06-01,France,FR,négociation salariale + NAO salaire,8.56
2008-07-01,France,FR,négociation salariale + NAO salaire,8.55
2008-08-01,France,FR,négociation salariale + NAO salaire,8.88
2008-09-01,France,FR,négociation salariale + NAO salaire,9.56
2008-10-01,France,FR,négociation salariale + NAO salaire,9.96
2008-11-01,France,FR,négociation salariale + NAO salaire,9.93
2008-12-01,France,FR,négociation salariale + NAO salaire,10.59
2009-01-01,France,FR,négociation salariale + NAO salaire,11.96
2009-02-01,France,FR,négociation salariale + NAO salaire,9.68
2009-03-01,France,FR,négociation salariale + NAO salaire,7.82
2009-04-01,France,FR,négociation salariale + NAO salaire,7.43
2009-05-01,France,FR,négociation salariale + NAO salaire,7.47
2009-06-01,France,FR,négociation salariale + NAO salaire,9.94
2009-07-01,France,FR,négociation salariale + NAO salaire,14.54
2009-08-01,France,FR,négociation salariale + NAO salaire,17.21
2009-09-01,France,FR,négociation salariale + NAO salaire,17.83
2009-10-01,France,FR,négociation salariale + NAO salaire,20.18
2009-11-01,France,FR,négociation salariale + NAO salaire,25.87
2009-12-01,France,FR,négociation salariale + NAO salaire,30.4
2010-01-01,France,FR,négociation salariale + NAO salaire,29.83
2010-02-01,France,FR,négociation salariale + NAO salaire,29.23
2010-03-01,France,FR,négociation salariale + NAO salaire,31.96
2010-04-01,France,FR,négociation salariale + NAO salaire,36.46
2010-05-01,France,FR,négociation salariale + NAO salaire,38.4
2010-06-01,France,FR,négociation salariale + NAO salaire,36.88
2010-07-01,France,FR,négociation salariale + NAO salaire,33.74
2010-08-01,France,FR,négociation salariale + NAO salaire,32.53
2010-09-01,France,FR,négociation salariale + NAO salaire,32.99
2010-10-01,France,FR,négociation salariale + NAO salaire,31
2010-11-01,France,FR,négociation salariale + NAO salaire,25.84
2010-12-01,France,FR,négociation salariale + NAO salaire,22.79
2011-01-01,France,FR,négociation salariale + NAO salaire,25.68
2011-02-01,France,FR,négociation salariale + NAO salaire,30.92
2011-03-01,France,FR,négociation salariale + NAO salaire,31.86
2011-04-01,France,FR,négociation salariale + NAO salaire,30.34
2011-05-01,France,FR,négociation salariale + NAO salaire,32.26
2011-06-01,France,FR,négociation salariale + NAO salaire,34.73
2011-07-01,France,FR,négociation salariale + NAO salaire,35.75
2011-08-01,France,FR,négociation salariale + NAO salaire,36.45
2011-09-01,France,FR,négociation salariale + NAO salaire,37.43
2011-10-01,France,FR,négociation salariale + NAO salaire,40.25
2011-11-01,France,FR,négociation salariale + NAO salaire,43.52
2011-12-01,France,FR,négociation salariale + NAO salaire,44.1
2012-01-01,France,FR,négociation salariale + NAO salaire,42.06
2012-02-01,France,FR,négociation salariale + NAO salaire,40.13
2012-03-01,France,FR,négociation salariale + NAO salaire,40.42
2012-04-01,France,FR,négociation salariale + NAO salaire,40.42
2012-05-01,France,FR,négociation salariale + NAO salaire,37.32
2012-06-01,France,FR,négociation salariale + NAO salaire,35.22
2012-07-01,France,FR,négociation salariale + NAO salaire,35.67
2012-08-01,France,FR,négociation salariale + NAO salaire,36.02
2012-09-01,France,FR,négociation salariale + NAO salaire,35.75
2012-10-01,France,FR,négociation salariale + NAO salaire,35.41
2012-11-01,France,FR,négociation salariale + NAO salaire,35.54
2012-12-01,France,FR,négociation salariale + NAO salaire,37.01
2013-01-01,France,FR,négociation salariale + NAO salaire,39.37
2013-02-01,France,FR,négociation salariale + NAO salaire,40.42
2013-03-01,France,FR,négociation salariale + NAO salaire,40.51
2013-04-01,France,FR,négociation salariale + NAO salaire,41.78
2013-05-01,France,FR,négociation salariale + NAO salaire,44.74
2013-06-01,France,FR,négociation salariale + NAO salaire,47.1
2013-07-01,France,FR,négociation salariale + NAO salaire,47.48
2013-08-01,France,FR,négociation salariale + NAO salaire,48.21
2013-09-01,France,FR,négociation salariale + NAO salaire,50.02
2013-10-01,France,FR,négociation salariale + NAO salaire,51.02
2013-11-01,France,FR,négociation salariale + NAO salaire,51.16
2013-12-01,France,FR,négociation salariale + NAO salaire,50.32
2014-01-01,France,FR,négociation salariale + NAO salaire,48.72
2014-02-01,France,FR,négociation salariale + NAO salaire,48.38
2014-03-01,France,FR,négociation salariale + NAO salaire,49.16
2014-04-01,France,FR,négociation salariale + NAO salaire,49.61
2014-05-01,France,FR,négociation salariale + NAO salaire,49.31
2014-06-01,France,FR,négociation salariale + NAO salaire,49.33
2014-07-01,France,FR,négociation salariale + NAO salaire,50.34
2014-08-01,France,FR,négociation salariale + NAO salaire,50.77
2014-09-01,France,FR,négociation salariale + NAO salaire,50.5
2014-10-01,France,FR,négociation salariale + NAO salaire,50.6
2014-11-01,France,FR,négociation salariale + NAO salaire,51.88
2014-12-01,France,FR,négociation salariale + NAO salaire,55.2
2015-01-01,France,FR,négociation salariale + NAO salaire,58.63
2015-02-01,France,FR,négociation salariale + NAO salaire,60.08
2015-03-01,France,FR,négociation salariale + NAO salaire,60.68
2015-04-01,France,FR,négociation salariale + NAO salaire,62.09
2015-05-01,France,FR,négociation salariale + NAO salaire,64.9
2015-06-01,France,FR,négociation salariale + NAO salaire,68.34
2015-07-01,France,FR,négociation salariale + NAO salaire,71.8
2015-08-01,France,FR,négociation salariale + NAO salaire,74.44
2015-09-01,France,FR,négociation salariale + NAO salaire,75.18
2015-10-01,France,FR,négociation salariale + NAO salaire,75.14
2015-11-01,France,FR,négociation salariale + NAO salaire,74.31
2015-12-01,France,FR,négociation salariale + NAO salaire,71.53
2016-01-01,France,FR,négociation salariale + NAO salaire,68.72
2016-02-01,France,FR,négociation salariale + NAO salaire,66.87
2016-03-01,France,FR,négociation salariale + NAO salaire,64.02
2016-04-01,France,FR,négociation salariale + NAO salaire,60.08
2016-05-01,France,FR,négociation salariale + NAO salaire,56.02
2016-06-01,France,FR,négociation salariale + NAO salaire,52.1
2016-07-01,France,FR,négociation salariale + NAO salaire,48.22
2016-08-01,France,FR,négociation salariale + NAO salaire,45.03
2016-09-01,France,FR,négociation salariale + NAO salaire,43.69
2016-10-01,France,FR,négociation salariale + NAO salaire,43.56
2016-11-01,France,FR,négociation salariale + NAO salaire,43.72
2016-12-01,France,FR,négociation salariale + NAO salaire,43.91
2017-01-01,France,FR,négociation salariale + NAO salaire,43.83
2017-02-01,France,FR,négociation salariale + NAO salaire,44.65
2017-03-01,France,FR,négociation salariale + NAO salaire,47.49
2017-04-01,France,FR,négociation salariale + NAO salaire,50.34
2017-05-01,France,FR,négociation salariale + NAO salaire,51.41
2017-06-01,France,FR,négociation salariale + NAO salaire,50.89
2017-07-01,France,FR,négociation salariale + NAO salaire,49.41
2017-08-01,France,FR,négociation salariale + NAO salaire,48.55
2017-09-01,France,FR,négociation salariale + NAO salaire,48.48
2017-10-01,France,FR,négociation salariale + NAO salaire,47.37
2017-11-01,France,FR,négociation salariale + NAO salaire,45.3
2017-12-01,France,FR,négociation salariale + NAO salaire,44.27
2018-01-01,France,FR,négociation salariale + NAO salaire,44.07
2018-02-01,France,FR,négociation salariale + NAO salaire,42.8
2018-03-01,France,FR,négociation salariale + NAO salaire,40.42
2018-04-01,France,FR,négociation salariale + NAO salaire,39.01
2018-05-01,France,FR,négociation salariale + NAO salaire,38.96
2018-06-01,France,FR,négociation salariale + NAO salaire,39.27
2018-07-01,France,FR,négociation salariale + NAO salaire,40.63
2018-08-01,France,FR,négociation salariale + NAO salaire,42.91
2018-09-01,France,FR,négociation salariale + NAO salaire,44.17
2018-10-01,France,FR,négociation salariale + NAO salaire,45.29
2018-11-01,France,FR,négociation salariale + NAO salaire,47.23
2018-12-01,France,FR,négociation salariale + NAO salaire,49.19
2019-01-01,France,FR,négociation salariale + NAO salaire,51.17
2019-02-01,France,FR,négociation salariale + NAO salaire,53.25
2019-03-01,France,FR,négociation salariale + NAO salaire,55.21
2019-04-01,France,FR,négociation salariale + NAO salaire,55.88
2019-05-01,France,FR,négociation salariale + NAO salaire,55.57
2019-06-01,France,FR,négociation salariale + NAO salaire,56.45
2019-07-01,France,FR,négociation salariale + NAO salaire,57.45
2019-08-01,France,FR,négociation salariale + NAO salaire,55.59
2019-09-01,France,FR,négociation salariale + NAO salaire,52.85
2019-10-01,France,FR,négociation salariale + NAO salaire,51.87
2019-11-01,France,FR,négociation salariale + NAO salaire,51.64
2019-12-01,France,FR,négociation salariale + NAO salaire,50.64
2020-01-01,France,FR,négociation salariale + NAO salaire,48.97
2020-02-01,France,FR,négociation salariale + NAO salaire,47.39
2020-03-01,France,FR,négociation salariale + NAO salaire,45.54
2020-04-01,France,FR,négociation salariale + NAO salaire,44.36
2020-05-01,France,FR,négociation salariale + NAO salaire,44.09
2020-06-01,France,FR,négociation salariale + NAO salaire,42.82
2020-07-01,France,FR,négociation salariale + NAO salaire,40.69
2020-08-01,France,FR,négociation salariale + NAO salaire,40.96
2020-09-01,France,FR,négociation salariale + NAO salaire,42.2
2020-10-01,France,FR,négociation salariale + NAO salaire,40.98
2020-11-01,France,FR,négociation salariale + NAO salaire,38.58
2020-12-01,France,FR,négociation salariale + NAO salaire,36.29
2021-01-01,France,FR,négociation salariale + NAO salaire,34.35
2021-02-01,France,FR,négociation salariale + NAO salaire,33.88
2021-03-01,France,FR,négociation salariale + NAO salaire,35.33
2021-04-01,France,FR,négociation salariale + NAO salaire,37.37
2021-05-01,France,FR,négociation salariale + NAO salaire,39.29
2021-06-01,France,FR,négociation salariale + NAO salaire,41.25
2021-07-01,France,FR,négociation salariale + NAO salaire,43.25
2021-08-01,France,FR,négociation salariale + NAO salaire,44.15
2021-09-01,France,FR,négociation salariale + NAO salaire,45.89
2021-10-01,France,FR,négociation salariale + NAO salaire,50.72
2021-11-01,France,FR,négociation salariale + NAO salaire,56.68
2021-12-01,France,FR,négociation salariale + NAO salaire,62.46
2022-01-01,France,FR,négociation salariale + NAO salaire,67.12
2022-02-01,France,FR,négociation salariale + NAO salaire,70.24
2022-03-01,France,FR,négociation salariale + NAO salaire,72.66
2022-04-01,France,FR,négociation salariale + NAO salaire,74.94
2022-05-01,France,FR,négociation salariale + NAO salaire,77.13
2022-06-01,France,FR,négociation salariale + NAO salaire,80.39
2022-07-01,France,FR,négociation salariale + NAO salaire,84.57
2022-08-01,France,FR,négociation salariale + NAO salaire,88.38
2022-09-01,France,FR,négociation salariale + NAO salaire,91.01
2022-10-01,France,FR,négociation salariale + NAO salaire,91.79
2022-11-01,France,FR,négociation salariale + NAO salaire,91.68
2022-12-01,France,FR,négociation salariale + NAO salaire,93.45
2023-01-01,France,FR,négociation salariale + NAO salaire,97.06
2023-02-01,France,FR,négociation salariale + NAO salaire,98.77
2023-03-01,France,FR,négociation salariale + NAO salaire,98.85
2023-04-01,France,FR,négociation salariale + NAO salaire,99.18
2023-05-01,France,FR,négociation salariale + NAO salaire,99.62
2023-06-01,France,FR,négociation salariale + NAO salaire,99.02
2023-07-01,France,FR,négociation salariale + NAO salaire,98.13
2023-08-01,France,FR,négociation salariale + NAO salaire,98.94
2023-09-01,France,FR,négociation salariale + NAO salaire,99.94
2023-10-01,France,FR,négociation salariale + NAO salaire,100
2023-11-01,France,FR,négociation salariale + NAO salaire,99.81
2023-12-01,France,FR,négociation salariale + NAO salaire,97.56
2024-01-01,France,FR,négociation salariale + NAO salaire,95.51
2024-02-01,France,FR,négociation salariale + NAO salaire,97.44
2024-03-01,France,FR,négociation salariale + NAO salaire,99.32
2024-04-01,France,FR,négociation salariale + NAO salaire,99.36
2024-05-01,France,FR,négociation salariale + NAO salaire,99.6
2024-06-01,France,FR,négociation salariale + NAO salaire,99.9
2024-07-01,France,FR,négociation salariale + NAO salaire,98.97
2024-08-01,France,FR,négociation salariale + NAO salaire,96.93
2024-09-01,France,FR,négociation salariale + NAO salaire,95.93
2024-10-01,France,FR,négociation salariale + NAO salaire,95.97
2024-11-01,France,FR,négociation salariale + NAO salaire,95.89
2024-12-01,France,FR,négociation salariale + NAO salaire,95.79
2025-01-01,France,FR,négociation salariale + NAO salaire,93.75
2025-02-01,France,FR,négociation salariale + NAO salaire,89.69
2025-03-01,France,FR,négociation salariale + NAO salaire,87.65
2025-04-01,France,FR,négociation salariale + NAO salaire,86.68
2025-05-01,France,FR,négociation salariale + NAO salaire,83.73
2025-06-01,France,FR,négociation salariale + NAO salaire,80.82
2025-07-01,France,FR,négociation salariale + NAO salaire,79.86
2025-08-01,France,FR,négociation salariale + NAO salaire,78.86
2025-09-01,France,FR,négociation salariale + NAO salaire,75.85
2025-10-01,France,FR,négociation salariale + NAO salaire,72.87
2025-11-01,France,FR,négociation salariale + NAO salaire,71.84
2025-12-01,France,FR,négociation salariale + NAO salaire,71.81
2026-01-01,France,FR,négociation salariale + NAO salaire,71.81
2026-02-01,France,FR,négociation salariale + NAO salaire,71.78
2026-03-01,France,FR,négociation salariale + NAO salaire,70.74
2026-04-01,France,FR,négociation salariale + NAO salaire,69.74
2026-05-01,France,FR,négociation salariale + NAO salaire,70.78
2026-06-01,France,FR,négociation salariale + NAO salaire,71.82
2026-07-01,France,FR,négociation salariale + NAO salaire,71.84
2026-08-01,France,FR,négociation salariale + NAO salaire,71.85
2004-01-01,France,FR,revalorisation salariale + revalorisation salaire,0
2004-02-01,France,FR,revalorisation salariale + revalorisation salaire,0.11
2004-03-01,France,FR,revalorisation salariale + revalorisation salaire,1.02
2004-04-01,France,FR,revalorisation salariale + revalorisation salaire,1.7
2004-05-01,France,FR,revalorisation salariale + revalorisation salaire,1.96
2004-06-01,France,FR,revalorisation salariale + revalorisation salaire,1.64
2004-07-01,France,FR,revalorisation salariale + revalorisation salaire,1.4
2004-08-01,France,FR,revalorisation salariale + revalorisation salaire,1.23
2004-09-01,France,FR,revalorisation salariale + revalorisation salaire,1.28
2004-10-01,France,FR,revalorisation salariale + revalorisation salaire,1.34
2004-11-01,France,FR,revalorisation salariale + revalorisation salaire,1.33
2004-12-01,France,FR,revalorisation salariale + revalorisation salaire,1.28
2005-01-01,France,FR,revalorisation salariale + revalorisation salaire,1.28
2005-02-01,France,FR,revalorisation salariale + revalorisation salaire,1.27
2005-03-01,France,FR,revalorisation salariale + revalorisation salaire,1.28
2005-04-01,France,FR,revalorisation salariale + revalorisation salaire,1.3
2005-05-01,France,FR,revalorisation salariale + revalorisation salaire,1.31
2005-06-01,France,FR,revalorisation salariale + revalorisation salaire,1.97
2005-07-01,France,FR,revalorisation salariale + revalorisation salaire,3.04
2005-08-01,France,FR,revalorisation salariale + revalorisation salaire,3.59
2005-09-01,France,FR,revalorisation salariale + revalorisation salaire,3.57
2005-10-01,France,FR,revalorisation salariale + revalorisation salaire,3.57
2005-11-01,France,FR,revalorisation salariale + revalorisation salaire,3.57
2005-12-01,France,FR,revalorisation salariale + revalorisation salaire,3.56
2006-01-01,France,FR,revalorisation salariale + revalorisation salaire,3.56
2006-02-01,France,FR,revalorisation salariale + revalorisation salaire,3.56
2006-03-01,France,FR,revalorisation salariale + revalorisation salaire,3.59
2006-04-01,France,FR,revalorisation salariale + revalorisation salaire,3.63
2006-05-01,France,FR,revalorisation salariale + revalorisation salaire,3.64
2006-06-01,France,FR,revalorisation salariale + revalorisation salaire,3.35
2006-07-01,France,FR,revalorisation salariale + revalorisation salaire,2.77
2006-08-01,France,FR,revalorisation salariale + revalorisation salaire,2.46
2006-09-01,France,FR,revalorisation salariale + revalorisation salaire,2.44
2006-10-01,France,FR,revalorisation salariale + revalorisation salaire,2.73
2006-11-01,France,FR,revalorisation salariale + revalorisation salaire,3.31
2006-12-01,France,FR,revalorisation salariale + revalorisation salaire,4.17
2007-01-01,France,FR,revalorisation salariale + revalorisation salaire,5.44
2007-02-01,France,FR,revalorisation salariale + revalorisation salaire,6.53
2007-03-01,France,FR,revalorisation salariale + revalorisation salaire,6.89
2007-04-01,France,FR,revalorisation salariale + revalorisation salaire,6.99
2007-05-01,France,FR,revalorisation salariale + revalorisation salaire,7.31
2007-06-01,France,FR,revalorisation salariale + revalorisation salaire,7.93
2007-07-01,France,FR,revalorisation salariale + revalorisation salaire,8.89
2007-08-01,France,FR,revalorisation salariale + revalorisation salaire,10.35
2007-09-01,France,FR,revalorisation salariale + revalorisation salaire,11.77
2007-10-01,France,FR,revalorisation salariale + revalorisation salaire,12.64
2007-11-01,France,FR,revalorisation salariale + revalorisation salaire,13.22
2007-12-01,France,FR,revalorisation salariale + revalorisation salaire,13.47
2008-01-01,France,FR,revalorisation salariale + revalorisation salaire,13.45
2008-02-01,France,FR,revalorisation salariale + revalorisation salaire,13.67
2008-03-01,France,FR,revalorisation salariale + revalorisation salaire,14.09
2008-04-01,France,FR,revalorisation salariale + revalorisation salaire,14.85
2008-05-01,France,FR,revalorisation salariale + revalorisation salaire,15.65
2008-06-01,France,FR,revalorisation salariale + revalorisation salaire,15.69
2008-07-01,France,FR,revalorisation salariale + revalorisation salaire,15.11
2008-08-01,France,FR,revalorisation salariale + revalorisation salaire,14.4
2008-09-01,France,FR,revalorisation salariale + revalorisation salaire,14.06
2008-10-01,France,FR,revalorisation salariale + revalorisation salaire,14.08
2008-11-01,France,FR,revalorisation salariale + revalorisation salaire,14.14
2008-12-01,France,FR,revalorisation salariale + revalorisation salaire,14.15
2009-01-01,France,FR,revalorisation salariale + revalorisation salaire,13.95
2009-02-01,France,FR,revalorisation salariale + revalorisation salaire,13.66
2009-03-01,France,FR,revalorisation salariale + revalorisation salaire,13.64
2009-04-01,France,FR,revalorisation salariale + revalorisation salaire,13.65
2009-05-01,France,FR,revalorisation salariale + revalorisation salaire,13.83
2009-06-01,France,FR,revalorisation salariale + revalorisation salaire,14.42
2009-07-01,France,FR,revalorisation salariale + revalorisation salaire,14.9
2009-08-01,France,FR,revalorisation salariale + revalorisation salaire,15.4
2009-09-01,France,FR,revalorisation salariale + revalorisation salaire,16.05
2009-10-01,France,FR,revalorisation salariale + revalorisation salaire,16.35
2009-11-01,France,FR,revalorisation salariale + revalorisation salaire,16.64
2009-12-01,France,FR,revalorisation salariale + revalorisation salaire,17.5
2010-01-01,France,FR,revalorisation salariale + revalorisation salaire,18.45
2010-02-01,France,FR,revalorisation salariale + revalorisation salaire,19.67
2010-03-01,France,FR,revalorisation salariale + revalorisation salaire,21.57
2010-04-01,France,FR,revalorisation salariale + revalorisation salaire,22.88
2010-05-01,France,FR,revalorisation salariale + revalorisation salaire,23.13
2010-06-01,France,FR,revalorisation salariale + revalorisation salaire,23.44
2010-07-01,France,FR,revalorisation salariale + revalorisation salaire,24.08
2010-08-01,France,FR,revalorisation salariale + revalorisation salaire,24.18
2010-09-01,France,FR,revalorisation salariale + revalorisation salaire,23.69
2010-10-01,France,FR,revalorisation salariale + revalorisation salaire,23.41
2010-11-01,France,FR,revalorisation salariale + revalorisation salaire,23.07
2010-12-01,France,FR,revalorisation salariale + revalorisation salaire,22.14
2011-01-01,France,FR,revalorisation salariale + revalorisation salaire,21.17
2011-02-01,France,FR,revalorisation salariale + revalorisation salaire,19.96
2011-03-01,France,FR,revalorisation salariale + revalorisation salaire,17.94
2011-04-01,France,FR,revalorisation salariale + revalorisation salaire,16.51
2011-05-01,France,FR,revalorisation salariale + revalorisation salaire,15.99
2011-06-01,France,FR,revalorisation salariale + revalorisation salaire,15.18
2011-07-01,France,FR,revalorisation salariale + revalorisation salaire,14.28
2011-08-01,France,FR,revalorisation salariale + revalorisation salaire,13.96
2011-09-01,France,FR,revalorisation salariale + revalorisation salaire,14.01
2011-10-01,France,FR,revalorisation salariale + revalorisation salaire,14.28
2011-11-01,France,FR,revalorisation salariale + revalorisation salaire,14.83
2011-12-01,France,FR,revalorisation salariale + revalorisation salaire,15.38
2012-01-01,France,FR,revalorisation salariale + revalorisation salaire,15.8
2012-02-01,France,FR,revalorisation salariale + revalorisation salaire,16.01
2012-03-01,France,FR,revalorisation salariale + revalorisation salaire,16.19
2012-04-01,France,FR,revalorisation salariale + revalorisation salaire,16.32
2012-05-01,France,FR,revalorisation salariale + revalorisation salaire,16.34
2012-06-01,France,FR,revalorisation salariale + revalorisation salaire,16.71
2012-07-01,France,FR,revalorisation salariale + revalorisation salaire,17.34
2012-08-01,France,FR,revalorisation salariale + revalorisation salaire,17.6
2012-09-01,France,FR,revalorisation salariale + revalorisation salaire,17.57
2012-10-01,France,FR,revalorisation salariale + revalorisation salaire,17.23
2012-11-01,France,FR,revalorisation salariale + revalorisation salaire,16.61
2012-12-01,France,FR,revalorisation salariale + revalorisation salaire,16.27
2013-01-01,France,FR,revalorisation salariale + revalorisation salaire,16.42
2013-02-01,France,FR,revalorisation salariale + revalorisation salaire,16.96
2013-03-01,France,FR,revalorisation salariale + revalorisation salaire,17.39
2013-04-01,France,FR,revalorisation salariale + revalorisation salaire,17.48
2013-05-01,France,FR,revalorisation salariale + revalorisation salaire,17.46
2013-06-01,France,FR,revalorisation salariale + revalorisation salaire,17.17
2013-07-01,France,FR,revalorisation salariale + revalorisation salaire,16.63
2013-08-01,France,FR,revalorisation salariale + revalorisation salaire,16.35
2013-09-01,France,FR,revalorisation salariale + revalorisation salaire,16.31
2013-10-01,France,FR,revalorisation salariale + revalorisation salaire,16.3
2013-11-01,France,FR,revalorisation salariale + revalorisation salaire,16.38
2013-12-01,France,FR,revalorisation salariale + revalorisation salaire,16.42
2014-01-01,France,FR,revalorisation salariale + revalorisation salaire,16.09
2014-02-01,France,FR,revalorisation salariale + revalorisation salaire,15.46
2014-03-01,France,FR,revalorisation salariale + revalorisation salaire,15.15
2014-04-01,France,FR,revalorisation salariale + revalorisation salaire,15.15
2014-05-01,France,FR,revalorisation salariale + revalorisation salaire,15.06
2014-06-01,France,FR,revalorisation salariale + revalorisation salaire,14.94
2014-07-01,France,FR,revalorisation salariale + revalorisation salaire,15.01
2014-08-01,France,FR,revalorisation salariale + revalorisation salaire,15.11
2014-09-01,France,FR,revalorisation salariale + revalorisation salaire,15.09
2014-10-01,France,FR,revalorisation salariale + revalorisation salaire,15.08
2014-11-01,France,FR,revalorisation salariale + revalorisation salaire,15.15
2014-12-01,France,FR,revalorisation salariale + revalorisation salaire,15.18
2015-01-01,France,FR,revalorisation salariale + revalorisation salaire,15.18
2015-02-01,France,FR,revalorisation salariale + revalorisation salaire,15.2
2015-03-01,France,FR,revalorisation salariale + revalorisation salaire,15.2
2015-04-01,France,FR,revalorisation salariale + revalorisation salaire,15.21
2015-05-01,France,FR,revalorisation salariale + revalorisation salaire,15.4
2015-06-01,France,FR,revalorisation salariale + revalorisation salaire,15.86
2015-07-01,France,FR,revalorisation salariale + revalorisation salaire,16.2
2015-08-01,France,FR,revalorisation salariale + revalorisation salaire,16.27
2015-09-01,France,FR,revalorisation salariale + revalorisation salaire,16.54
2015-10-01,France,FR,revalorisation salariale + revalorisation salaire,17.14
2015-11-01,France,FR,revalorisation salariale + revalorisation salaire,17.45
2015-12-01,France,FR,revalorisation salariale + revalorisation salaire,17.37
2016-01-01,France,FR,revalorisation salariale + revalorisation salaire,17.61
2016-02-01,France,FR,revalorisation salariale + revalorisation salaire,18.52
2016-03-01,France,FR,revalorisation salariale + revalorisation salaire,19.44
2016-04-01,France,FR,revalorisation salariale + revalorisation salaire,20.05
2016-05-01,France,FR,revalorisation salariale + revalorisation salaire,20.95
2016-06-01,France,FR,revalorisation salariale + revalorisation salaire,21.85
2016-07-01,France,FR,revalorisation salariale + revalorisation salaire,22.18
2016-08-01,France,FR,revalorisation salariale + revalorisation salaire,22.52
2016-09-01,France,FR,revalorisation salariale + revalorisation salaire,22.83
2016-10-01,France,FR,revalorisation salariale + revalorisation salaire,22.51
2016-11-01,France,FR,revalorisation salariale + revalorisation salaire,22.41
2016-12-01,France,FR,revalorisation salariale + revalorisation salaire,23.15
2017-01-01,France,FR,revalorisation salariale + revalorisation salaire,23.65
2017-02-01,France,FR,revalorisation salariale + revalorisation salaire,23.02
2017-03-01,France,FR,revalorisation salariale + revalorisation salaire,22.1
2017-04-01,France,FR,revalorisation salariale + revalorisation salaire,21.52
2017-05-01,France,FR,revalorisation salariale + revalorisation salaire,20.46
2017-06-01,France,FR,revalorisation salariale + revalorisation salaire,19.18
2017-07-01,France,FR,revalorisation salariale + revalorisation salaire,18.7
2017-08-01,France,FR,revalorisation salariale + revalorisation salaire,18.48
2017-09-01,France,FR,revalorisation salariale + revalorisation salaire,18
2017-10-01,France,FR,revalorisation salariale + revalorisation salaire,17.75
2017-11-01,France,FR,revalorisation salariale + revalorisation salaire,17.3
2017-12-01,France,FR,revalorisation salariale + revalorisation salaire,16.23
2018-01-01,France,FR,revalorisation salariale + revalorisation salaire,15.32
2018-02-01,France,FR,revalorisation salariale + revalorisation salaire,15.11
2018-03-01,France,FR,revalorisation salariale + revalorisation salaire,15.26
2018-04-01,France,FR,revalorisation salariale + revalorisation salaire,15.4
2018-05-01,France,FR,revalorisation salariale + revalorisation salaire,15.45
2018-06-01,France,FR,revalorisation salariale + revalorisation salaire,15.21
2018-07-01,France,FR,revalorisation salariale + revalorisation salaire,14.72
2018-08-01,France,FR,revalorisation salariale + revalorisation salaire,14.56
2018-09-01,France,FR,revalorisation salariale + revalorisation salaire,14.99
2018-10-01,France,FR,revalorisation salariale + revalorisation salaire,15.94
2018-11-01,France,FR,revalorisation salariale + revalorisation salaire,17.47
2018-12-01,France,FR,revalorisation salariale + revalorisation salaire,19.17
2019-01-01,France,FR,revalorisation salariale + revalorisation salaire,20.52
2019-02-01,France,FR,revalorisation salariale + revalorisation salaire,21.95
2019-03-01,France,FR,revalorisation salariale + revalorisation salaire,23.19
2019-04-01,France,FR,revalorisation salariale + revalorisation salaire,23.38
2019-05-01,France,FR,revalorisation salariale + revalorisation salaire,23.05
2019-06-01,France,FR,revalorisation salariale + revalorisation salaire,22.4
2019-07-01,France,FR,revalorisation salariale + revalorisation salaire,21.58
2019-08-01,France,FR,revalorisation salariale + revalorisation salaire,21.31
2019-09-01,France,FR,revalorisation salariale + revalorisation salaire,20.93
2019-10-01,France,FR,revalorisation salariale + revalorisation salaire,20.23
2019-11-01,France,FR,revalorisation salariale + revalorisation salaire,20.14
2019-12-01,France,FR,revalorisation salariale + revalorisation salaire,20.97
2020-01-01,France,FR,revalorisation salariale + revalorisation salaire,22.47
2020-02-01,France,FR,revalorisation salariale + revalorisation salaire,23.9
2020-03-01,France,FR,revalorisation salariale + revalorisation salaire,24.62
2020-04-01,France,FR,revalorisation salariale + revalorisation salaire,26.21
2020-05-01,France,FR,revalorisation salariale + revalorisation salaire,31.06
2020-06-01,France,FR,revalorisation salariale + revalorisation salaire,40.15
2020-07-01,France,FR,revalorisation salariale + revalorisation salaire,50.41
2020-08-01,France,FR,revalorisation salariale + revalorisation salaire,57.29
2020-09-01,France,FR,revalorisation salariale + revalorisation salaire,62.31
2020-10-01,France,FR,revalorisation salariale + revalorisation salaire,67.41
2020-11-01,France,FR,revalorisation salariale + revalorisation salaire,71.19
2020-12-01,France,FR,revalorisation salariale + revalorisation salaire,73.36
2021-01-01,France,FR,revalorisation salariale + revalorisation salaire,74.44
2021-02-01,France,FR,revalorisation salariale + revalorisation salaire,75.13
2021-03-01,France,FR,revalorisation salariale + revalorisation salaire,78.87
2021-04-01,France,FR,revalorisation salariale + revalorisation salaire,85.59
2021-05-01,France,FR,revalorisation salariale + revalorisation salaire,88.64
2021-06-01,France,FR,revalorisation salariale + revalorisation salaire,85.71
2021-07-01,France,FR,revalorisation salariale + revalorisation salaire,81.36
2021-08-01,France,FR,revalorisation salariale + revalorisation salaire,80.7
2021-09-01,France,FR,revalorisation salariale + revalorisation salaire,83.47
2021-10-01,France,FR,revalorisation salariale + revalorisation salaire,86.42
2021-11-01,France,FR,revalorisation salariale + revalorisation salaire,88.69
2021-12-01,France,FR,revalorisation salariale + revalorisation salaire,91.14
2022-01-01,France,FR,revalorisation salariale + revalorisation salaire,94.78
2022-02-01,France,FR,revalorisation salariale + revalorisation salaire,99.2
2022-03-01,France,FR,revalorisation salariale + revalorisation salaire,100
2022-04-01,France,FR,revalorisation salariale + revalorisation salaire,95.87
2022-05-01,France,FR,revalorisation salariale + revalorisation salaire,92.76
2022-06-01,France,FR,revalorisation salariale + revalorisation salaire,92.53
2022-07-01,France,FR,revalorisation salariale + revalorisation salaire,92.76
2022-08-01,France,FR,revalorisation salariale + revalorisation salaire,91.54
2022-09-01,France,FR,revalorisation salariale + revalorisation salaire,87.67
2022-10-01,France,FR,revalorisation salariale + revalorisation salaire,83.03
2022-11-01,France,FR,revalorisation salariale + revalorisation salaire,79.72
2022-12-01,France,FR,revalorisation salariale + revalorisation salaire,77.29
2023-01-01,France,FR,revalorisation salariale + revalorisation salaire,74.35
2023-02-01,France,FR,revalorisation salariale + revalorisation salaire,70.41
2023-03-01,France,FR,revalorisation salariale + revalorisation salaire,68.31
2023-04-01,France,FR,revalorisation salariale + revalorisation salaire,68.96
2023-05-01,France,FR,revalorisation salariale + revalorisation salaire,69.44
2023-06-01,France,FR,revalorisation salariale + revalorisation salaire,69.08
2023-07-01,France,FR,revalorisation salariale + revalorisation salaire,68.18
2023-08-01,France,FR,revalorisation salariale + revalorisation salaire,67.27
2023-09-01,France,FR,revalorisation salariale + revalorisation salaire,66.87
2023-10-01,France,FR,revalorisation salariale + revalorisation salaire,66.02
2023-11-01,France,FR,revalorisation salariale + revalorisation salaire,64.87
2023-12-01,France,FR,revalorisation salariale + revalorisation salaire,63.6
2024-01-01,France,FR,revalorisation salariale + revalorisation salaire,62.12
2024-02-01,France,FR,revalorisation salariale + revalorisation salaire,61.04
2024-03-01,France,FR,revalorisation salariale + revalorisation salaire,58.67
2024-04-01,France,FR,revalorisation salariale + revalorisation salaire,54.49
2024-05-01,France,FR,revalorisation salariale + revalorisation salaire,50.5
2024-06-01,France,FR,revalorisation salariale + revalorisation salaire,47.03
2024-07-01,France,FR,revalorisation salariale + revalorisation salaire,44.24
2024-08-01,France,FR,revalorisation salariale + revalorisation salaire,41.82
2024-09-01,France,FR,revalorisation salariale + revalorisation salaire,39.57
2024-10-01,France,FR,revalorisation salariale + revalorisation salaire,38.43
2024-11-01,France,FR,revalorisation salariale + revalorisation salaire,37.17
2024-12-01,France,FR,revalorisation salariale + revalorisation salaire,35.27
2025-01-01,France,FR,revalorisation salariale + revalorisation salaire,33.4
2025-02-01,France,FR,revalorisation salariale + revalorisation salaire,31.59
2025-03-01,France,FR,revalorisation salariale + revalorisation salaire,30.41
2025-04-01,France,FR,revalorisation salariale + revalorisation salaire,30.17
2025-05-01,France,FR,revalorisation salariale + revalorisation salaire,30.2
2025-06-01,France,FR,revalorisation salariale + revalorisation salaire,30.22
2025-07-01,France,FR,revalorisation salariale + revalorisation salaire,29.98
2025-08-01,France,FR,revalorisation salariale + revalorisation salaire,29.18
2025-09-01,France,FR,revalorisation salariale + revalorisation salaire,28.05
2025-10-01,France,FR,revalorisation salariale + revalorisation salaire,27.19
2025-11-01,France,FR,revalorisation salariale + revalorisation salaire,27.14
2025-12-01,France,FR,revalorisation salariale + revalorisation salaire,27.65
2026-01-01,France,FR,revalorisation salariale + revalorisation salaire,27.88
2026-02-01,France,FR,revalorisation salariale + revalorisation salaire,27.85
2026-03-01,France,FR,revalorisation salariale + revalorisation salaire,27.85
2026-04-01,France,FR,revalorisation salariale + revalorisation salaire,27.88
2026-05-01,France,FR,revalorisation salariale + revalorisation salaire,27.9
2026-06-01,France,FR,revalorisation salariale + revalorisation salaire,27.62
2026-07-01,France,FR,revalorisation salariale + revalorisation salaire,27.07
2026-08-01,France,FR,revalorisation salariale + revalorisation salaire,26.81
2004-01-01,Italy,IT,adeguamento salariale + adeguamento stipendio,0
2004-02-01,Italy,IT,adeguamento salariale + adeguamento stipendio,0
2004-03-01,Italy,IT,adeguamento salariale + adeguamento stipendio,0
2004-04-01,Italy,IT,adeguamento salariale + adeguamento stipendio,0
2004-05-01,Italy,IT,adeguamento salariale + adeguamento stipendio,0
2004-06-01,Italy,IT,adeguamento salariale + adeguamento stipendio,0
2004-07-01,Italy,IT,adeguamento salariale + adeguamento stipendio,0
2004-08-01,Italy,IT,adeguamento salariale + adeguamento stipendio,0
2004-09-01,Italy,IT,adeguamento salariale + adeguamento stipendio,0
2004-10-01,Italy,IT,adeguamento salariale + adeguamento stipendio,0
2004-11-01,Italy,IT,adeguamento salariale + adeguamento stipendio,0
2004-12-01,Italy,IT,adeguamento salariale + adeguamento stipendio,0
2005-01-01,Italy,IT,adeguamento salariale + adeguamento stipendio,0
2005-02-01,Italy,IT,adeguamento salariale + adeguamento stipendio,0
2005-03-01,Italy,IT,adeguamento salariale + adeguamento stipendio,0
2005-04-01,Italy,IT,adeguamento salariale + adeguamento stipendio,0
2005-05-01,Italy,IT,adeguamento salariale + adeguamento stipendio,0
2005-06-01,Italy,IT,adeguamento salariale + adeguamento stipendio,0
2005-07-01,Italy,IT,adeguamento salariale + adeguamento stipendio,0
2005-08-01,Italy,IT,adeguamento salariale + adeguamento stipendio,0
2005-09-01,Italy,IT,adeguamento salariale + adeguamento stipendio,0
2005-10-01,Italy,IT,adeguamento salariale + adeguamento stipendio,0
2005-11-01,Italy,IT,adeguamento salariale + adeguamento stipendio,0
2005-12-01,Italy,IT,adeguamento salariale + adeguamento stipendio,0
2006-01-01,Italy,IT,adeguamento salariale + adeguamento stipendio,0
2006-02-01,Italy,IT,adeguamento salariale + adeguamento stipendio,0
2006-03-01,Italy,IT,adeguamento salariale + adeguamento stipendio,0
2006-04-01,Italy,IT,adeguamento salariale + adeguamento stipendio,0
2006-05-01,Italy,IT,adeguamento salariale + adeguamento stipendio,0
2006-06-01,Italy,IT,adeguamento salariale + adeguamento stipendio,0
2006-07-01,Italy,IT,adeguamento salariale + adeguamento stipendio,0
2006-08-01,Italy,IT,adeguamento salariale + adeguamento stipendio,0
2006-09-01,Italy,IT,adeguamento salariale + adeguamento stipendio,0
2006-10-01,Italy,IT,adeguamento salariale + adeguamento stipendio,0
2006-11-01,Italy,IT,adeguamento salariale + adeguamento stipendio,0
2006-12-01,Italy,IT,adeguamento salariale + adeguamento stipendio,0
2007-01-01,Italy,IT,adeguamento salariale + adeguamento stipendio,0
2007-02-01,Italy,IT,adeguamento salariale + adeguamento stipendio,0
2007-03-01,Italy,IT,adeguamento salariale + adeguamento stipendio,0
2007-04-01,Italy,IT,adeguamento salariale + adeguamento stipendio,0
2007-05-01,Italy,IT,adeguamento salariale + adeguamento stipendio,0
2007-06-01,Italy,IT,adeguamento salariale + adeguamento stipendio,0
2007-07-01,Italy,IT,adeguamento salariale + adeguamento stipendio,0
2007-08-01,Italy,IT,adeguamento salariale + adeguamento stipendio,0
2007-09-01,Italy,IT,adeguamento salariale + adeguamento stipendio,0
2007-10-01,Italy,IT,adeguamento salariale + adeguamento stipendio,0
2007-11-01,Italy,IT,adeguamento salariale + adeguamento stipendio,0
2007-12-01,Italy,IT,adeguamento salariale + adeguamento stipendio,0
2008-01-01,Italy,IT,adeguamento salariale + adeguamento stipendio,0
2008-02-01,Italy,IT,adeguamento salariale + adeguamento stipendio,0
2008-03-01,Italy,IT,adeguamento salariale + adeguamento stipendio,0
2008-04-01,Italy,IT,adeguamento salariale + adeguamento stipendio,0
2008-05-01,Italy,IT,adeguamento salariale + adeguamento stipendio,0
2008-06-01,Italy,IT,adeguamento salariale + adeguamento stipendio,0
2008-07-01,Italy,IT,adeguamento salariale + adeguamento stipendio,0
2008-08-01,Italy,IT,adeguamento salariale + adeguamento stipendio,0
2008-09-01,Italy,IT,adeguamento salariale + adeguamento stipendio,0
2008-10-01,Italy,IT,adeguamento salariale + adeguamento stipendio,0
2008-11-01,Italy,IT,adeguamento salariale + adeguamento stipendio,0
2008-12-01,Italy,IT,adeguamento salariale + adeguamento stipendio,0
2009-01-01,Italy,IT,adeguamento salariale + adeguamento stipendio,0
2009-02-01,Italy,IT,adeguamento salariale + adeguamento stipendio,0
2009-03-01,Italy,IT,adeguamento salariale + adeguamento stipendio,0
2009-04-01,Italy,IT,adeguamento salariale + adeguamento stipendio,0
2009-05-01,Italy,IT,adeguamento salariale + adeguamento stipendio,0
2009-06-01,Italy,IT,adeguamento salariale + adeguamento stipendio,0
2009-07-01,Italy,IT,adeguamento salariale + adeguamento stipendio,0
2009-08-01,Italy,IT,adeguamento salariale + adeguamento stipendio,0
2009-09-01,Italy,IT,adeguamento salariale + adeguamento stipendio,0
2009-10-01,Italy,IT,adeguamento salariale + adeguamento stipendio,0
2009-11-01,Italy,IT,adeguamento salariale + adeguamento stipendio,0
2009-12-01,Italy,IT,adeguamento salariale + adeguamento stipendio,0
2010-01-01,Italy,IT,adeguamento salariale + adeguamento stipendio,0
2010-02-01,Italy,IT,adeguamento salariale + adeguamento stipendio,0
2010-03-01,Italy,IT,adeguamento salariale + adeguamento stipendio,0
2010-04-01,Italy,IT,adeguamento salariale + adeguamento stipendio,0.01
2010-05-01,Italy,IT,adeguamento salariale + adeguamento stipendio,0.01
2010-06-01,Italy,IT,adeguamento salariale + adeguamento stipendio,0.01
2010-07-01,Italy,IT,adeguamento salariale + adeguamento stipendio,0.01
2010-08-01,Italy,IT,adeguamento salariale + adeguamento stipendio,0.01
2010-09-01,Italy,IT,adeguamento salariale + adeguamento stipendio,0.01
2010-10-01,Italy,IT,adeguamento salariale + adeguamento stipendio,0.01
2010-11-01,Italy,IT,adeguamento salariale + adeguamento stipendio,0.01
2010-12-01,Italy,IT,adeguamento salariale + adeguamento stipendio,0.01
2011-01-01,Italy,IT,adeguamento salariale + adeguamento stipendio,0.01
2011-02-01,Italy,IT,adeguamento salariale + adeguamento stipendio,0.01
2011-03-01,Italy,IT,adeguamento salariale + adeguamento stipendio,0.01
2011-04-01,Italy,IT,adeguamento salariale + adeguamento stipendio,0.01
2011-05-01,Italy,IT,adeguamento salariale + adeguamento stipendio,0.01
2011-06-01,Italy,IT,adeguamento salariale + adeguamento stipendio,0.02
2011-07-01,Italy,IT,adeguamento salariale + adeguamento stipendio,0.02
2011-08-01,Italy,IT,adeguamento salariale + adeguamento stipendio,0.03
2011-09-01,Italy,IT,adeguamento salariale + adeguamento stipendio,0.04
2011-10-01,Italy,IT,adeguamento salariale + adeguamento stipendio,0.05
2011-11-01,Italy,IT,adeguamento salariale + adeguamento stipendio,0.06
2011-12-01,Italy,IT,adeguamento salariale + adeguamento stipendio,0.08
2012-01-01,Italy,IT,adeguamento salariale + adeguamento stipendio,0.11
2012-02-01,Italy,IT,adeguamento salariale + adeguamento stipendio,0.11
2012-03-01,Italy,IT,adeguamento salariale + adeguamento stipendio,0.1
2012-04-01,Italy,IT,adeguamento salariale + adeguamento stipendio,0.1
2012-05-01,Italy,IT,adeguamento salariale + adeguamento stipendio,0.16
2012-06-01,Italy,IT,adeguamento salariale + adeguamento stipendio,0.24
2012-07-01,Italy,IT,adeguamento salariale + adeguamento stipendio,0.33
2012-08-01,Italy,IT,adeguamento salariale + adeguamento stipendio,0.45
2012-09-01,Italy,IT,adeguamento salariale + adeguamento stipendio,0.58
2012-10-01,Italy,IT,adeguamento salariale + adeguamento stipendio,0.74
2012-11-01,Italy,IT,adeguamento salariale + adeguamento stipendio,0.91
2012-12-01,Italy,IT,adeguamento salariale + adeguamento stipendio,0.89
2013-01-01,Italy,IT,adeguamento salariale + adeguamento stipendio,0.86
2013-02-01,Italy,IT,adeguamento salariale + adeguamento stipendio,0.86
2013-03-01,Italy,IT,adeguamento salariale + adeguamento stipendio,0.86
2013-04-01,Italy,IT,adeguamento salariale + adeguamento stipendio,0.86
2013-05-01,Italy,IT,adeguamento salariale + adeguamento stipendio,1.1
2013-06-01,Italy,IT,adeguamento salariale + adeguamento stipendio,1.35
2013-07-01,Italy,IT,adeguamento salariale + adeguamento stipendio,1.48
2013-08-01,Italy,IT,adeguamento salariale + adeguamento stipendio,1.51
2013-09-01,Italy,IT,adeguamento salariale + adeguamento stipendio,1.67
2013-10-01,Italy,IT,adeguamento salariale + adeguamento stipendio,1.96
2013-11-01,Italy,IT,adeguamento salariale + adeguamento stipendio,2.26
2013-12-01,Italy,IT,adeguamento salariale + adeguamento stipendio,2.26
2014-01-01,Italy,IT,adeguamento salariale + adeguamento stipendio,2.26
2014-02-01,Italy,IT,adeguamento salariale + adeguamento stipendio,2.63
2014-03-01,Italy,IT,adeguamento salariale + adeguamento stipendio,4.08
2014-04-01,Italy,IT,adeguamento salariale + adeguamento stipendio,5.11
2014-05-01,Italy,IT,adeguamento salariale + adeguamento stipendio,5.44
2014-06-01,Italy,IT,adeguamento salariale + adeguamento stipendio,5.76
2014-07-01,Italy,IT,adeguamento salariale + adeguamento stipendio,5.89
2014-08-01,Italy,IT,adeguamento salariale + adeguamento stipendio,5.74
2014-09-01,Italy,IT,adeguamento salariale + adeguamento stipendio,5.61
2014-10-01,Italy,IT,adeguamento salariale + adeguamento stipendio,5.65
2014-11-01,Italy,IT,adeguamento salariale + adeguamento stipendio,5.69
2014-12-01,Italy,IT,adeguamento salariale + adeguamento stipendio,8.09
2015-01-01,Italy,IT,adeguamento salariale + adeguamento stipendio,12.38
2015-02-01,Italy,IT,adeguamento salariale + adeguamento stipendio,14.84
2015-03-01,Italy,IT,adeguamento salariale + adeguamento stipendio,14.74
2015-04-01,Italy,IT,adeguamento salariale + adeguamento stipendio,14.84
2015-05-01,Italy,IT,adeguamento salariale + adeguamento stipendio,15
2015-06-01,Italy,IT,adeguamento salariale + adeguamento stipendio,14.92
2015-07-01,Italy,IT,adeguamento salariale + adeguamento stipendio,16.01
2015-08-01,Italy,IT,adeguamento salariale + adeguamento stipendio,18.27
2015-09-01,Italy,IT,adeguamento salariale + adeguamento stipendio,19.33
2015-10-01,Italy,IT,adeguamento salariale + adeguamento stipendio,19.19
2015-11-01,Italy,IT,adeguamento salariale + adeguamento stipendio,18.93
2015-12-01,Italy,IT,adeguamento salariale + adeguamento stipendio,16.52
2016-01-01,Italy,IT,adeguamento salariale + adeguamento stipendio,12.23
2016-02-01,Italy,IT,adeguamento salariale + adeguamento stipendio,10.28
2016-03-01,Italy,IT,adeguamento salariale + adeguamento stipendio,10.87
2016-04-01,Italy,IT,adeguamento salariale + adeguamento stipendio,11.26
2016-05-01,Italy,IT,adeguamento salariale + adeguamento stipendio,11.13
2016-06-01,Italy,IT,adeguamento salariale + adeguamento stipendio,10.57
2016-07-01,Italy,IT,adeguamento salariale + adeguamento stipendio,9.11
2016-08-01,Italy,IT,adeguamento salariale + adeguamento stipendio,7.87
2016-09-01,Italy,IT,adeguamento salariale + adeguamento stipendio,9.17
2016-10-01,Italy,IT,adeguamento salariale + adeguamento stipendio,11.51
2016-11-01,Italy,IT,adeguamento salariale + adeguamento stipendio,13.53
2016-12-01,Italy,IT,adeguamento salariale + adeguamento stipendio,14.39
2017-01-01,Italy,IT,adeguamento salariale + adeguamento stipendio,14.46
2017-02-01,Italy,IT,adeguamento salariale + adeguamento stipendio,13.79
2017-03-01,Italy,IT,adeguamento salariale + adeguamento stipendio,11.87
2017-04-01,Italy,IT,adeguamento salariale + adeguamento stipendio,10.93
2017-05-01,Italy,IT,adeguamento salariale + adeguamento stipendio,12
2017-06-01,Italy,IT,adeguamento salariale + adeguamento stipendio,15.04
2017-07-01,Italy,IT,adeguamento salariale + adeguamento stipendio,18.17
2017-08-01,Italy,IT,adeguamento salariale + adeguamento stipendio,18.56
2017-09-01,Italy,IT,adeguamento salariale + adeguamento stipendio,16.53
2017-10-01,Italy,IT,adeguamento salariale + adeguamento stipendio,14.02
2017-11-01,Italy,IT,adeguamento salariale + adeguamento stipendio,12.14
2017-12-01,Italy,IT,adeguamento salariale + adeguamento stipendio,12.74
2018-01-01,Italy,IT,adeguamento salariale + adeguamento stipendio,13.84
2018-02-01,Italy,IT,adeguamento salariale + adeguamento stipendio,13.94
2018-03-01,Italy,IT,adeguamento salariale + adeguamento stipendio,14.23
2018-04-01,Italy,IT,adeguamento salariale + adeguamento stipendio,14.52
2018-05-01,Italy,IT,adeguamento salariale + adeguamento stipendio,14.68
2018-06-01,Italy,IT,adeguamento salariale + adeguamento stipendio,13.47
2018-07-01,Italy,IT,adeguamento salariale + adeguamento stipendio,11.02
2018-08-01,Italy,IT,adeguamento salariale + adeguamento stipendio,10.12
2018-09-01,Italy,IT,adeguamento salariale + adeguamento stipendio,10.53
2018-10-01,Italy,IT,adeguamento salariale + adeguamento stipendio,11.93
2018-11-01,Italy,IT,adeguamento salariale + adeguamento stipendio,12.87
2018-12-01,Italy,IT,adeguamento salariale + adeguamento stipendio,12.23
2019-01-01,Italy,IT,adeguamento salariale + adeguamento stipendio,12.83
2019-02-01,Italy,IT,adeguamento salariale + adeguamento stipendio,14.79
2019-03-01,Italy,IT,adeguamento salariale + adeguamento stipendio,17.18
2019-04-01,Italy,IT,adeguamento salariale + adeguamento stipendio,18.57
2019-05-01,Italy,IT,adeguamento salariale + adeguamento stipendio,17.65
2019-06-01,Italy,IT,adeguamento salariale + adeguamento stipendio,17.11
2019-07-01,Italy,IT,adeguamento salariale + adeguamento stipendio,18.94
2019-08-01,Italy,IT,adeguamento salariale + adeguamento stipendio,20.2
2019-09-01,Italy,IT,adeguamento salariale + adeguamento stipendio,19.78
2019-10-01,Italy,IT,adeguamento salariale + adeguamento stipendio,19.57
2019-11-01,Italy,IT,adeguamento salariale + adeguamento stipendio,22.39
2019-12-01,Italy,IT,adeguamento salariale + adeguamento stipendio,26.49
2020-01-01,Italy,IT,adeguamento salariale + adeguamento stipendio,27.53
2020-02-01,Italy,IT,adeguamento salariale + adeguamento stipendio,26.8
2020-03-01,Italy,IT,adeguamento salariale + adeguamento stipendio,25.01
2020-04-01,Italy,IT,adeguamento salariale + adeguamento stipendio,23.57
2020-05-01,Italy,IT,adeguamento salariale + adeguamento stipendio,23.68
2020-06-01,Italy,IT,adeguamento salariale + adeguamento stipendio,22.96
2020-07-01,Italy,IT,adeguamento salariale + adeguamento stipendio,21.03
2020-08-01,Italy,IT,adeguamento salariale + adeguamento stipendio,21.02
2020-09-01,Italy,IT,adeguamento salariale + adeguamento stipendio,23.04
2020-10-01,Italy,IT,adeguamento salariale + adeguamento stipendio,22.95
2020-11-01,Italy,IT,adeguamento salariale + adeguamento stipendio,18.8
2020-12-01,Italy,IT,adeguamento salariale + adeguamento stipendio,13.86
2021-01-01,Italy,IT,adeguamento salariale + adeguamento stipendio,11.41
2021-02-01,Italy,IT,adeguamento salariale + adeguamento stipendio,10.87
2021-03-01,Italy,IT,adeguamento salariale + adeguamento stipendio,10.44
2021-04-01,Italy,IT,adeguamento salariale + adeguamento stipendio,10.19
2021-05-01,Italy,IT,adeguamento salariale + adeguamento stipendio,10.05
2021-06-01,Italy,IT,adeguamento salariale + adeguamento stipendio,10.08
2021-07-01,Italy,IT,adeguamento salariale + adeguamento stipendio,10.16
2021-08-01,Italy,IT,adeguamento salariale + adeguamento stipendio,10.16
2021-09-01,Italy,IT,adeguamento salariale + adeguamento stipendio,11.38
2021-10-01,Italy,IT,adeguamento salariale + adeguamento stipendio,13.88
2021-11-01,Italy,IT,adeguamento salariale + adeguamento stipendio,15.36
2021-12-01,Italy,IT,adeguamento salariale + adeguamento stipendio,16.63
2022-01-01,Italy,IT,adeguamento salariale + adeguamento stipendio,18.9
2022-02-01,Italy,IT,adeguamento salariale + adeguamento stipendio,22.18
2022-03-01,Italy,IT,adeguamento salariale + adeguamento stipendio,28.15
2022-04-01,Italy,IT,adeguamento salariale + adeguamento stipendio,33.88
2022-05-01,Italy,IT,adeguamento salariale + adeguamento stipendio,39.71
2022-06-01,Italy,IT,adeguamento salariale + adeguamento stipendio,46.97
2022-07-01,Italy,IT,adeguamento salariale + adeguamento stipendio,52.95
2022-08-01,Italy,IT,adeguamento salariale + adeguamento stipendio,57.01
2022-09-01,Italy,IT,adeguamento salariale + adeguamento stipendio,57.76
2022-10-01,Italy,IT,adeguamento salariale + adeguamento stipendio,57.83
2022-11-01,Italy,IT,adeguamento salariale + adeguamento stipendio,62.71
2022-12-01,Italy,IT,adeguamento salariale + adeguamento stipendio,68.98
2023-01-01,Italy,IT,adeguamento salariale + adeguamento stipendio,73.72
2023-02-01,Italy,IT,adeguamento salariale + adeguamento stipendio,76.17
2023-03-01,Italy,IT,adeguamento salariale + adeguamento stipendio,74.94
2023-04-01,Italy,IT,adeguamento salariale + adeguamento stipendio,73.21
2023-05-01,Italy,IT,adeguamento salariale + adeguamento stipendio,70.27
2023-06-01,Italy,IT,adeguamento salariale + adeguamento stipendio,66.32
2023-07-01,Italy,IT,adeguamento salariale + adeguamento stipendio,65.95
2023-08-01,Italy,IT,adeguamento salariale + adeguamento stipendio,67.47
2023-09-01,Italy,IT,adeguamento salariale + adeguamento stipendio,70.45
2023-10-01,Italy,IT,adeguamento salariale + adeguamento stipendio,75.73
2023-11-01,Italy,IT,adeguamento salariale + adeguamento stipendio,78.24
2023-12-01,Italy,IT,adeguamento salariale + adeguamento stipendio,78.16
2024-01-01,Italy,IT,adeguamento salariale + adeguamento stipendio,78.16
2024-02-01,Italy,IT,adeguamento salariale + adeguamento stipendio,78.28
2024-03-01,Italy,IT,adeguamento salariale + adeguamento stipendio,79.43
2024-04-01,Italy,IT,adeguamento salariale + adeguamento stipendio,82.93
2024-05-01,Italy,IT,adeguamento salariale + adeguamento stipendio,87.89
2024-06-01,Italy,IT,adeguamento salariale + adeguamento stipendio,91.7
2024-07-01,Italy,IT,adeguamento salariale + adeguamento stipendio,91.5
2024-08-01,Italy,IT,adeguamento salariale + adeguamento stipendio,87.64
2024-09-01,Italy,IT,adeguamento salariale + adeguamento stipendio,82.82
2024-10-01,Italy,IT,adeguamento salariale + adeguamento stipendio,78.03
2024-11-01,Italy,IT,adeguamento salariale + adeguamento stipendio,74.36
2024-12-01,Italy,IT,adeguamento salariale + adeguamento stipendio,73.13
2025-01-01,Italy,IT,adeguamento salariale + adeguamento stipendio,71.92
2025-02-01,Italy,IT,adeguamento salariale + adeguamento stipendio,70.72
2025-03-01,Italy,IT,adeguamento salariale + adeguamento stipendio,70.68
2025-04-01,Italy,IT,adeguamento salariale + adeguamento stipendio,69.38
2025-05-01,Italy,IT,adeguamento salariale + adeguamento stipendio,68.2
2025-06-01,Italy,IT,adeguamento salariale + adeguamento stipendio,68.27
2025-07-01,Italy,IT,adeguamento salariale + adeguamento stipendio,70.65
2025-08-01,Italy,IT,adeguamento salariale + adeguamento stipendio,78.01
2025-09-01,Italy,IT,adeguamento salariale + adeguamento stipendio,85.4
2025-10-01,Italy,IT,adeguamento salariale + adeguamento stipendio,89.1
2025-11-01,Italy,IT,adeguamento salariale + adeguamento stipendio,91.52
2025-12-01,Italy,IT,adeguamento salariale + adeguamento stipendio,92.72
2026-01-01,Italy,IT,adeguamento salariale + adeguamento stipendio,93.94
2026-02-01,Italy,IT,adeguamento salariale + adeguamento stipendio,96.4
2026-03-01,Italy,IT,adeguamento salariale + adeguamento stipendio,98.83
2026-04-01,Italy,IT,adeguamento salariale + adeguamento stipendio,100
2026-05-01,Italy,IT,adeguamento salariale + adeguamento stipendio,98.77
2026-06-01,Italy,IT,adeguamento salariale + adeguamento stipendio,97.56
2026-07-01,Italy,IT,adeguamento salariale + adeguamento stipendio,96.31
2026-08-01,Italy,IT,adeguamento salariale + adeguamento stipendio,91.41
2004-01-01,Italy,IT,aumento stipendio + aumento di stipendio,0
2004-02-01,Italy,IT,aumento stipendio + aumento di stipendio,0
2004-03-01,Italy,IT,aumento stipendio + aumento di stipendio,1.73
2004-04-01,Italy,IT,aumento stipendio + aumento di stipendio,2.78
2004-05-01,Italy,IT,aumento stipendio + aumento di stipendio,2.69
2004-06-01,Italy,IT,aumento stipendio + aumento di stipendio,2.42
2004-07-01,Italy,IT,aumento stipendio + aumento di stipendio,2.87
2004-08-01,Italy,IT,aumento stipendio + aumento di stipendio,3.15
2004-09-01,Italy,IT,aumento stipendio + aumento di stipendio,2.8
2004-10-01,Italy,IT,aumento stipendio + aumento di stipendio,2.52
2004-11-01,Italy,IT,aumento stipendio + aumento di stipendio,2.29
2004-12-01,Italy,IT,aumento stipendio + aumento di stipendio,3.03
2005-01-01,Italy,IT,aumento stipendio + aumento di stipendio,4.72
2005-02-01,Italy,IT,aumento stipendio + aumento di stipendio,5.62
2005-03-01,Italy,IT,aumento stipendio + aumento di stipendio,5.6
2005-04-01,Italy,IT,aumento stipendio + aumento di stipendio,5.58
2005-05-01,Italy,IT,aumento stipendio + aumento di stipendio,6.67
2005-06-01,Italy,IT,aumento stipendio + aumento di stipendio,8.87
2005-07-01,Italy,IT,aumento stipendio + aumento di stipendio,9.95
2005-08-01,Italy,IT,aumento stipendio + aumento di stipendio,10.81
2005-09-01,Italy,IT,aumento stipendio + aumento di stipendio,13.17
2005-10-01,Italy,IT,aumento stipendio + aumento di stipendio,16.09
2005-11-01,Italy,IT,aumento stipendio + aumento di stipendio,18.61
2005-12-01,Italy,IT,aumento stipendio + aumento di stipendio,19.26
2006-01-01,Italy,IT,aumento stipendio + aumento di stipendio,19.24
2006-02-01,Italy,IT,aumento stipendio + aumento di stipendio,20.2
2006-03-01,Italy,IT,aumento stipendio + aumento di stipendio,20.84
2006-04-01,Italy,IT,aumento stipendio + aumento di stipendio,21.27
2006-05-01,Italy,IT,aumento stipendio + aumento di stipendio,21.07
2006-06-01,Italy,IT,aumento stipendio + aumento di stipendio,19.37
2006-07-01,Italy,IT,aumento stipendio + aumento di stipendio,18.29
2006-08-01,Italy,IT,aumento stipendio + aumento di stipendio,17.97
2006-09-01,Italy,IT,aumento stipendio + aumento di stipendio,17
2006-10-01,Italy,IT,aumento stipendio + aumento di stipendio,15.57
2006-11-01,Italy,IT,aumento stipendio + aumento di stipendio,14.34
2006-12-01,Italy,IT,aumento stipendio + aumento di stipendio,13.48
2007-01-01,Italy,IT,aumento stipendio + aumento di stipendio,12.32
2007-02-01,Italy,IT,aumento stipendio + aumento di stipendio,11.61
2007-03-01,Italy,IT,aumento stipendio + aumento di stipendio,12.71
2007-04-01,Italy,IT,aumento stipendio + aumento di stipendio,14.47
2007-05-01,Italy,IT,aumento stipendio + aumento di stipendio,15.91
2007-06-01,Italy,IT,aumento stipendio + aumento di stipendio,17.81
2007-07-01,Italy,IT,aumento stipendio + aumento di stipendio,20.32
2007-08-01,Italy,IT,aumento stipendio + aumento di stipendio,22.46
2007-09-01,Italy,IT,aumento stipendio + aumento di stipendio,23.52
2007-10-01,Italy,IT,aumento stipendio + aumento di stipendio,24.04
2007-11-01,Italy,IT,aumento stipendio + aumento di stipendio,24.9
2007-12-01,Italy,IT,aumento stipendio + aumento di stipendio,27.08
2008-01-01,Italy,IT,aumento stipendio + aumento di stipendio,29.82
2008-02-01,Italy,IT,aumento stipendio + aumento di stipendio,31.23
2008-03-01,Italy,IT,aumento stipendio + aumento di stipendio,31.05
2008-04-01,Italy,IT,aumento stipendio + aumento di stipendio,30.17
2008-05-01,Italy,IT,aumento stipendio + aumento di stipendio,29.31
2008-06-01,Italy,IT,aumento stipendio + aumento di stipendio,28.6
2008-07-01,Italy,IT,aumento stipendio + aumento di stipendio,27.19
2008-08-01,Italy,IT,aumento stipendio + aumento di stipendio,25.21
2008-09-01,Italy,IT,aumento stipendio + aumento di stipendio,24.04
2008-10-01,Italy,IT,aumento stipendio + aumento di stipendio,23.57
2008-11-01,Italy,IT,aumento stipendio + aumento di stipendio,23.03
2008-12-01,Italy,IT,aumento stipendio + aumento di stipendio,21.54
2009-01-01,Italy,IT,aumento stipendio + aumento di stipendio,19.44
2009-02-01,Italy,IT,aumento stipendio + aumento di stipendio,18.16
2009-03-01,Italy,IT,aumento stipendio + aumento di stipendio,17.56
2009-04-01,Italy,IT,aumento stipendio + aumento di stipendio,16.95
2009-05-01,Italy,IT,aumento stipendio + aumento di stipendio,16.3
2009-06-01,Italy,IT,aumento stipendio + aumento di stipendio,15.45
2009-07-01,Italy,IT,aumento stipendio + aumento di stipendio,14.94
2009-08-01,Italy,IT,aumento stipendio + aumento di stipendio,15.1
2009-09-01,Italy,IT,aumento stipendio + aumento di stipendio,15.11
2009-10-01,Italy,IT,aumento stipendio + aumento di stipendio,14.79
2009-11-01,Italy,IT,aumento stipendio + aumento di stipendio,14.36
2009-12-01,Italy,IT,aumento stipendio + aumento di stipendio,14.06
2010-01-01,Italy,IT,aumento stipendio + aumento di stipendio,14.08
2010-02-01,Italy,IT,aumento stipendio + aumento di stipendio,13.99
2010-03-01,Italy,IT,aumento stipendio + aumento di stipendio,13.81
2010-04-01,Italy,IT,aumento stipendio + aumento di stipendio,14.02
2010-05-01,Italy,IT,aumento stipendio + aumento di stipendio,14.43
2010-06-01,Italy,IT,aumento stipendio + aumento di stipendio,14.79
2010-07-01,Italy,IT,aumento stipendio + aumento di stipendio,14.83
2010-08-01,Italy,IT,aumento stipendio + aumento di stipendio,14.48
2010-09-01,Italy,IT,aumento stipendio + aumento di stipendio,14.19
2010-10-01,Italy,IT,aumento stipendio + aumento di stipendio,14.07
2010-11-01,Italy,IT,aumento stipendio + aumento di stipendio,13.89
2010-12-01,Italy,IT,aumento stipendio + aumento di stipendio,13.61
2011-01-01,Italy,IT,aumento stipendio + aumento di stipendio,13.55
2011-02-01,Italy,IT,aumento stipendio + aumento di stipendio,13.94
2011-03-01,Italy,IT,aumento stipendio + aumento di stipendio,14.36
2011-04-01,Italy,IT,aumento stipendio + aumento di stipendio,14.35
2011-05-01,Italy,IT,aumento stipendio + aumento di stipendio,14.3
2011-06-01,Italy,IT,aumento stipendio + aumento di stipendio,14.71
2011-07-01,Italy,IT,aumento stipendio + aumento di stipendio,15.48
2011-08-01,Italy,IT,aumento stipendio + aumento di stipendio,16.4
2011-09-01,Italy,IT,aumento stipendio + aumento di stipendio,17.05
2011-10-01,Italy,IT,aumento stipendio + aumento di stipendio,17.26
2011-11-01,Italy,IT,aumento stipendio + aumento di stipendio,17.25
2011-12-01,Italy,IT,aumento stipendio + aumento di stipendio,17.15
2012-01-01,Italy,IT,aumento stipendio + aumento di stipendio,16.86
2012-02-01,Italy,IT,aumento stipendio + aumento di stipendio,16.11
2012-03-01,Italy,IT,aumento stipendio + aumento di stipendio,15.24
2012-04-01,Italy,IT,aumento stipendio + aumento di stipendio,14.7
2012-05-01,Italy,IT,aumento stipendio + aumento di stipendio,14.34
2012-06-01,Italy,IT,aumento stipendio + aumento di stipendio,13.76
2012-07-01,Italy,IT,aumento stipendio + aumento di stipendio,13
2012-08-01,Italy,IT,aumento stipendio + aumento di stipendio,12.23
2012-09-01,Italy,IT,aumento stipendio + aumento di stipendio,11.61
2012-10-01,Italy,IT,aumento stipendio + aumento di stipendio,11.5
2012-11-01,Italy,IT,aumento stipendio + aumento di stipendio,12.79
2012-12-01,Italy,IT,aumento stipendio + aumento di stipendio,15.26
2013-01-01,Italy,IT,aumento stipendio + aumento di stipendio,16.95
2013-02-01,Italy,IT,aumento stipendio + aumento di stipendio,17.44
2013-03-01,Italy,IT,aumento stipendio + aumento di stipendio,17.63
2013-04-01,Italy,IT,aumento stipendio + aumento di stipendio,17.95
2013-05-01,Italy,IT,aumento stipendio + aumento di stipendio,18.3
2013-06-01,Italy,IT,aumento stipendio + aumento di stipendio,18.49
2013-07-01,Italy,IT,aumento stipendio + aumento di stipendio,18.62
2013-08-01,Italy,IT,aumento stipendio + aumento di stipendio,18.79
2013-09-01,Italy,IT,aumento stipendio + aumento di stipendio,19.2
2013-10-01,Italy,IT,aumento stipendio + aumento di stipendio,19.56
2013-11-01,Italy,IT,aumento stipendio + aumento di stipendio,18.52
2013-12-01,Italy,IT,aumento stipendio + aumento di stipendio,16.17
2014-01-01,Italy,IT,aumento stipendio + aumento di stipendio,14.73
2014-02-01,Italy,IT,aumento stipendio + aumento di stipendio,15.28
2014-03-01,Italy,IT,aumento stipendio + aumento di stipendio,17.09
2014-04-01,Italy,IT,aumento stipendio + aumento di stipendio,18.55
2014-05-01,Italy,IT,aumento stipendio + aumento di stipendio,19.01
2014-06-01,Italy,IT,aumento stipendio + aumento di stipendio,19.08
2014-07-01,Italy,IT,aumento stipendio + aumento di stipendio,19.07
2014-08-01,Italy,IT,aumento stipendio + aumento di stipendio,19.01
2014-09-01,Italy,IT,aumento stipendio + aumento di stipendio,18.74
2014-10-01,Italy,IT,aumento stipendio + aumento di stipendio,18.27
2014-11-01,Italy,IT,aumento stipendio + aumento di stipendio,17.82
2014-12-01,Italy,IT,aumento stipendio + aumento di stipendio,17.62
2015-01-01,Italy,IT,aumento stipendio + aumento di stipendio,17.47
2015-02-01,Italy,IT,aumento stipendio + aumento di stipendio,16.46
2015-03-01,Italy,IT,aumento stipendio + aumento di stipendio,14.28
2015-04-01,Italy,IT,aumento stipendio + aumento di stipendio,12.27
2015-05-01,Italy,IT,aumento stipendio + aumento di stipendio,11.31
2015-06-01,Italy,IT,aumento stipendio + aumento di stipendio,11.07
2015-07-01,Italy,IT,aumento stipendio + aumento di stipendio,11.07
2015-08-01,Italy,IT,aumento stipendio + aumento di stipendio,11.18
2015-09-01,Italy,IT,aumento stipendio + aumento di stipendio,11.25
2015-10-01,Italy,IT,aumento stipendio + aumento di stipendio,11.15
2015-11-01,Italy,IT,aumento stipendio + aumento di stipendio,11.19
2015-12-01,Italy,IT,aumento stipendio + aumento di stipendio,11.15
2016-01-01,Italy,IT,aumento stipendio + aumento di stipendio,10.77
2016-02-01,Italy,IT,aumento stipendio + aumento di stipendio,10.64
2016-03-01,Italy,IT,aumento stipendio + aumento di stipendio,10.87
2016-04-01,Italy,IT,aumento stipendio + aumento di stipendio,11.2
2016-05-01,Italy,IT,aumento stipendio + aumento di stipendio,11.66
2016-06-01,Italy,IT,aumento stipendio + aumento di stipendio,12.1
2016-07-01,Italy,IT,aumento stipendio + aumento di stipendio,12.48
2016-08-01,Italy,IT,aumento stipendio + aumento di stipendio,12.91
2016-09-01,Italy,IT,aumento stipendio + aumento di stipendio,13.44
2016-10-01,Italy,IT,aumento stipendio + aumento di stipendio,14.17
2016-11-01,Italy,IT,aumento stipendio + aumento di stipendio,15.17
2016-12-01,Italy,IT,aumento stipendio + aumento di stipendio,16.31
2017-01-01,Italy,IT,aumento stipendio + aumento di stipendio,17.01
2017-02-01,Italy,IT,aumento stipendio + aumento di stipendio,17.38
2017-03-01,Italy,IT,aumento stipendio + aumento di stipendio,18.21
2017-04-01,Italy,IT,aumento stipendio + aumento di stipendio,19.11
2017-05-01,Italy,IT,aumento stipendio + aumento di stipendio,19.53
2017-06-01,Italy,IT,aumento stipendio + aumento di stipendio,20.07
2017-07-01,Italy,IT,aumento stipendio + aumento di stipendio,20.95
2017-08-01,Italy,IT,aumento stipendio + aumento di stipendio,21.77
2017-09-01,Italy,IT,aumento stipendio + aumento di stipendio,22.89
2017-10-01,Italy,IT,aumento stipendio + aumento di stipendio,24.81
2017-11-01,Italy,IT,aumento stipendio + aumento di stipendio,27.2
2017-12-01,Italy,IT,aumento stipendio + aumento di stipendio,30.2
2018-01-01,Italy,IT,aumento stipendio + aumento di stipendio,34.64
2018-02-01,Italy,IT,aumento stipendio + aumento di stipendio,39.25
2018-03-01,Italy,IT,aumento stipendio + aumento di stipendio,42.02
2018-04-01,Italy,IT,aumento stipendio + aumento di stipendio,43.91
2018-05-01,Italy,IT,aumento stipendio + aumento di stipendio,45.71
2018-06-01,Italy,IT,aumento stipendio + aumento di stipendio,46.44
2018-07-01,Italy,IT,aumento stipendio + aumento di stipendio,46.27
2018-08-01,Italy,IT,aumento stipendio + aumento di stipendio,46
2018-09-01,Italy,IT,aumento stipendio + aumento di stipendio,45.19
2018-10-01,Italy,IT,aumento stipendio + aumento di stipendio,43.16
2018-11-01,Italy,IT,aumento stipendio + aumento di stipendio,40.24
2018-12-01,Italy,IT,aumento stipendio + aumento di stipendio,36.3
2019-01-01,Italy,IT,aumento stipendio + aumento di stipendio,31.05
2019-02-01,Italy,IT,aumento stipendio + aumento di stipendio,26.44
2019-03-01,Italy,IT,aumento stipendio + aumento di stipendio,24.29
2019-04-01,Italy,IT,aumento stipendio + aumento di stipendio,23.55
2019-05-01,Italy,IT,aumento stipendio + aumento di stipendio,23.14
2019-06-01,Italy,IT,aumento stipendio + aumento di stipendio,23.2
2019-07-01,Italy,IT,aumento stipendio + aumento di stipendio,23.9
2019-08-01,Italy,IT,aumento stipendio + aumento di stipendio,24.97
2019-09-01,Italy,IT,aumento stipendio + aumento di stipendio,26.4
2019-10-01,Italy,IT,aumento stipendio + aumento di stipendio,28.28
2019-11-01,Italy,IT,aumento stipendio + aumento di stipendio,30.36
2019-12-01,Italy,IT,aumento stipendio + aumento di stipendio,33.82
2020-01-01,Italy,IT,aumento stipendio + aumento di stipendio,38.51
2020-02-01,Italy,IT,aumento stipendio + aumento di stipendio,41.46
2020-03-01,Italy,IT,aumento stipendio + aumento di stipendio,42.16
2020-04-01,Italy,IT,aumento stipendio + aumento di stipendio,41.96
2020-05-01,Italy,IT,aumento stipendio + aumento di stipendio,41.97
2020-06-01,Italy,IT,aumento stipendio + aumento di stipendio,43.21
2020-07-01,Italy,IT,aumento stipendio + aumento di stipendio,44.45
2020-08-01,Italy,IT,aumento stipendio + aumento di stipendio,44.96
2020-09-01,Italy,IT,aumento stipendio + aumento di stipendio,45.39
2020-10-01,Italy,IT,aumento stipendio + aumento di stipendio,45.62
2020-11-01,Italy,IT,aumento stipendio + aumento di stipendio,45.99
2020-12-01,Italy,IT,aumento stipendio + aumento di stipendio,45.56
2021-01-01,Italy,IT,aumento stipendio + aumento di stipendio,43.57
2021-02-01,Italy,IT,aumento stipendio + aumento di stipendio,42.98
2021-03-01,Italy,IT,aumento stipendio + aumento di stipendio,44.81
2021-04-01,Italy,IT,aumento stipendio + aumento di stipendio,46.84
2021-05-01,Italy,IT,aumento stipendio + aumento di stipendio,47.58
2021-06-01,Italy,IT,aumento stipendio + aumento di stipendio,46.79
2021-07-01,Italy,IT,aumento stipendio + aumento di stipendio,45.83
2021-08-01,Italy,IT,aumento stipendio + aumento di stipendio,45.96
2021-09-01,Italy,IT,aumento stipendio + aumento di stipendio,46.62
2021-10-01,Italy,IT,aumento stipendio + aumento di stipendio,47.62
2021-11-01,Italy,IT,aumento stipendio + aumento di stipendio,48.98
2021-12-01,Italy,IT,aumento stipendio + aumento di stipendio,50.83
2022-01-01,Italy,IT,aumento stipendio + aumento di stipendio,54.32
2022-02-01,Italy,IT,aumento stipendio + aumento di stipendio,58.5
2022-03-01,Italy,IT,aumento stipendio + aumento di stipendio,61.31
2022-04-01,Italy,IT,aumento stipendio + aumento di stipendio,63.98
2022-05-01,Italy,IT,aumento stipendio + aumento di stipendio,67.98
2022-06-01,Italy,IT,aumento stipendio + aumento di stipendio,72.31
2022-07-01,Italy,IT,aumento stipendio + aumento di stipendio,76.58
2022-08-01,Italy,IT,aumento stipendio + aumento di stipendio,80.73
2022-09-01,Italy,IT,aumento stipendio + aumento di stipendio,84.03
2022-10-01,Italy,IT,aumento stipendio + aumento di stipendio,87.69
2022-11-01,Italy,IT,aumento stipendio + aumento di stipendio,91.71
2022-12-01,Italy,IT,aumento stipendio + aumento di stipendio,93.79
2023-01-01,Italy,IT,aumento stipendio + aumento di stipendio,93.98
2023-02-01,Italy,IT,aumento stipendio + aumento di stipendio,93.19
2023-03-01,Italy,IT,aumento stipendio + aumento di stipendio,92.12
2023-04-01,Italy,IT,aumento stipendio + aumento di stipendio,91.79
2023-05-01,Italy,IT,aumento stipendio + aumento di stipendio,92.31
2023-06-01,Italy,IT,aumento stipendio + aumento di stipendio,94.79
2023-07-01,Italy,IT,aumento stipendio + aumento di stipendio,98.31
2023-08-01,Italy,IT,aumento stipendio + aumento di stipendio,99.44
2023-09-01,Italy,IT,aumento stipendio + aumento di stipendio,99.92
2023-10-01,Italy,IT,aumento stipendio + aumento di stipendio,100
2023-11-01,Italy,IT,aumento stipendio + aumento di stipendio,97.24
2023-12-01,Italy,IT,aumento stipendio + aumento di stipendio,94.86
2024-01-01,Italy,IT,aumento stipendio + aumento di stipendio,94.58
2024-02-01,Italy,IT,aumento stipendio + aumento di stipendio,94.52
2024-03-01,Italy,IT,aumento stipendio + aumento di stipendio,94.6
2024-04-01,Italy,IT,aumento stipendio + aumento di stipendio,93.89
2024-05-01,Italy,IT,aumento stipendio + aumento di stipendio,91.12
2024-06-01,Italy,IT,aumento stipendio + aumento di stipendio,85.79
2024-07-01,Italy,IT,aumento stipendio + aumento di stipendio,79.15
2024-08-01,Italy,IT,aumento stipendio + aumento di stipendio,75.12
2024-09-01,Italy,IT,aumento stipendio + aumento di stipendio,72.39
2024-10-01,Italy,IT,aumento stipendio + aumento di stipendio,68.41
2024-11-01,Italy,IT,aumento stipendio + aumento di stipendio,67.96
2024-12-01,Italy,IT,aumento stipendio + aumento di stipendio,72.17
2025-01-01,Italy,IT,aumento stipendio + aumento di stipendio,74.18
2025-02-01,Italy,IT,aumento stipendio + aumento di stipendio,73.45
2025-03-01,Italy,IT,aumento stipendio + aumento di stipendio,72.44
2025-04-01,Italy,IT,aumento stipendio + aumento di stipendio,71.31
2025-05-01,Italy,IT,aumento stipendio + aumento di stipendio,70.96
2025-06-01,Italy,IT,aumento stipendio + aumento di stipendio,70.89
2025-07-01,Italy,IT,aumento stipendio + aumento di stipendio,70.36
2025-08-01,Italy,IT,aumento stipendio + aumento di stipendio,69.59
2025-09-01,Italy,IT,aumento stipendio + aumento di stipendio,69.05
2025-10-01,Italy,IT,aumento stipendio + aumento di stipendio,71.28
2025-11-01,Italy,IT,aumento stipendio + aumento di stipendio,73.1
2025-12-01,Italy,IT,aumento stipendio + aumento di stipendio,69.14
2026-01-01,Italy,IT,aumento stipendio + aumento di stipendio,64.94
2026-02-01,Italy,IT,aumento stipendio + aumento di stipendio,64.09
2026-03-01,Italy,IT,aumento stipendio + aumento di stipendio,64.62
2026-04-01,Italy,IT,aumento stipendio + aumento di stipendio,65.48
2026-05-01,Italy,IT,aumento stipendio + aumento di stipendio,65.43
2026-06-01,Italy,IT,aumento stipendio + aumento di stipendio,65.75
2026-07-01,Italy,IT,aumento stipendio + aumento di stipendio,67.38
2026-08-01,Italy,IT,aumento stipendio + aumento di stipendio,68.43
2004-01-01,Italy,IT,chiedere aumento stipendio + trattativa stipendio,0
2004-02-01,Italy,IT,chiedere aumento stipendio + trattativa stipendio,0
2004-03-01,Italy,IT,chiedere aumento stipendio + trattativa stipendio,0
2004-04-01,Italy,IT,chiedere aumento stipendio + trattativa stipendio,0
2004-05-01,Italy,IT,chiedere aumento stipendio + trattativa stipendio,0.01
2004-06-01,Italy,IT,chiedere aumento stipendio + trattativa stipendio,0.01
2004-07-01,Italy,IT,chiedere aumento stipendio + trattativa stipendio,0.01
2004-08-01,Italy,IT,chiedere aumento stipendio + trattativa stipendio,0.01
2004-09-01,Italy,IT,chiedere aumento stipendio + trattativa stipendio,0
2004-10-01,Italy,IT,chiedere aumento stipendio + trattativa stipendio,0
2004-11-01,Italy,IT,chiedere aumento stipendio + trattativa stipendio,0
2004-12-01,Italy,IT,chiedere aumento stipendio + trattativa stipendio,0
2005-01-01,Italy,IT,chiedere aumento stipendio + trattativa stipendio,0
2005-02-01,Italy,IT,chiedere aumento stipendio + trattativa stipendio,0
2005-03-01,Italy,IT,chiedere aumento stipendio + trattativa stipendio,0
2005-04-01,Italy,IT,chiedere aumento stipendio + trattativa stipendio,0
2005-05-01,Italy,IT,chiedere aumento stipendio + trattativa stipendio,0
2005-06-01,Italy,IT,chiedere aumento stipendio + trattativa stipendio,0
2005-07-01,Italy,IT,chiedere aumento stipendio + trattativa stipendio,0
2005-08-01,Italy,IT,chiedere aumento stipendio + trattativa stipendio,0
2005-09-01,Italy,IT,chiedere aumento stipendio + trattativa stipendio,0
2005-10-01,Italy,IT,chiedere aumento stipendio + trattativa stipendio,0
2005-11-01,Italy,IT,chiedere aumento stipendio + trattativa stipendio,0
2005-12-01,Italy,IT,chiedere aumento stipendio + trattativa stipendio,0
2006-01-01,Italy,IT,chiedere aumento stipendio + trattativa stipendio,0
2006-02-01,Italy,IT,chiedere aumento stipendio + trattativa stipendio,0
2006-03-01,Italy,IT,chiedere aumento stipendio + trattativa stipendio,0.01
2006-04-01,Italy,IT,chiedere aumento stipendio + trattativa stipendio,0.01
2006-05-01,Italy,IT,chiedere aumento stipendio + trattativa stipendio,0.01
2006-06-01,Italy,IT,chiedere aumento stipendio + trattativa stipendio,0.01
2006-07-01,Italy,IT,chiedere aumento stipendio + trattativa stipendio,0.01
2006-08-01,Italy,IT,chiedere aumento stipendio + trattativa stipendio,0.01
2006-09-01,Italy,IT,chiedere aumento stipendio + trattativa stipendio,0.01
2006-10-01,Italy,IT,chiedere aumento stipendio + trattativa stipendio,0.01
2006-11-01,Italy,IT,chiedere aumento stipendio + trattativa stipendio,0.01
2006-12-01,Italy,IT,chiedere aumento stipendio + trattativa stipendio,0.01
2007-01-01,Italy,IT,chiedere aumento stipendio + trattativa stipendio,0.01
2007-02-01,Italy,IT,chiedere aumento stipendio + trattativa stipendio,0.01
2007-03-01,Italy,IT,chiedere aumento stipendio + trattativa stipendio,0.01
2007-04-01,Italy,IT,chiedere aumento stipendio + trattativa stipendio,0.01
2007-05-01,Italy,IT,chiedere aumento stipendio + trattativa stipendio,0.01
2007-06-01,Italy,IT,chiedere aumento stipendio + trattativa stipendio,0.01
2007-07-01,Italy,IT,chiedere aumento stipendio + trattativa stipendio,0.01
2007-08-01,Italy,IT,chiedere aumento stipendio + trattativa stipendio,0.01
2007-09-01,Italy,IT,chiedere aumento stipendio + trattativa stipendio,0.01
2007-10-01,Italy,IT,chiedere aumento stipendio + trattativa stipendio,0.01
2007-11-01,Italy,IT,chiedere aumento stipendio + trattativa stipendio,0.01
2007-12-01,Italy,IT,chiedere aumento stipendio + trattativa stipendio,0.01
2008-01-01,Italy,IT,chiedere aumento stipendio + trattativa stipendio,0.01
2008-02-01,Italy,IT,chiedere aumento stipendio + trattativa stipendio,0.01
2008-03-01,Italy,IT,chiedere aumento stipendio + trattativa stipendio,0.01
2008-04-01,Italy,IT,chiedere aumento stipendio + trattativa stipendio,0.01
2008-05-01,Italy,IT,chiedere aumento stipendio + trattativa stipendio,0.01
2008-06-01,Italy,IT,chiedere aumento stipendio + trattativa stipendio,0.02
2008-07-01,Italy,IT,chiedere aumento stipendio + trattativa stipendio,0.03
2008-08-01,Italy,IT,chiedere aumento stipendio + trattativa stipendio,0.06
2008-09-01,Italy,IT,chiedere aumento stipendio + trattativa stipendio,0.09
2008-10-01,Italy,IT,chiedere aumento stipendio + trattativa stipendio,0.13
2008-11-01,Italy,IT,chiedere aumento stipendio + trattativa stipendio,0.17
2008-12-01,Italy,IT,chiedere aumento stipendio + trattativa stipendio,0.23
2009-01-01,Italy,IT,chiedere aumento stipendio + trattativa stipendio,0.29
2009-02-01,Italy,IT,chiedere aumento stipendio + trattativa stipendio,0.29
2009-03-01,Italy,IT,chiedere aumento stipendio + trattativa stipendio,0.29
2009-04-01,Italy,IT,chiedere aumento stipendio + trattativa stipendio,0.29
2009-05-01,Italy,IT,chiedere aumento stipendio + trattativa stipendio,0.36
2009-06-01,Italy,IT,chiedere aumento stipendio + trattativa stipendio,0.45
2009-07-01,Italy,IT,chiedere aumento stipendio + trattativa stipendio,0.53
2009-08-01,Italy,IT,chiedere aumento stipendio + trattativa stipendio,0.63
2009-09-01,Italy,IT,chiedere aumento stipendio + trattativa stipendio,0.73
2009-10-01,Italy,IT,chiedere aumento stipendio + trattativa stipendio,0.84
2009-11-01,Italy,IT,chiedere aumento stipendio + trattativa stipendio,0.95
2009-12-01,Italy,IT,chiedere aumento stipendio + trattativa stipendio,1.07
2010-01-01,Italy,IT,chiedere aumento stipendio + trattativa stipendio,1.19
2010-02-01,Italy,IT,chiedere aumento stipendio + trattativa stipendio,1.19
2010-03-01,Italy,IT,chiedere aumento stipendio + trattativa stipendio,1.19
2010-04-01,Italy,IT,chiedere aumento stipendio + trattativa stipendio,1.19
2010-05-01,Italy,IT,chiedere aumento stipendio + trattativa stipendio,1.3
2010-06-01,Italy,IT,chiedere aumento stipendio + trattativa stipendio,1.4
2010-07-01,Italy,IT,chiedere aumento stipendio + trattativa stipendio,1.5
2010-08-01,Italy,IT,chiedere aumento stipendio + trattativa stipendio,1.58
2010-09-01,Italy,IT,chiedere aumento stipendio + trattativa stipendio,1.65
2010-10-01,Italy,IT,chiedere aumento stipendio + trattativa stipendio,1.71
2010-11-01,Italy,IT,chiedere aumento stipendio + trattativa stipendio,1.76
2010-12-01,Italy,IT,chiedere aumento stipendio + trattativa stipendio,1.79
2011-01-01,Italy,IT,chiedere aumento stipendio + trattativa stipendio,1.82
2011-02-01,Italy,IT,chiedere aumento stipendio + trattativa stipendio,3.58
2011-03-01,Italy,IT,chiedere aumento stipendio + trattativa stipendio,6.89
2011-04-01,Italy,IT,chiedere aumento stipendio + trattativa stipendio,8.66
2011-05-01,Italy,IT,chiedere aumento stipendio + trattativa stipendio,8.68
2011-06-01,Italy,IT,chiedere aumento stipendio + trattativa stipendio,8.72
2011-07-01,Italy,IT,chiedere aumento stipendio + trattativa stipendio,8.76
2011-08-01,Italy,IT,chiedere aumento stipendio + trattativa stipendio,8.7
2011-09-01,Italy,IT,chiedere aumento stipendio + trattativa stipendio,8.56
2011-10-01,Italy,IT,chiedere aumento stipendio + trattativa stipendio,8.53
2011-11-01,Italy,IT,chiedere aumento stipendio + trattativa stipendio,8.64
2011-12-01,Italy,IT,chiedere aumento stipendio + trattativa stipendio,8.77
2012-01-01,Italy,IT,chiedere aumento stipendio + trattativa stipendio,8.82
2012-02-01,Italy,IT,chiedere aumento stipendio + trattativa stipendio,7.06
2012-03-01,Italy,IT,chiedere aumento stipendio + trattativa stipendio,3.75
2012-04-01,Italy,IT,chiedere aumento stipendio + trattativa stipendio,1.98
2012-05-01,Italy,IT,chiedere aumento stipendio + trattativa stipendio,1.78
2012-06-01,Italy,IT,chiedere aumento stipendio + trattativa stipendio,1.81
2012-07-01,Italy,IT,chiedere aumento stipendio + trattativa stipendio,1.84
2012-08-01,Italy,IT,chiedere aumento stipendio + trattativa stipendio,1.7
2012-09-01,Italy,IT,chiedere aumento stipendio + trattativa stipendio,1.64
2012-10-01,Italy,IT,chiedere aumento stipendio + trattativa stipendio,1.62
2012-11-01,Italy,IT,chiedere aumento stipendio + trattativa stipendio,1.89
2012-12-01,Italy,IT,chiedere aumento stipendio + trattativa stipendio,2.06
2013-01-01,Italy,IT,chiedere aumento stipendio + trattativa stipendio,1.96
2013-02-01,Italy,IT,chiedere aumento stipendio + trattativa stipendio,1.96
2013-03-01,Italy,IT,chiedere aumento stipendio + trattativa stipendio,1.96
2013-04-01,Italy,IT,chiedere aumento stipendio + trattativa stipendio,1.96
2013-05-01,Italy,IT,chiedere aumento stipendio + trattativa stipendio,1.94
2013-06-01,Italy,IT,chiedere aumento stipendio + trattativa stipendio,1.92
2013-07-01,Italy,IT,chiedere aumento stipendio + trattativa stipendio,1.9
2013-08-01,Italy,IT,chiedere aumento stipendio + trattativa stipendio,2.12
2013-09-01,Italy,IT,chiedere aumento stipendio + trattativa stipendio,3.3
2013-10-01,Italy,IT,chiedere aumento stipendio + trattativa stipendio,4.29
2013-11-01,Italy,IT,chiedere aumento stipendio + trattativa stipendio,4.47
2013-12-01,Italy,IT,chiedere aumento stipendio + trattativa stipendio,4.57
2014-01-01,Italy,IT,chiedere aumento stipendio + trattativa stipendio,5.43
2014-02-01,Italy,IT,chiedere aumento stipendio + trattativa stipendio,7.39
2014-03-01,Italy,IT,chiedere aumento stipendio + trattativa stipendio,8.97
2014-04-01,Italy,IT,chiedere aumento stipendio + trattativa stipendio,11.45
2014-05-01,Italy,IT,chiedere aumento stipendio + trattativa stipendio,15.49
2014-06-01,Italy,IT,chiedere aumento stipendio + trattativa stipendio,17.74
2014-07-01,Italy,IT,chiedere aumento stipendio + trattativa stipendio,19.99
2014-08-01,Italy,IT,chiedere aumento stipendio + trattativa stipendio,24.36
2014-09-01,Italy,IT,chiedere aumento stipendio + trattativa stipendio,26.45
2014-10-01,Italy,IT,chiedere aumento stipendio + trattativa stipendio,26.27
2014-11-01,Italy,IT,chiedere aumento stipendio + trattativa stipendio,26.17
2014-12-01,Italy,IT,chiedere aumento stipendio + trattativa stipendio,27.2
2015-01-01,Italy,IT,chiedere aumento stipendio + trattativa stipendio,28.18
2015-02-01,Italy,IT,chiedere aumento stipendio + trattativa stipendio,26.89
2015-03-01,Italy,IT,chiedere aumento stipendio + trattativa stipendio,25.67
2015-04-01,Italy,IT,chiedere aumento stipendio + trattativa stipendio,23.68
2015-05-01,Italy,IT,chiedere aumento stipendio + trattativa stipendio,19.69
2015-06-01,Italy,IT,chiedere aumento stipendio + trattativa stipendio,17.7
2015-07-01,Italy,IT,chiedere aumento stipendio + trattativa stipendio,15.38
2015-08-01,Italy,IT,chiedere aumento stipendio + trattativa stipendio,10.8
2015-09-01,Italy,IT,chiedere aumento stipendio + trattativa stipendio,7.85
2015-10-01,Italy,IT,chiedere aumento stipendio + trattativa stipendio,8.94
2015-11-01,Italy,IT,chiedere aumento stipendio + trattativa stipendio,9.68
2015-12-01,Italy,IT,chiedere aumento stipendio + trattativa stipendio,8.23
2016-01-01,Italy,IT,chiedere aumento stipendio + trattativa stipendio,6.9
2016-02-01,Italy,IT,chiedere aumento stipendio + trattativa stipendio,7.74
2016-03-01,Italy,IT,chiedere aumento stipendio + trattativa stipendio,8.57
2016-04-01,Italy,IT,chiedere aumento stipendio + trattativa stipendio,8.9
2016-05-01,Italy,IT,chiedere aumento stipendio + trattativa stipendio,9.76
2016-06-01,Italy,IT,chiedere aumento stipendio + trattativa stipendio,10.13
2016-07-01,Italy,IT,chiedere aumento stipendio + trattativa stipendio,10.01
2016-08-01,Italy,IT,chiedere aumento stipendio + trattativa stipendio,10.01
2016-09-01,Italy,IT,chiedere aumento stipendio + trattativa stipendio,9.68
2016-10-01,Italy,IT,chiedere aumento stipendio + trattativa stipendio,7.63
2016-11-01,Italy,IT,chiedere aumento stipendio + trattativa stipendio,6.96
2016-12-01,Italy,IT,chiedere aumento stipendio + trattativa stipendio,8.87
2017-01-01,Italy,IT,chiedere aumento stipendio + trattativa stipendio,8.61
2017-02-01,Italy,IT,chiedere aumento stipendio + trattativa stipendio,7.1
2017-03-01,Italy,IT,chiedere aumento stipendio + trattativa stipendio,7.68
2017-04-01,Italy,IT,chiedere aumento stipendio + trattativa stipendio,9.05
2017-05-01,Italy,IT,chiedere aumento stipendio + trattativa stipendio,9.79
2017-06-01,Italy,IT,chiedere aumento stipendio + trattativa stipendio,11.37
2017-07-01,Italy,IT,chiedere aumento stipendio + trattativa stipendio,16.12
2017-08-01,Italy,IT,chiedere aumento stipendio + trattativa stipendio,21.36
2017-09-01,Italy,IT,chiedere aumento stipendio + trattativa stipendio,24.57
2017-10-01,Italy,IT,chiedere aumento stipendio + trattativa stipendio,27.42
2017-11-01,Italy,IT,chiedere aumento stipendio + trattativa stipendio,29.01
2017-12-01,Italy,IT,chiedere aumento stipendio + trattativa stipendio,28.49
2018-01-01,Italy,IT,chiedere aumento stipendio + trattativa stipendio,31.53
2018-02-01,Italy,IT,chiedere aumento stipendio + trattativa stipendio,35.33
2018-03-01,Italy,IT,chiedere aumento stipendio + trattativa stipendio,35
2018-04-01,Italy,IT,chiedere aumento stipendio + trattativa stipendio,33.97
2018-05-01,Italy,IT,chiedere aumento stipendio + trattativa stipendio,34.34
2018-06-01,Italy,IT,chiedere aumento stipendio + trattativa stipendio,33.66
2018-07-01,Italy,IT,chiedere aumento stipendio + trattativa stipendio,29.82
2018-08-01,Italy,IT,chiedere aumento stipendio + trattativa stipendio,25.81
2018-09-01,Italy,IT,chiedere aumento stipendio + trattativa stipendio,24.78
2018-10-01,Italy,IT,chiedere aumento stipendio + trattativa stipendio,24.7
2018-11-01,Italy,IT,chiedere aumento stipendio + trattativa stipendio,25.44
2018-12-01,Italy,IT,chiedere aumento stipendio + trattativa stipendio,26.05
2019-01-01,Italy,IT,chiedere aumento stipendio + trattativa stipendio,24.53
2019-02-01,Italy,IT,chiedere aumento stipendio + trattativa stipendio,24.4
2019-03-01,Italy,IT,chiedere aumento stipendio + trattativa stipendio,27.77
2019-04-01,Italy,IT,chiedere aumento stipendio + trattativa stipendio,29.9
2019-05-01,Italy,IT,chiedere aumento stipendio + trattativa stipendio,29.75
2019-06-01,Italy,IT,chiedere aumento stipendio + trattativa stipendio,29.68
2019-07-01,Italy,IT,chiedere aumento stipendio + trattativa stipendio,30.13
2019-08-01,Italy,IT,chiedere aumento stipendio + trattativa stipendio,30.9
2019-09-01,Italy,IT,chiedere aumento stipendio + trattativa stipendio,31.21
2019-10-01,Italy,IT,chiedere aumento stipendio + trattativa stipendio,30.28
2019-11-01,Italy,IT,chiedere aumento stipendio + trattativa stipendio,29.25
2019-12-01,Italy,IT,chiedere aumento stipendio + trattativa stipendio,30.12
2020-01-01,Italy,IT,chiedere aumento stipendio + trattativa stipendio,30.06
2020-02-01,Italy,IT,chiedere aumento stipendio + trattativa stipendio,26.39
2020-03-01,Italy,IT,chiedere aumento stipendio + trattativa stipendio,21.58
2020-04-01,Italy,IT,chiedere aumento stipendio + trattativa stipendio,18.96
2020-05-01,Italy,IT,chiedere aumento stipendio + trattativa stipendio,18.49
2020-06-01,Italy,IT,chiedere aumento stipendio + trattativa stipendio,17.89
2020-07-01,Italy,IT,chiedere aumento stipendio + trattativa stipendio,17.65
2020-08-01,Italy,IT,chiedere aumento stipendio + trattativa stipendio,16.94
2020-09-01,Italy,IT,chiedere aumento stipendio + trattativa stipendio,16.12
2020-10-01,Italy,IT,chiedere aumento stipendio + trattativa stipendio,17.67
2020-11-01,Italy,IT,chiedere aumento stipendio + trattativa stipendio,19.39
2020-12-01,Italy,IT,chiedere aumento stipendio + trattativa stipendio,19.59
2021-01-01,Italy,IT,chiedere aumento stipendio + trattativa stipendio,22.07
2021-02-01,Italy,IT,chiedere aumento stipendio + trattativa stipendio,27.28
2021-03-01,Italy,IT,chiedere aumento stipendio + trattativa stipendio,31.86
2021-04-01,Italy,IT,chiedere aumento stipendio + trattativa stipendio,35.75
2021-05-01,Italy,IT,chiedere aumento stipendio + trattativa stipendio,39.52
2021-06-01,Italy,IT,chiedere aumento stipendio + trattativa stipendio,44.22
2021-07-01,Italy,IT,chiedere aumento stipendio + trattativa stipendio,49.09
2021-08-01,Italy,IT,chiedere aumento stipendio + trattativa stipendio,53.49
2021-09-01,Italy,IT,chiedere aumento stipendio + trattativa stipendio,56.86
2021-10-01,Italy,IT,chiedere aumento stipendio + trattativa stipendio,56.93
2021-11-01,Italy,IT,chiedere aumento stipendio + trattativa stipendio,57.45
2021-12-01,Italy,IT,chiedere aumento stipendio + trattativa stipendio,60.32
2022-01-01,Italy,IT,chiedere aumento stipendio + trattativa stipendio,61.79
2022-02-01,Italy,IT,chiedere aumento stipendio + trattativa stipendio,62.95
2022-03-01,Italy,IT,chiedere aumento stipendio + trattativa stipendio,66.15
2022-04-01,Italy,IT,chiedere aumento stipendio + trattativa stipendio,69.11
2022-05-01,Italy,IT,chiedere aumento stipendio + trattativa stipendio,70.77
2022-06-01,Italy,IT,chiedere aumento stipendio + trattativa stipendio,72.51
2022-07-01,Italy,IT,chiedere aumento stipendio + trattativa stipendio,74.62
2022-08-01,Italy,IT,chiedere aumento stipendio + trattativa stipendio,77.07
2022-09-01,Italy,IT,chiedere aumento stipendio + trattativa stipendio,80.41
2022-10-01,Italy,IT,chiedere aumento stipendio + trattativa stipendio,85.66
2022-11-01,Italy,IT,chiedere aumento stipendio + trattativa stipendio,88.99
2022-12-01,Italy,IT,chiedere aumento stipendio + trattativa stipendio,89.28
2023-01-01,Italy,IT,chiedere aumento stipendio + trattativa stipendio,90.49
2023-02-01,Italy,IT,chiedere aumento stipendio + trattativa stipendio,91.46
2023-03-01,Italy,IT,chiedere aumento stipendio + trattativa stipendio,91.19
2023-04-01,Italy,IT,chiedere aumento stipendio + trattativa stipendio,91.99
2023-05-01,Italy,IT,chiedere aumento stipendio + trattativa stipendio,93.99
2023-06-01,Italy,IT,chiedere aumento stipendio + trattativa stipendio,95.32
2023-07-01,Italy,IT,chiedere aumento stipendio + trattativa stipendio,95.97
2023-08-01,Italy,IT,chiedere aumento stipendio + trattativa stipendio,96.66
2023-09-01,Italy,IT,chiedere aumento stipendio + trattativa stipendio,96.96
2023-10-01,Italy,IT,chiedere aumento stipendio + trattativa stipendio,96.46
2023-11-01,Italy,IT,chiedere aumento stipendio + trattativa stipendio,96.95
2023-12-01,Italy,IT,chiedere aumento stipendio + trattativa stipendio,98.95
2024-01-01,Italy,IT,chiedere aumento stipendio + trattativa stipendio,100
2024-02-01,Italy,IT,chiedere aumento stipendio + trattativa stipendio,99.91
2024-03-01,Italy,IT,chiedere aumento stipendio + trattativa stipendio,98.56
2024-04-01,Italy,IT,chiedere aumento stipendio + trattativa stipendio,96.19
2024-05-01,Italy,IT,chiedere aumento stipendio + trattativa stipendio,94.1
2024-06-01,Italy,IT,chiedere aumento stipendio + trattativa stipendio,91.17
2024-07-01,Italy,IT,chiedere aumento stipendio + trattativa stipendio,87.29
2024-08-01,Italy,IT,chiedere aumento stipendio + trattativa stipendio,83.4
2024-09-01,Italy,IT,chiedere aumento stipendio + trattativa stipendio,80.18
2024-10-01,Italy,IT,chiedere aumento stipendio + trattativa stipendio,78.87
2024-11-01,Italy,IT,chiedere aumento stipendio + trattativa stipendio,77.51
2024-12-01,Italy,IT,chiedere aumento stipendio + trattativa stipendio,75.2
2025-01-01,Italy,IT,chiedere aumento stipendio + trattativa stipendio,74.08
2025-02-01,Italy,IT,chiedere aumento stipendio + trattativa stipendio,74.05
2025-03-01,Italy,IT,chiedere aumento stipendio + trattativa stipendio,75.06
2025-04-01,Italy,IT,chiedere aumento stipendio + trattativa stipendio,76.09
2025-05-01,Italy,IT,chiedere aumento stipendio + trattativa stipendio,75.01
2025-06-01,Italy,IT,chiedere aumento stipendio + trattativa stipendio,74.01
2025-07-01,Italy,IT,chiedere aumento stipendio + trattativa stipendio,74.15
2025-08-01,Italy,IT,chiedere aumento stipendio + trattativa stipendio,74.3
2025-09-01,Italy,IT,chiedere aumento stipendio + trattativa stipendio,74.35
2025-10-01,Italy,IT,chiedere aumento stipendio + trattativa stipendio,74.24
2025-11-01,Italy,IT,chiedere aumento stipendio + trattativa stipendio,75.2
2025-12-01,Italy,IT,chiedere aumento stipendio + trattativa stipendio,76.23
2026-01-01,Italy,IT,chiedere aumento stipendio + trattativa stipendio,75.12
2026-02-01,Italy,IT,chiedere aumento stipendio + trattativa stipendio,74
2026-03-01,Italy,IT,chiedere aumento stipendio + trattativa stipendio,73.96
2026-04-01,Italy,IT,chiedere aumento stipendio + trattativa stipendio,73.93
2026-05-01,Italy,IT,chiedere aumento stipendio + trattativa stipendio,75.04
2026-06-01,Italy,IT,chiedere aumento stipendio + trattativa stipendio,77.29
2026-07-01,Italy,IT,chiedere aumento stipendio + trattativa stipendio,79.57
2026-08-01,Italy,IT,chiedere aumento stipendio + trattativa stipendio,81.85
2004-01-01,Italy,IT,rinnovo ccnl + aumenti ccnl,69.6
2004-02-01,Italy,IT,rinnovo ccnl + aumenti ccnl,64.8
2004-03-01,Italy,IT,rinnovo ccnl + aumenti ccnl,59.29
2004-04-01,Italy,IT,rinnovo ccnl + aumenti ccnl,52.65
2004-05-01,Italy,IT,rinnovo ccnl + aumenti ccnl,50.5
2004-06-01,Italy,IT,rinnovo ccnl + aumenti ccnl,60.1
2004-07-01,Italy,IT,rinnovo ccnl + aumenti ccnl,74.37
2004-08-01,Italy,IT,rinnovo ccnl + aumenti ccnl,78.83
2004-09-01,Italy,IT,rinnovo ccnl + aumenti ccnl,77
2004-10-01,Italy,IT,rinnovo ccnl + aumenti ccnl,75.37
2004-11-01,Italy,IT,rinnovo ccnl + aumenti ccnl,73.64
2004-12-01,Italy,IT,rinnovo ccnl + aumenti ccnl,72.08
2005-01-01,Italy,IT,rinnovo ccnl + aumenti ccnl,70.7
2005-02-01,Italy,IT,rinnovo ccnl + aumenti ccnl,70.19
2005-03-01,Italy,IT,rinnovo ccnl + aumenti ccnl,70.68
2005-04-01,Italy,IT,rinnovo ccnl + aumenti ccnl,71.98
2005-05-01,Italy,IT,rinnovo ccnl + aumenti ccnl,71.94
2005-06-01,Italy,IT,rinnovo ccnl + aumenti ccnl,64.9
2005-07-01,Italy,IT,rinnovo ccnl + aumenti ccnl,50.97
2005-08-01,Italy,IT,rinnovo ccnl + aumenti ccnl,41.53
2005-09-01,Italy,IT,rinnovo ccnl + aumenti ccnl,38.22
2005-10-01,Italy,IT,rinnovo ccnl + aumenti ccnl,36.24
2005-11-01,Italy,IT,rinnovo ccnl + aumenti ccnl,35.46
2005-12-01,Italy,IT,rinnovo ccnl + aumenti ccnl,34.92
2006-01-01,Italy,IT,rinnovo ccnl + aumenti ccnl,34.7
2006-02-01,Italy,IT,rinnovo ccnl + aumenti ccnl,35.11
2006-03-01,Italy,IT,rinnovo ccnl + aumenti ccnl,35.51
2006-04-01,Italy,IT,rinnovo ccnl + aumenti ccnl,36.79
2006-05-01,Italy,IT,rinnovo ccnl + aumenti ccnl,38.84
2006-06-01,Italy,IT,rinnovo ccnl + aumenti ccnl,39.56
2006-07-01,Italy,IT,rinnovo ccnl + aumenti ccnl,40.56
2006-08-01,Italy,IT,rinnovo ccnl + aumenti ccnl,42.31
2006-09-01,Italy,IT,rinnovo ccnl + aumenti ccnl,42.88
2006-10-01,Italy,IT,rinnovo ccnl + aumenti ccnl,42.33
2006-11-01,Italy,IT,rinnovo ccnl + aumenti ccnl,40.89
2006-12-01,Italy,IT,rinnovo ccnl + aumenti ccnl,39.29
2007-01-01,Italy,IT,rinnovo ccnl + aumenti ccnl,37.16
2007-02-01,Italy,IT,rinnovo ccnl + aumenti ccnl,34.21
2007-03-01,Italy,IT,rinnovo ccnl + aumenti ccnl,31.8
2007-04-01,Italy,IT,rinnovo ccnl + aumenti ccnl,29.78
2007-05-01,Italy,IT,rinnovo ccnl + aumenti ccnl,28.09
2007-06-01,Italy,IT,rinnovo ccnl + aumenti ccnl,28.67
2007-07-01,Italy,IT,rinnovo ccnl + aumenti ccnl,30.95
2007-08-01,Italy,IT,rinnovo ccnl + aumenti ccnl,33.24
2007-09-01,Italy,IT,rinnovo ccnl + aumenti ccnl,36.04
2007-10-01,Italy,IT,rinnovo ccnl + aumenti ccnl,39.51
2007-11-01,Italy,IT,rinnovo ccnl + aumenti ccnl,43.6
2007-12-01,Italy,IT,rinnovo ccnl + aumenti ccnl,48.93
2008-01-01,Italy,IT,rinnovo ccnl + aumenti ccnl,55.82
2008-02-01,Italy,IT,rinnovo ccnl + aumenti ccnl,62.59
2008-03-01,Italy,IT,rinnovo ccnl + aumenti ccnl,68.1
2008-04-01,Italy,IT,rinnovo ccnl + aumenti ccnl,72.1
2008-05-01,Italy,IT,rinnovo ccnl + aumenti ccnl,74.82
2008-06-01,Italy,IT,rinnovo ccnl + aumenti ccnl,80.56
2008-07-01,Italy,IT,rinnovo ccnl + aumenti ccnl,90.32
2008-08-01,Italy,IT,rinnovo ccnl + aumenti ccnl,97.67
2008-09-01,Italy,IT,rinnovo ccnl + aumenti ccnl,100
2008-10-01,Italy,IT,rinnovo ccnl + aumenti ccnl,99.2
2008-11-01,Italy,IT,rinnovo ccnl + aumenti ccnl,96.41
2008-12-01,Italy,IT,rinnovo ccnl + aumenti ccnl,91.23
2009-01-01,Italy,IT,rinnovo ccnl + aumenti ccnl,83.71
2009-02-01,Italy,IT,rinnovo ccnl + aumenti ccnl,76.09
2009-03-01,Italy,IT,rinnovo ccnl + aumenti ccnl,69.25
2009-04-01,Italy,IT,rinnovo ccnl + aumenti ccnl,63.33
2009-05-01,Italy,IT,rinnovo ccnl + aumenti ccnl,58.43
2009-06-01,Italy,IT,rinnovo ccnl + aumenti ccnl,50.19
2009-07-01,Italy,IT,rinnovo ccnl + aumenti ccnl,37.32
2009-08-01,Italy,IT,rinnovo ccnl + aumenti ccnl,26.25
2009-09-01,Italy,IT,rinnovo ccnl + aumenti ccnl,19.87
2009-10-01,Italy,IT,rinnovo ccnl + aumenti ccnl,16.6
2009-11-01,Italy,IT,rinnovo ccnl + aumenti ccnl,14.91
2009-12-01,Italy,IT,rinnovo ccnl + aumenti ccnl,14.33
2010-01-01,Italy,IT,rinnovo ccnl + aumenti ccnl,15.01
2010-02-01,Italy,IT,rinnovo ccnl + aumenti ccnl,16.07
2010-03-01,Italy,IT,rinnovo ccnl + aumenti ccnl,16.9
2010-04-01,Italy,IT,rinnovo ccnl + aumenti ccnl,17.34
2010-05-01,Italy,IT,rinnovo ccnl + aumenti ccnl,17.62
2010-06-01,Italy,IT,rinnovo ccnl + aumenti ccnl,18.48
2010-07-01,Italy,IT,rinnovo ccnl + aumenti ccnl,19.75
2010-08-01,Italy,IT,rinnovo ccnl + aumenti ccnl,20.31
2010-09-01,Italy,IT,rinnovo ccnl + aumenti ccnl,19.87
2010-10-01,Italy,IT,rinnovo ccnl + aumenti ccnl,19.03
2010-11-01,Italy,IT,rinnovo ccnl + aumenti ccnl,18.4
2010-12-01,Italy,IT,rinnovo ccnl + aumenti ccnl,17.96
2011-01-01,Italy,IT,rinnovo ccnl + aumenti ccnl,17.59
2011-02-01,Italy,IT,rinnovo ccnl + aumenti ccnl,17.89
2011-03-01,Italy,IT,rinnovo ccnl + aumenti ccnl,19.17
2011-04-01,Italy,IT,rinnovo ccnl + aumenti ccnl,20.52
2011-05-01,Italy,IT,rinnovo ccnl + aumenti ccnl,21.02
2011-06-01,Italy,IT,rinnovo ccnl + aumenti ccnl,21.31
2011-07-01,Italy,IT,rinnovo ccnl + aumenti ccnl,22.29
2011-08-01,Italy,IT,rinnovo ccnl + aumenti ccnl,23.72
2011-09-01,Italy,IT,rinnovo ccnl + aumenti ccnl,25.39
2011-10-01,Italy,IT,rinnovo ccnl + aumenti ccnl,26.96
2011-11-01,Italy,IT,rinnovo ccnl + aumenti ccnl,27.87
2011-12-01,Italy,IT,rinnovo ccnl + aumenti ccnl,28.39
2012-01-01,Italy,IT,rinnovo ccnl + aumenti ccnl,28.26
2012-02-01,Italy,IT,rinnovo ccnl + aumenti ccnl,26.49
2012-03-01,Italy,IT,rinnovo ccnl + aumenti ccnl,23.37
2012-04-01,Italy,IT,rinnovo ccnl + aumenti ccnl,20.36
2012-05-01,Italy,IT,rinnovo ccnl + aumenti ccnl,18.34
2012-06-01,Italy,IT,rinnovo ccnl + aumenti ccnl,16.93
2012-07-01,Italy,IT,rinnovo ccnl + aumenti ccnl,15.59
2012-08-01,Italy,IT,rinnovo ccnl + aumenti ccnl,13.95
2012-09-01,Italy,IT,rinnovo ccnl + aumenti ccnl,11.65
2012-10-01,Italy,IT,rinnovo ccnl + aumenti ccnl,9
2012-11-01,Italy,IT,rinnovo ccnl + aumenti ccnl,6.84
2012-12-01,Italy,IT,rinnovo ccnl + aumenti ccnl,5.16
2013-01-01,Italy,IT,rinnovo ccnl + aumenti ccnl,3.91
2013-02-01,Italy,IT,rinnovo ccnl + aumenti ccnl,3.42
2013-03-01,Italy,IT,rinnovo ccnl + aumenti ccnl,3.38
2013-04-01,Italy,IT,rinnovo ccnl + aumenti ccnl,3.39
2013-05-01,Italy,IT,rinnovo ccnl + aumenti ccnl,3.28
2013-06-01,Italy,IT,rinnovo ccnl + aumenti ccnl,3.08
2013-07-01,Italy,IT,rinnovo ccnl + aumenti ccnl,3.09
2013-08-01,Italy,IT,rinnovo ccnl + aumenti ccnl,3.31
2013-09-01,Italy,IT,rinnovo ccnl + aumenti ccnl,3.74
2013-10-01,Italy,IT,rinnovo ccnl + aumenti ccnl,4.31
2013-11-01,Italy,IT,rinnovo ccnl + aumenti ccnl,4.56
2013-12-01,Italy,IT,rinnovo ccnl + aumenti ccnl,4.69
2014-01-01,Italy,IT,rinnovo ccnl + aumenti ccnl,5.3
2014-02-01,Italy,IT,rinnovo ccnl + aumenti ccnl,6.27
2014-03-01,Italy,IT,rinnovo ccnl + aumenti ccnl,7.17
2014-04-01,Italy,IT,rinnovo ccnl + aumenti ccnl,7.87
2014-05-01,Italy,IT,rinnovo ccnl + aumenti ccnl,8.8
2014-06-01,Italy,IT,rinnovo ccnl + aumenti ccnl,9.95
2014-07-01,Italy,IT,rinnovo ccnl + aumenti ccnl,10.83
2014-08-01,Italy,IT,rinnovo ccnl + aumenti ccnl,11.5
2014-09-01,Italy,IT,rinnovo ccnl + aumenti ccnl,12.12
2014-10-01,Italy,IT,rinnovo ccnl + aumenti ccnl,12.67
2014-11-01,Italy,IT,rinnovo ccnl + aumenti ccnl,13.14
2014-12-01,Italy,IT,rinnovo ccnl + aumenti ccnl,13.45
2015-01-01,Italy,IT,rinnovo ccnl + aumenti ccnl,13.34
2015-02-01,Italy,IT,rinnovo ccnl + aumenti ccnl,12.97
2015-03-01,Italy,IT,rinnovo ccnl + aumenti ccnl,13.34
2015-04-01,Italy,IT,rinnovo ccnl + aumenti ccnl,14.22
2015-05-01,Italy,IT,rinnovo ccnl + aumenti ccnl,14.1
2015-06-01,Italy,IT,rinnovo ccnl + aumenti ccnl,13.01
2015-07-01,Italy,IT,rinnovo ccnl + aumenti ccnl,11.8
2015-08-01,Italy,IT,rinnovo ccnl + aumenti ccnl,10.72
2015-09-01,Italy,IT,rinnovo ccnl + aumenti ccnl,9.76
2015-10-01,Italy,IT,rinnovo ccnl + aumenti ccnl,9
2015-11-01,Italy,IT,rinnovo ccnl + aumenti ccnl,8.42
2015-12-01,Italy,IT,rinnovo ccnl + aumenti ccnl,7.69
2016-01-01,Italy,IT,rinnovo ccnl + aumenti ccnl,6.83
2016-02-01,Italy,IT,rinnovo ccnl + aumenti ccnl,5.96
2016-03-01,Italy,IT,rinnovo ccnl + aumenti ccnl,4.42
2016-04-01,Italy,IT,rinnovo ccnl + aumenti ccnl,2.45
2016-05-01,Italy,IT,rinnovo ccnl + aumenti ccnl,1.41
2016-06-01,Italy,IT,rinnovo ccnl + aumenti ccnl,1.38
2016-07-01,Italy,IT,rinnovo ccnl + aumenti ccnl,1.71
2016-08-01,Italy,IT,rinnovo ccnl + aumenti ccnl,2.07
2016-09-01,Italy,IT,rinnovo ccnl + aumenti ccnl,2.33
2016-10-01,Italy,IT,rinnovo ccnl + aumenti ccnl,2.6
2016-11-01,Italy,IT,rinnovo ccnl + aumenti ccnl,3.17
2016-12-01,Italy,IT,rinnovo ccnl + aumenti ccnl,4.05
2017-01-01,Italy,IT,rinnovo ccnl + aumenti ccnl,4.95
2017-02-01,Italy,IT,rinnovo ccnl + aumenti ccnl,5.79
2017-03-01,Italy,IT,rinnovo ccnl + aumenti ccnl,6.57
2017-04-01,Italy,IT,rinnovo ccnl + aumenti ccnl,7.26
2017-05-01,Italy,IT,rinnovo ccnl + aumenti ccnl,7.78
2017-06-01,Italy,IT,rinnovo ccnl + aumenti ccnl,8.09
2017-07-01,Italy,IT,rinnovo ccnl + aumenti ccnl,8.23
2017-08-01,Italy,IT,rinnovo ccnl + aumenti ccnl,8.24
2017-09-01,Italy,IT,rinnovo ccnl + aumenti ccnl,8.22
2017-10-01,Italy,IT,rinnovo ccnl + aumenti ccnl,7.95
2017-11-01,Italy,IT,rinnovo ccnl + aumenti ccnl,7.26
2017-12-01,Italy,IT,rinnovo ccnl + aumenti ccnl,6.56
2018-01-01,Italy,IT,rinnovo ccnl + aumenti ccnl,6.09
2018-02-01,Italy,IT,rinnovo ccnl + aumenti ccnl,5.82
2018-03-01,Italy,IT,rinnovo ccnl + aumenti ccnl,5.76
2018-04-01,Italy,IT,rinnovo ccnl + aumenti ccnl,5.7
2018-05-01,Italy,IT,rinnovo ccnl + aumenti ccnl,5.47
2018-06-01,Italy,IT,rinnovo ccnl + aumenti ccnl,5.07
2018-07-01,Italy,IT,rinnovo ccnl + aumenti ccnl,4.64
2018-08-01,Italy,IT,rinnovo ccnl + aumenti ccnl,4.28
2018-09-01,Italy,IT,rinnovo ccnl + aumenti ccnl,3.92
2018-10-01,Italy,IT,rinnovo ccnl + aumenti ccnl,3.68
2018-11-01,Italy,IT,rinnovo ccnl + aumenti ccnl,3.45
2018-12-01,Italy,IT,rinnovo ccnl + aumenti ccnl,3.11
2019-01-01,Italy,IT,rinnovo ccnl + aumenti ccnl,2.75
2019-02-01,Italy,IT,rinnovo ccnl + aumenti ccnl,2.36
2019-03-01,Italy,IT,rinnovo ccnl + aumenti ccnl,2.3
2019-04-01,Italy,IT,rinnovo ccnl + aumenti ccnl,2.68
2019-05-01,Italy,IT,rinnovo ccnl + aumenti ccnl,3.07
2019-06-01,Italy,IT,rinnovo ccnl + aumenti ccnl,3.32
2019-07-01,Italy,IT,rinnovo ccnl + aumenti ccnl,3.56
2019-08-01,Italy,IT,rinnovo ccnl + aumenti ccnl,3.86
2019-09-01,Italy,IT,rinnovo ccnl + aumenti ccnl,4.32
2019-10-01,Italy,IT,rinnovo ccnl + aumenti ccnl,4.98
2019-11-01,Italy,IT,rinnovo ccnl + aumenti ccnl,5.85
2019-12-01,Italy,IT,rinnovo ccnl + aumenti ccnl,6.82
2020-01-01,Italy,IT,rinnovo ccnl + aumenti ccnl,7.69
2020-02-01,Italy,IT,rinnovo ccnl + aumenti ccnl,7.93
2020-03-01,Italy,IT,rinnovo ccnl + aumenti ccnl,7.16
2020-04-01,Italy,IT,rinnovo ccnl + aumenti ccnl,5.83
2020-05-01,Italy,IT,rinnovo ccnl + aumenti ccnl,4.72
2020-06-01,Italy,IT,rinnovo ccnl + aumenti ccnl,4.1
2020-07-01,Italy,IT,rinnovo ccnl + aumenti ccnl,3.74
2020-08-01,Italy,IT,rinnovo ccnl + aumenti ccnl,3.51
2020-09-01,Italy,IT,rinnovo ccnl + aumenti ccnl,3.26
2020-10-01,Italy,IT,rinnovo ccnl + aumenti ccnl,2.67
2020-11-01,Italy,IT,rinnovo ccnl + aumenti ccnl,1.83
2020-12-01,Italy,IT,rinnovo ccnl + aumenti ccnl,0.86
2021-01-01,Italy,IT,rinnovo ccnl + aumenti ccnl,0.01
2021-02-01,Italy,IT,rinnovo ccnl + aumenti ccnl,0
2021-03-01,Italy,IT,rinnovo ccnl + aumenti ccnl,0.87
2021-04-01,Italy,IT,rinnovo ccnl + aumenti ccnl,2.09
2021-05-01,Italy,IT,rinnovo ccnl + aumenti ccnl,3.17
2021-06-01,Italy,IT,rinnovo ccnl + aumenti ccnl,3.99
2021-07-01,Italy,IT,rinnovo ccnl + aumenti ccnl,4.68
2021-08-01,Italy,IT,rinnovo ccnl + aumenti ccnl,5.18
2021-09-01,Italy,IT,rinnovo ccnl + aumenti ccnl,5.51
2021-10-01,Italy,IT,rinnovo ccnl + aumenti ccnl,5.93
2021-11-01,Italy,IT,rinnovo ccnl + aumenti ccnl,6.51
2021-12-01,Italy,IT,rinnovo ccnl + aumenti ccnl,7.2
2022-01-01,Italy,IT,rinnovo ccnl + aumenti ccnl,7.78
2022-02-01,Italy,IT,rinnovo ccnl + aumenti ccnl,8.12
2022-03-01,Italy,IT,rinnovo ccnl + aumenti ccnl,8.39
2022-04-01,Italy,IT,rinnovo ccnl + aumenti ccnl,8.92
2022-05-01,Italy,IT,rinnovo ccnl + aumenti ccnl,9.69
2022-06-01,Italy,IT,rinnovo ccnl + aumenti ccnl,10.24
2022-07-01,Italy,IT,rinnovo ccnl + aumenti ccnl,10.75
2022-08-01,Italy,IT,rinnovo ccnl + aumenti ccnl,11.56
2022-09-01,Italy,IT,rinnovo ccnl + aumenti ccnl,12.4
2022-10-01,Italy,IT,rinnovo ccnl + aumenti ccnl,13.27
2022-11-01,Italy,IT,rinnovo ccnl + aumenti ccnl,14.3
2022-12-01,Italy,IT,rinnovo ccnl + aumenti ccnl,15.53
2023-01-01,Italy,IT,rinnovo ccnl + aumenti ccnl,16.91
2023-02-01,Italy,IT,rinnovo ccnl + aumenti ccnl,17.79
2023-03-01,Italy,IT,rinnovo ccnl + aumenti ccnl,18.11
2023-04-01,Italy,IT,rinnovo ccnl + aumenti ccnl,18.47
2023-05-01,Italy,IT,rinnovo ccnl + aumenti ccnl,19.26
2023-06-01,Italy,IT,rinnovo ccnl + aumenti ccnl,20.92
2023-07-01,Italy,IT,rinnovo ccnl + aumenti ccnl,22.91
2023-08-01,Italy,IT,rinnovo ccnl + aumenti ccnl,24.74
2023-09-01,Italy,IT,rinnovo ccnl + aumenti ccnl,27
2023-10-01,Italy,IT,rinnovo ccnl + aumenti ccnl,29.72
2023-11-01,Italy,IT,rinnovo ccnl + aumenti ccnl,32.21
2023-12-01,Italy,IT,rinnovo ccnl + aumenti ccnl,34.48
2024-01-01,Italy,IT,rinnovo ccnl + aumenti ccnl,37.07
2024-02-01,Italy,IT,rinnovo ccnl + aumenti ccnl,41.47
2024-03-01,Italy,IT,rinnovo ccnl + aumenti ccnl,47.46
2024-04-01,Italy,IT,rinnovo ccnl + aumenti ccnl,52.13
2024-05-01,Italy,IT,rinnovo ccnl + aumenti ccnl,54.95
2024-06-01,Italy,IT,rinnovo ccnl + aumenti ccnl,56.89
2024-07-01,Italy,IT,rinnovo ccnl + aumenti ccnl,58.24
2024-08-01,Italy,IT,rinnovo ccnl + aumenti ccnl,59.23
2024-09-01,Italy,IT,rinnovo ccnl + aumenti ccnl,59.26
2024-10-01,Italy,IT,rinnovo ccnl + aumenti ccnl,58.58
2024-11-01,Italy,IT,rinnovo ccnl + aumenti ccnl,58.02
2024-12-01,Italy,IT,rinnovo ccnl + aumenti ccnl,58.28
2025-01-01,Italy,IT,rinnovo ccnl + aumenti ccnl,58.73
2025-02-01,Italy,IT,rinnovo ccnl + aumenti ccnl,57.42
2025-03-01,Italy,IT,rinnovo ccnl + aumenti ccnl,54.48
2025-04-01,Italy,IT,rinnovo ccnl + aumenti ccnl,52.76
2025-05-01,Italy,IT,rinnovo ccnl + aumenti ccnl,52.68
2025-06-01,Italy,IT,rinnovo ccnl + aumenti ccnl,52.85
2025-07-01,Italy,IT,rinnovo ccnl + aumenti ccnl,52.88
2025-08-01,Italy,IT,rinnovo ccnl + aumenti ccnl,53.15
2025-09-01,Italy,IT,rinnovo ccnl + aumenti ccnl,54.31
2025-10-01,Italy,IT,rinnovo ccnl + aumenti ccnl,57.2
2025-11-01,Italy,IT,rinnovo ccnl + aumenti ccnl,60.85
2025-12-01,Italy,IT,rinnovo ccnl + aumenti ccnl,62.34
2026-01-01,Italy,IT,rinnovo ccnl + aumenti ccnl,61.83
2026-02-01,Italy,IT,rinnovo ccnl + aumenti ccnl,61.38
2026-03-01,Italy,IT,rinnovo ccnl + aumenti ccnl,61.44
2026-04-01,Italy,IT,rinnovo ccnl + aumenti ccnl,61.63
2026-05-01,Italy,IT,rinnovo ccnl + aumenti ccnl,61.33
2026-06-01,Italy,IT,rinnovo ccnl + aumenti ccnl,60.69
2026-07-01,Italy,IT,rinnovo ccnl + aumenti ccnl,60.64
2026-08-01,Italy,IT,rinnovo ccnl + aumenti ccnl,60.06
2004-01-01,Netherlands,NL,cao loonsverhoging + cao onderhandelingen,0
2004-02-01,Netherlands,NL,cao loonsverhoging + cao onderhandelingen,0
2004-03-01,Netherlands,NL,cao loonsverhoging + cao onderhandelingen,0
2004-04-01,Netherlands,NL,cao loonsverhoging + cao onderhandelingen,0
2004-05-01,Netherlands,NL,cao loonsverhoging + cao onderhandelingen,0
2004-06-01,Netherlands,NL,cao loonsverhoging + cao onderhandelingen,0.37
2004-07-01,Netherlands,NL,cao loonsverhoging + cao onderhandelingen,0.87
2004-08-01,Netherlands,NL,cao loonsverhoging + cao onderhandelingen,1.23
2004-09-01,Netherlands,NL,cao loonsverhoging + cao onderhandelingen,1.24
2004-10-01,Netherlands,NL,cao loonsverhoging + cao onderhandelingen,1.11
2004-11-01,Netherlands,NL,cao loonsverhoging + cao onderhandelingen,1.01
2004-12-01,Netherlands,NL,cao loonsverhoging + cao onderhandelingen,1.02
2005-01-01,Netherlands,NL,cao loonsverhoging + cao onderhandelingen,1.29
2005-02-01,Netherlands,NL,cao loonsverhoging + cao onderhandelingen,1.42
2005-03-01,Netherlands,NL,cao loonsverhoging + cao onderhandelingen,1.66
2005-04-01,Netherlands,NL,cao loonsverhoging + cao onderhandelingen,2.47
2005-05-01,Netherlands,NL,cao loonsverhoging + cao onderhandelingen,3.32
2005-06-01,Netherlands,NL,cao loonsverhoging + cao onderhandelingen,3.58
2005-07-01,Netherlands,NL,cao loonsverhoging + cao onderhandelingen,3.58
2005-08-01,Netherlands,NL,cao loonsverhoging + cao onderhandelingen,3.94
2005-09-01,Netherlands,NL,cao loonsverhoging + cao onderhandelingen,4.97
2005-10-01,Netherlands,NL,cao loonsverhoging + cao onderhandelingen,6.13
2005-11-01,Netherlands,NL,cao loonsverhoging + cao onderhandelingen,7.06
2005-12-01,Netherlands,NL,cao loonsverhoging + cao onderhandelingen,7.72
2006-01-01,Netherlands,NL,cao loonsverhoging + cao onderhandelingen,8.14
2006-02-01,Netherlands,NL,cao loonsverhoging + cao onderhandelingen,8.74
2006-03-01,Netherlands,NL,cao loonsverhoging + cao onderhandelingen,8.94
2006-04-01,Netherlands,NL,cao loonsverhoging + cao onderhandelingen,8.14
2006-05-01,Netherlands,NL,cao loonsverhoging + cao onderhandelingen,7.28
2006-06-01,Netherlands,NL,cao loonsverhoging + cao onderhandelingen,7.02
2006-07-01,Netherlands,NL,cao loonsverhoging + cao onderhandelingen,7.03
2006-08-01,Netherlands,NL,cao loonsverhoging + cao onderhandelingen,6.71
2006-09-01,Netherlands,NL,cao loonsverhoging + cao onderhandelingen,5.9
2006-10-01,Netherlands,NL,cao loonsverhoging + cao onderhandelingen,5.26
2006-11-01,Netherlands,NL,cao loonsverhoging + cao onderhandelingen,5
2006-12-01,Netherlands,NL,cao loonsverhoging + cao onderhandelingen,4.96
2007-01-01,Netherlands,NL,cao loonsverhoging + cao onderhandelingen,5.01
2007-02-01,Netherlands,NL,cao loonsverhoging + cao onderhandelingen,5.11
2007-03-01,Netherlands,NL,cao loonsverhoging + cao onderhandelingen,5.83
2007-04-01,Netherlands,NL,cao loonsverhoging + cao onderhandelingen,7.27
2007-05-01,Netherlands,NL,cao loonsverhoging + cao onderhandelingen,8.82
2007-06-01,Netherlands,NL,cao loonsverhoging + cao onderhandelingen,10.34
2007-07-01,Netherlands,NL,cao loonsverhoging + cao onderhandelingen,11.72
2007-08-01,Netherlands,NL,cao loonsverhoging + cao onderhandelingen,12.96
2007-09-01,Netherlands,NL,cao loonsverhoging + cao onderhandelingen,14.2
2007-10-01,Netherlands,NL,cao loonsverhoging + cao onderhandelingen,15.37
2007-11-01,Netherlands,NL,cao loonsverhoging + cao onderhandelingen,16.5
2007-12-01,Netherlands,NL,cao loonsverhoging + cao onderhandelingen,17.61
2008-01-01,Netherlands,NL,cao loonsverhoging + cao onderhandelingen,18.67
2008-02-01,Netherlands,NL,cao loonsverhoging + cao onderhandelingen,19.49
2008-03-01,Netherlands,NL,cao loonsverhoging + cao onderhandelingen,19.8
2008-04-01,Netherlands,NL,cao loonsverhoging + cao onderhandelingen,19.76
2008-05-01,Netherlands,NL,cao loonsverhoging + cao onderhandelingen,19.44
2008-06-01,Netherlands,NL,cao loonsverhoging + cao onderhandelingen,18.76
2008-07-01,Netherlands,NL,cao loonsverhoging + cao onderhandelingen,18.04
2008-08-01,Netherlands,NL,cao loonsverhoging + cao onderhandelingen,17.47
2008-09-01,Netherlands,NL,cao loonsverhoging + cao onderhandelingen,16.85
2008-10-01,Netherlands,NL,cao loonsverhoging + cao onderhandelingen,16.02
2008-11-01,Netherlands,NL,cao loonsverhoging + cao onderhandelingen,15.06
2008-12-01,Netherlands,NL,cao loonsverhoging + cao onderhandelingen,14.15
2009-01-01,Netherlands,NL,cao loonsverhoging + cao onderhandelingen,13.35
2009-02-01,Netherlands,NL,cao loonsverhoging + cao onderhandelingen,12.79
2009-03-01,Netherlands,NL,cao loonsverhoging + cao onderhandelingen,12.45
2009-04-01,Netherlands,NL,cao loonsverhoging + cao onderhandelingen,12.1
2009-05-01,Netherlands,NL,cao loonsverhoging + cao onderhandelingen,11.91
2009-06-01,Netherlands,NL,cao loonsverhoging + cao onderhandelingen,12.04
2009-07-01,Netherlands,NL,cao loonsverhoging + cao onderhandelingen,12.17
2009-08-01,Netherlands,NL,cao loonsverhoging + cao onderhandelingen,12.2
2009-09-01,Netherlands,NL,cao loonsverhoging + cao onderhandelingen,12.29
2009-10-01,Netherlands,NL,cao loonsverhoging + cao onderhandelingen,12.45
2009-11-01,Netherlands,NL,cao loonsverhoging + cao onderhandelingen,12.51
2009-12-01,Netherlands,NL,cao loonsverhoging + cao onderhandelingen,12.38
2010-01-01,Netherlands,NL,cao loonsverhoging + cao onderhandelingen,12.12
2010-02-01,Netherlands,NL,cao loonsverhoging + cao onderhandelingen,11.76
2010-03-01,Netherlands,NL,cao loonsverhoging + cao onderhandelingen,11.27
2010-04-01,Netherlands,NL,cao loonsverhoging + cao onderhandelingen,10.86
2010-05-01,Netherlands,NL,cao loonsverhoging + cao onderhandelingen,10.55
2010-06-01,Netherlands,NL,cao loonsverhoging + cao onderhandelingen,10.21
2010-07-01,Netherlands,NL,cao loonsverhoging + cao onderhandelingen,9.93
2010-08-01,Netherlands,NL,cao loonsverhoging + cao onderhandelingen,9.75
2010-09-01,Netherlands,NL,cao loonsverhoging + cao onderhandelingen,9.58
2010-10-01,Netherlands,NL,cao loonsverhoging + cao onderhandelingen,9.43
2010-11-01,Netherlands,NL,cao loonsverhoging + cao onderhandelingen,9.39
2010-12-01,Netherlands,NL,cao loonsverhoging + cao onderhandelingen,9.44
2011-01-01,Netherlands,NL,cao loonsverhoging + cao onderhandelingen,9.62
2011-02-01,Netherlands,NL,cao loonsverhoging + cao onderhandelingen,9.95
2011-03-01,Netherlands,NL,cao loonsverhoging + cao onderhandelingen,10.54
2011-04-01,Netherlands,NL,cao loonsverhoging + cao onderhandelingen,11.19
2011-05-01,Netherlands,NL,cao loonsverhoging + cao onderhandelingen,11.64
2011-06-01,Netherlands,NL,cao loonsverhoging + cao onderhandelingen,11.95
2011-07-01,Netherlands,NL,cao loonsverhoging + cao onderhandelingen,12.22
2011-08-01,Netherlands,NL,cao loonsverhoging + cao onderhandelingen,12.46
2011-09-01,Netherlands,NL,cao loonsverhoging + cao onderhandelingen,12.7
2011-10-01,Netherlands,NL,cao loonsverhoging + cao onderhandelingen,12.95
2011-11-01,Netherlands,NL,cao loonsverhoging + cao onderhandelingen,13.23
2011-12-01,Netherlands,NL,cao loonsverhoging + cao onderhandelingen,13.55
2012-01-01,Netherlands,NL,cao loonsverhoging + cao onderhandelingen,13.71
2012-02-01,Netherlands,NL,cao loonsverhoging + cao onderhandelingen,13.57
2012-03-01,Netherlands,NL,cao loonsverhoging + cao onderhandelingen,13.18
2012-04-01,Netherlands,NL,cao loonsverhoging + cao onderhandelingen,12.76
2012-05-01,Netherlands,NL,cao loonsverhoging + cao onderhandelingen,12.41
2012-06-01,Netherlands,NL,cao loonsverhoging + cao onderhandelingen,12.03
2012-07-01,Netherlands,NL,cao loonsverhoging + cao onderhandelingen,11.62
2012-08-01,Netherlands,NL,cao loonsverhoging + cao onderhandelingen,11.18
2012-09-01,Netherlands,NL,cao loonsverhoging + cao onderhandelingen,10.71
2012-10-01,Netherlands,NL,cao loonsverhoging + cao onderhandelingen,10.23
2012-11-01,Netherlands,NL,cao loonsverhoging + cao onderhandelingen,9.75
2012-12-01,Netherlands,NL,cao loonsverhoging + cao onderhandelingen,9.33
2013-01-01,Netherlands,NL,cao loonsverhoging + cao onderhandelingen,9.05
2013-02-01,Netherlands,NL,cao loonsverhoging + cao onderhandelingen,8.89
2013-03-01,Netherlands,NL,cao loonsverhoging + cao onderhandelingen,8.75
2013-04-01,Netherlands,NL,cao loonsverhoging + cao onderhandelingen,8.67
2013-05-01,Netherlands,NL,cao loonsverhoging + cao onderhandelingen,8.74
2013-06-01,Netherlands,NL,cao loonsverhoging + cao onderhandelingen,8.97
2013-07-01,Netherlands,NL,cao loonsverhoging + cao onderhandelingen,9.29
2013-08-01,Netherlands,NL,cao loonsverhoging + cao onderhandelingen,9.73
2013-09-01,Netherlands,NL,cao loonsverhoging + cao onderhandelingen,10.21
2013-10-01,Netherlands,NL,cao loonsverhoging + cao onderhandelingen,10.66
2013-11-01,Netherlands,NL,cao loonsverhoging + cao onderhandelingen,11.09
2013-12-01,Netherlands,NL,cao loonsverhoging + cao onderhandelingen,11.48
2014-01-01,Netherlands,NL,cao loonsverhoging + cao onderhandelingen,11.87
2014-02-01,Netherlands,NL,cao loonsverhoging + cao onderhandelingen,12.43
2014-03-01,Netherlands,NL,cao loonsverhoging + cao onderhandelingen,13.06
2014-04-01,Netherlands,NL,cao loonsverhoging + cao onderhandelingen,13.52
2014-05-01,Netherlands,NL,cao loonsverhoging + cao onderhandelingen,13.83
2014-06-01,Netherlands,NL,cao loonsverhoging + cao onderhandelingen,14.14
2014-07-01,Netherlands,NL,cao loonsverhoging + cao onderhandelingen,14.39
2014-08-01,Netherlands,NL,cao loonsverhoging + cao onderhandelingen,14.56
2014-09-01,Netherlands,NL,cao loonsverhoging + cao onderhandelingen,14.84
2014-10-01,Netherlands,NL,cao loonsverhoging + cao onderhandelingen,15.23
2014-11-01,Netherlands,NL,cao loonsverhoging + cao onderhandelingen,15.54
2014-12-01,Netherlands,NL,cao loonsverhoging + cao onderhandelingen,15.73
2015-01-01,Netherlands,NL,cao loonsverhoging + cao onderhandelingen,15.83
2015-02-01,Netherlands,NL,cao loonsverhoging + cao onderhandelingen,15.88
2015-03-01,Netherlands,NL,cao loonsverhoging + cao onderhandelingen,16.03
2015-04-01,Netherlands,NL,cao loonsverhoging + cao onderhandelingen,16.37
2015-05-01,Netherlands,NL,cao loonsverhoging + cao onderhandelingen,16.61
2015-06-01,Netherlands,NL,cao loonsverhoging + cao onderhandelingen,16.74
2015-07-01,Netherlands,NL,cao loonsverhoging + cao onderhandelingen,16.92
2015-08-01,Netherlands,NL,cao loonsverhoging + cao onderhandelingen,17.04
2015-09-01,Netherlands,NL,cao loonsverhoging + cao onderhandelingen,17.05
2015-10-01,Netherlands,NL,cao loonsverhoging + cao onderhandelingen,16.94
2015-11-01,Netherlands,NL,cao loonsverhoging + cao onderhandelingen,16.85
2015-12-01,Netherlands,NL,cao loonsverhoging + cao onderhandelingen,16.83
2016-01-01,Netherlands,NL,cao loonsverhoging + cao onderhandelingen,16.71
2016-02-01,Netherlands,NL,cao loonsverhoging + cao onderhandelingen,16.35
2016-03-01,Netherlands,NL,cao loonsverhoging + cao onderhandelingen,15.59
2016-04-01,Netherlands,NL,cao loonsverhoging + cao onderhandelingen,14.66
2016-05-01,Netherlands,NL,cao loonsverhoging + cao onderhandelingen,13.99
2016-06-01,Netherlands,NL,cao loonsverhoging + cao onderhandelingen,13.49
2016-07-01,Netherlands,NL,cao loonsverhoging + cao onderhandelingen,13.08
2016-08-01,Netherlands,NL,cao loonsverhoging + cao onderhandelingen,12.78
2016-09-01,Netherlands,NL,cao loonsverhoging + cao onderhandelingen,12.48
2016-10-01,Netherlands,NL,cao loonsverhoging + cao onderhandelingen,12.21
2016-11-01,Netherlands,NL,cao loonsverhoging + cao onderhandelingen,12.09
2016-12-01,Netherlands,NL,cao loonsverhoging + cao onderhandelingen,12.19
2017-01-01,Netherlands,NL,cao loonsverhoging + cao onderhandelingen,12.48
2017-02-01,Netherlands,NL,cao loonsverhoging + cao onderhandelingen,13.01
2017-03-01,Netherlands,NL,cao loonsverhoging + cao onderhandelingen,13.99
2017-04-01,Netherlands,NL,cao loonsverhoging + cao onderhandelingen,15.09
2017-05-01,Netherlands,NL,cao loonsverhoging + cao onderhandelingen,15.83
2017-06-01,Netherlands,NL,cao loonsverhoging + cao onderhandelingen,16.23
2017-07-01,Netherlands,NL,cao loonsverhoging + cao onderhandelingen,16.51
2017-08-01,Netherlands,NL,cao loonsverhoging + cao onderhandelingen,16.75
2017-09-01,Netherlands,NL,cao loonsverhoging + cao onderhandelingen,16.94
2017-10-01,Netherlands,NL,cao loonsverhoging + cao onderhandelingen,17.2
2017-11-01,Netherlands,NL,cao loonsverhoging + cao onderhandelingen,17.45
2017-12-01,Netherlands,NL,cao loonsverhoging + cao onderhandelingen,17.47
2018-01-01,Netherlands,NL,cao loonsverhoging + cao onderhandelingen,17.43
2018-02-01,Netherlands,NL,cao loonsverhoging + cao onderhandelingen,17.55
2018-03-01,Netherlands,NL,cao loonsverhoging + cao onderhandelingen,17.73
2018-04-01,Netherlands,NL,cao loonsverhoging + cao onderhandelingen,18.01
2018-05-01,Netherlands,NL,cao loonsverhoging + cao onderhandelingen,18.47
2018-06-01,Netherlands,NL,cao loonsverhoging + cao onderhandelingen,19.15
2018-07-01,Netherlands,NL,cao loonsverhoging + cao onderhandelingen,19.92
2018-08-01,Netherlands,NL,cao loonsverhoging + cao onderhandelingen,20.71
2018-09-01,Netherlands,NL,cao loonsverhoging + cao onderhandelingen,21.64
2018-10-01,Netherlands,NL,cao loonsverhoging + cao onderhandelingen,22.56
2018-11-01,Netherlands,NL,cao loonsverhoging + cao onderhandelingen,23.36
2018-12-01,Netherlands,NL,cao loonsverhoging + cao onderhandelingen,24.27
2019-01-01,Netherlands,NL,cao loonsverhoging + cao onderhandelingen,25.55
2019-02-01,Netherlands,NL,cao loonsverhoging + cao onderhandelingen,26.88
2019-03-01,Netherlands,NL,cao loonsverhoging + cao onderhandelingen,27.91
2019-04-01,Netherlands,NL,cao loonsverhoging + cao onderhandelingen,28.94
2019-05-01,Netherlands,NL,cao loonsverhoging + cao onderhandelingen,30.52
2019-06-01,Netherlands,NL,cao loonsverhoging + cao onderhandelingen,32.47
2019-07-01,Netherlands,NL,cao loonsverhoging + cao onderhandelingen,34.13
2019-08-01,Netherlands,NL,cao loonsverhoging + cao onderhandelingen,35.51
2019-09-01,Netherlands,NL,cao loonsverhoging + cao onderhandelingen,36.85
2019-10-01,Netherlands,NL,cao loonsverhoging + cao onderhandelingen,37.91
2019-11-01,Netherlands,NL,cao loonsverhoging + cao onderhandelingen,38.91
2019-12-01,Netherlands,NL,cao loonsverhoging + cao onderhandelingen,39.97
2020-01-01,Netherlands,NL,cao loonsverhoging + cao onderhandelingen,40.2
2020-02-01,Netherlands,NL,cao loonsverhoging + cao onderhandelingen,39.56
2020-03-01,Netherlands,NL,cao loonsverhoging + cao onderhandelingen,38.67
2020-04-01,Netherlands,NL,cao loonsverhoging + cao onderhandelingen,37.44
2020-05-01,Netherlands,NL,cao loonsverhoging + cao onderhandelingen,35.5
2020-06-01,Netherlands,NL,cao loonsverhoging + cao onderhandelingen,33.23
2020-07-01,Netherlands,NL,cao loonsverhoging + cao onderhandelingen,31.55
2020-08-01,Netherlands,NL,cao loonsverhoging + cao onderhandelingen,30.12
2020-09-01,Netherlands,NL,cao loonsverhoging + cao onderhandelingen,28.25
2020-10-01,Netherlands,NL,cao loonsverhoging + cao onderhandelingen,26.61
2020-11-01,Netherlands,NL,cao loonsverhoging + cao onderhandelingen,25.35
2020-12-01,Netherlands,NL,cao loonsverhoging + cao onderhandelingen,24.19
2021-01-01,Netherlands,NL,cao loonsverhoging + cao onderhandelingen,23.81
2021-02-01,Netherlands,NL,cao loonsverhoging + cao onderhandelingen,24.42
2021-03-01,Netherlands,NL,cao loonsverhoging + cao onderhandelingen,25.55
2021-04-01,Netherlands,NL,cao loonsverhoging + cao onderhandelingen,27.1
2021-05-01,Netherlands,NL,cao loonsverhoging + cao onderhandelingen,28.95
2021-06-01,Netherlands,NL,cao loonsverhoging + cao onderhandelingen,30.93
2021-07-01,Netherlands,NL,cao loonsverhoging + cao onderhandelingen,33.12
2021-08-01,Netherlands,NL,cao loonsverhoging + cao onderhandelingen,35.93
2021-09-01,Netherlands,NL,cao loonsverhoging + cao onderhandelingen,39.48
2021-10-01,Netherlands,NL,cao loonsverhoging + cao onderhandelingen,42.94
2021-11-01,Netherlands,NL,cao loonsverhoging + cao onderhandelingen,45.55
2021-12-01,Netherlands,NL,cao loonsverhoging + cao onderhandelingen,47.34
2022-01-01,Netherlands,NL,cao loonsverhoging + cao onderhandelingen,48.45
2022-02-01,Netherlands,NL,cao loonsverhoging + cao onderhandelingen,49.4
2022-03-01,Netherlands,NL,cao loonsverhoging + cao onderhandelingen,50.6
2022-04-01,Netherlands,NL,cao loonsverhoging + cao onderhandelingen,52
2022-05-01,Netherlands,NL,cao loonsverhoging + cao onderhandelingen,53.61
2022-06-01,Netherlands,NL,cao loonsverhoging + cao onderhandelingen,54.95
2022-07-01,Netherlands,NL,cao loonsverhoging + cao onderhandelingen,55.45
2022-08-01,Netherlands,NL,cao loonsverhoging + cao onderhandelingen,55.54
2022-09-01,Netherlands,NL,cao loonsverhoging + cao onderhandelingen,55.73
2022-10-01,Netherlands,NL,cao loonsverhoging + cao onderhandelingen,56.45
2022-11-01,Netherlands,NL,cao loonsverhoging + cao onderhandelingen,58.47
2022-12-01,Netherlands,NL,cao loonsverhoging + cao onderhandelingen,62.28
2023-01-01,Netherlands,NL,cao loonsverhoging + cao onderhandelingen,67.48
2023-02-01,Netherlands,NL,cao loonsverhoging + cao onderhandelingen,72.06
2023-03-01,Netherlands,NL,cao loonsverhoging + cao onderhandelingen,74.87
2023-04-01,Netherlands,NL,cao loonsverhoging + cao onderhandelingen,76.98
2023-05-01,Netherlands,NL,cao loonsverhoging + cao onderhandelingen,79.82
2023-06-01,Netherlands,NL,cao loonsverhoging + cao onderhandelingen,83.37
2023-07-01,Netherlands,NL,cao loonsverhoging + cao onderhandelingen,86.32
2023-08-01,Netherlands,NL,cao loonsverhoging + cao onderhandelingen,88.5
2023-09-01,Netherlands,NL,cao loonsverhoging + cao onderhandelingen,90.65
2023-10-01,Netherlands,NL,cao loonsverhoging + cao onderhandelingen,93.14
2023-11-01,Netherlands,NL,cao loonsverhoging + cao onderhandelingen,95.1
2023-12-01,Netherlands,NL,cao loonsverhoging + cao onderhandelingen,95.3
2024-01-01,Netherlands,NL,cao loonsverhoging + cao onderhandelingen,93.52
2024-02-01,Netherlands,NL,cao loonsverhoging + cao onderhandelingen,92.57
2024-03-01,Netherlands,NL,cao loonsverhoging + cao onderhandelingen,94.38
2024-04-01,Netherlands,NL,cao loonsverhoging + cao onderhandelingen,96.65
2024-05-01,Netherlands,NL,cao loonsverhoging + cao onderhandelingen,96.92
2024-06-01,Netherlands,NL,cao loonsverhoging + cao onderhandelingen,96.27
2024-07-01,Netherlands,NL,cao loonsverhoging + cao onderhandelingen,97.05
2024-08-01,Netherlands,NL,cao loonsverhoging + cao onderhandelingen,98.28
2024-09-01,Netherlands,NL,cao loonsverhoging + cao onderhandelingen,98.16
2024-10-01,Netherlands,NL,cao loonsverhoging + cao onderhandelingen,96.78
2024-11-01,Netherlands,NL,cao loonsverhoging + cao onderhandelingen,95.53
2024-12-01,Netherlands,NL,cao loonsverhoging + cao onderhandelingen,95.62
2025-01-01,Netherlands,NL,cao loonsverhoging + cao onderhandelingen,97.31
2025-02-01,Netherlands,NL,cao loonsverhoging + cao onderhandelingen,99.32
2025-03-01,Netherlands,NL,cao loonsverhoging + cao onderhandelingen,100
2025-04-01,Netherlands,NL,cao loonsverhoging + cao onderhandelingen,99.26
2025-05-01,Netherlands,NL,cao loonsverhoging + cao onderhandelingen,97.81
2025-06-01,Netherlands,NL,cao loonsverhoging + cao onderhandelingen,96.06
2025-07-01,Netherlands,NL,cao loonsverhoging + cao onderhandelingen,93.95
2025-08-01,Netherlands,NL,cao loonsverhoging + cao onderhandelingen,92.15
2025-09-01,Netherlands,NL,cao loonsverhoging + cao onderhandelingen,91.4
2025-10-01,Netherlands,NL,cao loonsverhoging + cao onderhandelingen,90.95
2025-11-01,Netherlands,NL,cao loonsverhoging + cao onderhandelingen,89.39
2025-12-01,Netherlands,NL,cao loonsverhoging + cao onderhandelingen,86.3
2026-01-01,Netherlands,NL,cao loonsverhoging + cao onderhandelingen,81.98
2026-02-01,Netherlands,NL,cao loonsverhoging + cao onderhandelingen,75.98
2026-03-01,Netherlands,NL,cao loonsverhoging + cao onderhandelingen,69.5
2026-04-01,Netherlands,NL,cao loonsverhoging + cao onderhandelingen,65.2
2026-05-01,Netherlands,NL,cao loonsverhoging + cao onderhandelingen,63.32
2026-06-01,Netherlands,NL,cao loonsverhoging + cao onderhandelingen,62.16
2026-07-01,Netherlands,NL,cao loonsverhoging + cao onderhandelingen,61.03
2026-08-01,Netherlands,NL,cao loonsverhoging + cao onderhandelingen,59.4
2004-01-01,Netherlands,NL,loonstijging + salarisstijging,0
2004-02-01,Netherlands,NL,loonstijging + salarisstijging,0
2004-03-01,Netherlands,NL,loonstijging + salarisstijging,2.84
2004-04-01,Netherlands,NL,loonstijging + salarisstijging,5.17
2004-05-01,Netherlands,NL,loonstijging + salarisstijging,6.32
2004-06-01,Netherlands,NL,loonstijging + salarisstijging,6.86
2004-07-01,Netherlands,NL,loonstijging + salarisstijging,7.73
2004-08-01,Netherlands,NL,loonstijging + salarisstijging,9.18
2004-09-01,Netherlands,NL,loonstijging + salarisstijging,10.15
2004-10-01,Netherlands,NL,loonstijging + salarisstijging,9.51
2004-11-01,Netherlands,NL,loonstijging + salarisstijging,8.64
2004-12-01,Netherlands,NL,loonstijging + salarisstijging,7.92
2005-01-01,Netherlands,NL,loonstijging + salarisstijging,7.92
2005-02-01,Netherlands,NL,loonstijging + salarisstijging,7.92
2005-03-01,Netherlands,NL,loonstijging + salarisstijging,7.97
2005-04-01,Netherlands,NL,loonstijging + salarisstijging,8.05
2005-05-01,Netherlands,NL,loonstijging + salarisstijging,8.1
2005-06-01,Netherlands,NL,loonstijging + salarisstijging,8.16
2005-07-01,Netherlands,NL,loonstijging + salarisstijging,8.27
2005-08-01,Netherlands,NL,loonstijging + salarisstijging,8.42
2005-09-01,Netherlands,NL,loonstijging + salarisstijging,8.52
2005-10-01,Netherlands,NL,loonstijging + salarisstijging,10.47
2005-11-01,Netherlands,NL,loonstijging + salarisstijging,12.88
2005-12-01,Netherlands,NL,loonstijging + salarisstijging,13.91
2006-01-01,Netherlands,NL,loonstijging + salarisstijging,15.69
2006-02-01,Netherlands,NL,loonstijging + salarisstijging,17.05
2006-03-01,Netherlands,NL,loonstijging + salarisstijging,17.15
2006-04-01,Netherlands,NL,loonstijging + salarisstijging,17.28
2006-05-01,Netherlands,NL,loonstijging + salarisstijging,17.37
2006-06-01,Netherlands,NL,loonstijging + salarisstijging,17.51
2006-07-01,Netherlands,NL,loonstijging + salarisstijging,17.75
2006-08-01,Netherlands,NL,loonstijging + salarisstijging,18.06
2006-09-01,Netherlands,NL,loonstijging + salarisstijging,18.27
2006-10-01,Netherlands,NL,loonstijging + salarisstijging,16.34
2006-11-01,Netherlands,NL,loonstijging + salarisstijging,14.73
2006-12-01,Netherlands,NL,loonstijging + salarisstijging,17.83
2007-01-01,Netherlands,NL,loonstijging + salarisstijging,21.87
2007-02-01,Netherlands,NL,loonstijging + salarisstijging,25.82
2007-03-01,Netherlands,NL,loonstijging + salarisstijging,28.02
2007-04-01,Netherlands,NL,loonstijging + salarisstijging,28.31
2007-05-01,Netherlands,NL,loonstijging + salarisstijging,29.93
2007-06-01,Netherlands,NL,loonstijging + salarisstijging,34.53
2007-07-01,Netherlands,NL,loonstijging + salarisstijging,39.37
2007-08-01,Netherlands,NL,loonstijging + salarisstijging,41.49
2007-09-01,Netherlands,NL,loonstijging + salarisstijging,43.33
2007-10-01,Netherlands,NL,loonstijging + salarisstijging,48.19
2007-11-01,Netherlands,NL,loonstijging + salarisstijging,53.66
2007-12-01,Netherlands,NL,loonstijging + salarisstijging,55.75
2008-01-01,Netherlands,NL,loonstijging + salarisstijging,55.14
2008-02-01,Netherlands,NL,loonstijging + salarisstijging,54.85
2008-03-01,Netherlands,NL,loonstijging + salarisstijging,58.54
2008-04-01,Netherlands,NL,loonstijging + salarisstijging,64.88
2008-05-01,Netherlands,NL,loonstijging + salarisstijging,68.37
2008-06-01,Netherlands,NL,loonstijging + salarisstijging,65.67
2008-07-01,Netherlands,NL,loonstijging + salarisstijging,61.43
2008-08-01,Netherlands,NL,loonstijging + salarisstijging,61.11
2008-09-01,Netherlands,NL,loonstijging + salarisstijging,62.79
2008-10-01,Netherlands,NL,loonstijging + salarisstijging,62.81
2008-11-01,Netherlands,NL,loonstijging + salarisstijging,61.23
2008-12-01,Netherlands,NL,loonstijging + salarisstijging,59.36
2009-01-01,Netherlands,NL,loonstijging + salarisstijging,57.96
2009-02-01,Netherlands,NL,loonstijging + salarisstijging,56.13
2009-03-01,Netherlands,NL,loonstijging + salarisstijging,51.64
2009-04-01,Netherlands,NL,loonstijging + salarisstijging,45.63
2009-05-01,Netherlands,NL,loonstijging + salarisstijging,42.45
2009-06-01,Netherlands,NL,loonstijging + salarisstijging,44.29
2009-07-01,Netherlands,NL,loonstijging + salarisstijging,47.56
2009-08-01,Netherlands,NL,loonstijging + salarisstijging,47.4
2009-09-01,Netherlands,NL,loonstijging + salarisstijging,44.35
2009-10-01,Netherlands,NL,loonstijging + salarisstijging,42.07
2009-11-01,Netherlands,NL,loonstijging + salarisstijging,40.83
2009-12-01,Netherlands,NL,loonstijging + salarisstijging,39.27
2010-01-01,Netherlands,NL,loonstijging + salarisstijging,38.29
2010-02-01,Netherlands,NL,loonstijging + salarisstijging,38.05
2010-03-01,Netherlands,NL,loonstijging + salarisstijging,38.69
2010-04-01,Netherlands,NL,loonstijging + salarisstijging,40.61
2010-05-01,Netherlands,NL,loonstijging + salarisstijging,42.11
2010-06-01,Netherlands,NL,loonstijging + salarisstijging,41.44
2010-07-01,Netherlands,NL,loonstijging + salarisstijging,39.46
2010-08-01,Netherlands,NL,loonstijging + salarisstijging,40.25
2010-09-01,Netherlands,NL,loonstijging + salarisstijging,44.04
2010-10-01,Netherlands,NL,loonstijging + salarisstijging,45.69
2010-11-01,Netherlands,NL,loonstijging + salarisstijging,45.14
2010-12-01,Netherlands,NL,loonstijging + salarisstijging,45.39
2011-01-01,Netherlands,NL,loonstijging + salarisstijging,45.95
2011-02-01,Netherlands,NL,loonstijging + salarisstijging,46.74
2011-03-01,Netherlands,NL,loonstijging + salarisstijging,48.01
2011-04-01,Netherlands,NL,loonstijging + salarisstijging,47.91
2011-05-01,Netherlands,NL,loonstijging + salarisstijging,46.19
2011-06-01,Netherlands,NL,loonstijging + salarisstijging,44.74
2011-07-01,Netherlands,NL,loonstijging + salarisstijging,44.36
2011-08-01,Netherlands,NL,loonstijging + salarisstijging,42.37
2011-09-01,Netherlands,NL,loonstijging + salarisstijging,37.95
2011-10-01,Netherlands,NL,loonstijging + salarisstijging,35.66
2011-11-01,Netherlands,NL,loonstijging + salarisstijging,36.47
2011-12-01,Netherlands,NL,loonstijging + salarisstijging,37.44
2012-01-01,Netherlands,NL,loonstijging + salarisstijging,37.82
2012-02-01,Netherlands,NL,loonstijging + salarisstijging,37.63
2012-03-01,Netherlands,NL,loonstijging + salarisstijging,36.97
2012-04-01,Netherlands,NL,loonstijging + salarisstijging,37
2012-05-01,Netherlands,NL,loonstijging + salarisstijging,37.98
2012-06-01,Netherlands,NL,loonstijging + salarisstijging,38.64
2012-07-01,Netherlands,NL,loonstijging + salarisstijging,38.61
2012-08-01,Netherlands,NL,loonstijging + salarisstijging,38.96
2012-09-01,Netherlands,NL,loonstijging + salarisstijging,40.48
2012-10-01,Netherlands,NL,loonstijging + salarisstijging,41.62
2012-11-01,Netherlands,NL,loonstijging + salarisstijging,40.78
2012-12-01,Netherlands,NL,loonstijging + salarisstijging,38.99
2013-01-01,Netherlands,NL,loonstijging + salarisstijging,37.65
2013-02-01,Netherlands,NL,loonstijging + salarisstijging,37.21
2013-03-01,Netherlands,NL,loonstijging + salarisstijging,37.2
2013-04-01,Netherlands,NL,loonstijging + salarisstijging,36.82
2013-05-01,Netherlands,NL,loonstijging + salarisstijging,36
2013-06-01,Netherlands,NL,loonstijging + salarisstijging,35.4
2013-07-01,Netherlands,NL,loonstijging + salarisstijging,34.93
2013-08-01,Netherlands,NL,loonstijging + salarisstijging,34.4
2013-09-01,Netherlands,NL,loonstijging + salarisstijging,33.69
2013-10-01,Netherlands,NL,loonstijging + salarisstijging,32.82
2013-11-01,Netherlands,NL,loonstijging + salarisstijging,32.63
2013-12-01,Netherlands,NL,loonstijging + salarisstijging,32.86
2014-01-01,Netherlands,NL,loonstijging + salarisstijging,32.47
2014-02-01,Netherlands,NL,loonstijging + salarisstijging,31.23
2014-03-01,Netherlands,NL,loonstijging + salarisstijging,29.61
2014-04-01,Netherlands,NL,loonstijging + salarisstijging,28
2014-05-01,Netherlands,NL,loonstijging + salarisstijging,26.7
2014-06-01,Netherlands,NL,loonstijging + salarisstijging,25.99
2014-07-01,Netherlands,NL,loonstijging + salarisstijging,25.96
2014-08-01,Netherlands,NL,loonstijging + salarisstijging,26.36
2014-09-01,Netherlands,NL,loonstijging + salarisstijging,26.48
2014-10-01,Netherlands,NL,loonstijging + salarisstijging,26
2014-11-01,Netherlands,NL,loonstijging + salarisstijging,25.25
2014-12-01,Netherlands,NL,loonstijging + salarisstijging,25.35
2015-01-01,Netherlands,NL,loonstijging + salarisstijging,26.29
2015-02-01,Netherlands,NL,loonstijging + salarisstijging,26.93
2015-03-01,Netherlands,NL,loonstijging + salarisstijging,27.28
2015-04-01,Netherlands,NL,loonstijging + salarisstijging,28.2
2015-05-01,Netherlands,NL,loonstijging + salarisstijging,29.47
2015-06-01,Netherlands,NL,loonstijging + salarisstijging,30.38
2015-07-01,Netherlands,NL,loonstijging + salarisstijging,31.08
2015-08-01,Netherlands,NL,loonstijging + salarisstijging,31.25
2015-09-01,Netherlands,NL,loonstijging + salarisstijging,30.98
2015-10-01,Netherlands,NL,loonstijging + salarisstijging,30.83
2015-11-01,Netherlands,NL,loonstijging + salarisstijging,30.83
2015-12-01,Netherlands,NL,loonstijging + salarisstijging,30.33
2016-01-01,Netherlands,NL,loonstijging + salarisstijging,29.23
2016-02-01,Netherlands,NL,loonstijging + salarisstijging,28.71
2016-03-01,Netherlands,NL,loonstijging + salarisstijging,28.89
2016-04-01,Netherlands,NL,loonstijging + salarisstijging,28.73
2016-05-01,Netherlands,NL,loonstijging + salarisstijging,28.53
2016-06-01,Netherlands,NL,loonstijging + salarisstijging,28.62
2016-07-01,Netherlands,NL,loonstijging + salarisstijging,28.15
2016-08-01,Netherlands,NL,loonstijging + salarisstijging,27.62
2016-09-01,Netherlands,NL,loonstijging + salarisstijging,27.88
2016-10-01,Netherlands,NL,loonstijging + salarisstijging,29.03
2016-11-01,Netherlands,NL,loonstijging + salarisstijging,30.26
2016-12-01,Netherlands,NL,loonstijging + salarisstijging,31.19
2017-01-01,Netherlands,NL,loonstijging + salarisstijging,32.67
2017-02-01,Netherlands,NL,loonstijging + salarisstijging,34.11
2017-03-01,Netherlands,NL,loonstijging + salarisstijging,34.6
2017-04-01,Netherlands,NL,loonstijging + salarisstijging,34.89
2017-05-01,Netherlands,NL,loonstijging + salarisstijging,34.77
2017-06-01,Netherlands,NL,loonstijging + salarisstijging,33.9
2017-07-01,Netherlands,NL,loonstijging + salarisstijging,33.59
2017-08-01,Netherlands,NL,loonstijging + salarisstijging,34.28
2017-09-01,Netherlands,NL,loonstijging + salarisstijging,35.17
2017-10-01,Netherlands,NL,loonstijging + salarisstijging,35.35
2017-11-01,Netherlands,NL,loonstijging + salarisstijging,34.94
2017-12-01,Netherlands,NL,loonstijging + salarisstijging,34.52
2018-01-01,Netherlands,NL,loonstijging + salarisstijging,33.75
2018-02-01,Netherlands,NL,loonstijging + salarisstijging,33.17
2018-03-01,Netherlands,NL,loonstijging + salarisstijging,33.76
2018-04-01,Netherlands,NL,loonstijging + salarisstijging,34.64
2018-05-01,Netherlands,NL,loonstijging + salarisstijging,35.57
2018-06-01,Netherlands,NL,loonstijging + salarisstijging,37.17
2018-07-01,Netherlands,NL,loonstijging + salarisstijging,38.78
2018-08-01,Netherlands,NL,loonstijging + salarisstijging,39.42
2018-09-01,Netherlands,NL,loonstijging + salarisstijging,39.39
2018-10-01,Netherlands,NL,loonstijging + salarisstijging,39.82
2018-11-01,Netherlands,NL,loonstijging + salarisstijging,41.11
2018-12-01,Netherlands,NL,loonstijging + salarisstijging,42.08
2019-01-01,Netherlands,NL,loonstijging + salarisstijging,42.64
2019-02-01,Netherlands,NL,loonstijging + salarisstijging,43.61
2019-03-01,Netherlands,NL,loonstijging + salarisstijging,44.28
2019-04-01,Netherlands,NL,loonstijging + salarisstijging,44.52
2019-05-01,Netherlands,NL,loonstijging + salarisstijging,45.19
2019-06-01,Netherlands,NL,loonstijging + salarisstijging,46.08
2019-07-01,Netherlands,NL,loonstijging + salarisstijging,46.41
2019-08-01,Netherlands,NL,loonstijging + salarisstijging,46.86
2019-09-01,Netherlands,NL,loonstijging + salarisstijging,48.38
2019-10-01,Netherlands,NL,loonstijging + salarisstijging,49.98
2019-11-01,Netherlands,NL,loonstijging + salarisstijging,51.56
2019-12-01,Netherlands,NL,loonstijging + salarisstijging,54.94
2020-01-01,Netherlands,NL,loonstijging + salarisstijging,58.79
2020-02-01,Netherlands,NL,loonstijging + salarisstijging,60.33
2020-03-01,Netherlands,NL,loonstijging + salarisstijging,60.45
2020-04-01,Netherlands,NL,loonstijging + salarisstijging,60.47
2020-05-01,Netherlands,NL,loonstijging + salarisstijging,59.92
2020-06-01,Netherlands,NL,loonstijging + salarisstijging,58.88
2020-07-01,Netherlands,NL,loonstijging + salarisstijging,58.39
2020-08-01,Netherlands,NL,loonstijging + salarisstijging,57.94
2020-09-01,Netherlands,NL,loonstijging + salarisstijging,56.02
2020-10-01,Netherlands,NL,loonstijging + salarisstijging,53.12
2020-11-01,Netherlands,NL,loonstijging + salarisstijging,49.64
2020-12-01,Netherlands,NL,loonstijging + salarisstijging,44.53
2021-01-01,Netherlands,NL,loonstijging + salarisstijging,39.45
2021-02-01,Netherlands,NL,loonstijging + salarisstijging,36.59
2021-03-01,Netherlands,NL,loonstijging + salarisstijging,35.31
2021-04-01,Netherlands,NL,loonstijging + salarisstijging,34.8
2021-05-01,Netherlands,NL,loonstijging + salarisstijging,34.81
2021-06-01,Netherlands,NL,loonstijging + salarisstijging,35.11
2021-07-01,Netherlands,NL,loonstijging + salarisstijging,35.51
2021-08-01,Netherlands,NL,loonstijging + salarisstijging,35.75
2021-09-01,Netherlands,NL,loonstijging + salarisstijging,36.33
2021-10-01,Netherlands,NL,loonstijging + salarisstijging,37.22
2021-11-01,Netherlands,NL,loonstijging + salarisstijging,37.22
2021-12-01,Netherlands,NL,loonstijging + salarisstijging,36.41
2022-01-01,Netherlands,NL,loonstijging + salarisstijging,36.38
2022-02-01,Netherlands,NL,loonstijging + salarisstijging,37.94
2022-03-01,Netherlands,NL,loonstijging + salarisstijging,40.16
2022-04-01,Netherlands,NL,loonstijging + salarisstijging,42.22
2022-05-01,Netherlands,NL,loonstijging + salarisstijging,44.41
2022-06-01,Netherlands,NL,loonstijging + salarisstijging,46.38
2022-07-01,Netherlands,NL,loonstijging + salarisstijging,47.9
2022-08-01,Netherlands,NL,loonstijging + salarisstijging,50.3
2022-09-01,Netherlands,NL,loonstijging + salarisstijging,53.87
2022-10-01,Netherlands,NL,loonstijging + salarisstijging,58.49
2022-11-01,Netherlands,NL,loonstijging + salarisstijging,65.59
2022-12-01,Netherlands,NL,loonstijging + salarisstijging,74.72
2023-01-01,Netherlands,NL,loonstijging + salarisstijging,82.22
2023-02-01,Netherlands,NL,loonstijging + salarisstijging,86.01
2023-03-01,Netherlands,NL,loonstijging + salarisstijging,88.09
2023-04-01,Netherlands,NL,loonstijging + salarisstijging,90.29
2023-05-01,Netherlands,NL,loonstijging + salarisstijging,92.21
2023-06-01,Netherlands,NL,loonstijging + salarisstijging,93.64
2023-07-01,Netherlands,NL,loonstijging + salarisstijging,95.04
2023-08-01,Netherlands,NL,loonstijging + salarisstijging,96
2023-09-01,Netherlands,NL,loonstijging + salarisstijging,96.14
2023-10-01,Netherlands,NL,loonstijging + salarisstijging,95.5
2023-11-01,Netherlands,NL,loonstijging + salarisstijging,94.28
2023-12-01,Netherlands,NL,loonstijging + salarisstijging,93.51
2024-01-01,Netherlands,NL,loonstijging + salarisstijging,93.37
2024-02-01,Netherlands,NL,loonstijging + salarisstijging,93.3
2024-03-01,Netherlands,NL,loonstijging + salarisstijging,93.13
2024-04-01,Netherlands,NL,loonstijging + salarisstijging,92.51
2024-05-01,Netherlands,NL,loonstijging + salarisstijging,91.53
2024-06-01,Netherlands,NL,loonstijging + salarisstijging,91.55
2024-07-01,Netherlands,NL,loonstijging + salarisstijging,92.54
2024-08-01,Netherlands,NL,loonstijging + salarisstijging,93.26
2024-09-01,Netherlands,NL,loonstijging + salarisstijging,94.34
2024-10-01,Netherlands,NL,loonstijging + salarisstijging,96.3
2024-11-01,Netherlands,NL,loonstijging + salarisstijging,97.25
2024-12-01,Netherlands,NL,loonstijging + salarisstijging,96.71
2025-01-01,Netherlands,NL,loonstijging + salarisstijging,96.22
2025-02-01,Netherlands,NL,loonstijging + salarisstijging,97.21
2025-03-01,Netherlands,NL,loonstijging + salarisstijging,98.62
2025-04-01,Netherlands,NL,loonstijging + salarisstijging,99.04
2025-05-01,Netherlands,NL,loonstijging + salarisstijging,99.5
2025-06-01,Netherlands,NL,loonstijging + salarisstijging,100
2025-07-01,Netherlands,NL,loonstijging + salarisstijging,99.52
2025-08-01,Netherlands,NL,loonstijging + salarisstijging,98.64
2025-09-01,Netherlands,NL,loonstijging + salarisstijging,96.74
2025-10-01,Netherlands,NL,loonstijging + salarisstijging,93.83
2025-11-01,Netherlands,NL,loonstijging + salarisstijging,90.89
2025-12-01,Netherlands,NL,loonstijging + salarisstijging,87.44
2026-01-01,Netherlands,NL,loonstijging + salarisstijging,84.03
2026-02-01,Netherlands,NL,loonstijging + salarisstijging,81.59
2026-03-01,Netherlands,NL,loonstijging + salarisstijging,80.6
2026-04-01,Netherlands,NL,loonstijging + salarisstijging,81.56
2026-05-01,Netherlands,NL,loonstijging + salarisstijging,82.53
2026-06-01,Netherlands,NL,loonstijging + salarisstijging,82.05
2026-07-01,Netherlands,NL,loonstijging + salarisstijging,81.56
2026-08-01,Netherlands,NL,loonstijging + salarisstijging,81.12
2004-01-01,Netherlands,NL,loonsverhoging + salarisverhoging,3.83
2004-02-01,Netherlands,NL,loonsverhoging + salarisverhoging,1.26
2004-03-01,Netherlands,NL,loonsverhoging + salarisverhoging,1.17
2004-04-01,Netherlands,NL,loonsverhoging + salarisverhoging,1.36
2004-05-01,Netherlands,NL,loonsverhoging + salarisverhoging,0.95
2004-06-01,Netherlands,NL,loonsverhoging + salarisverhoging,0.52
2004-07-01,Netherlands,NL,loonsverhoging + salarisverhoging,0.44
2004-08-01,Netherlands,NL,loonsverhoging + salarisverhoging,0.47
2004-09-01,Netherlands,NL,loonsverhoging + salarisverhoging,0.34
2004-10-01,Netherlands,NL,loonsverhoging + salarisverhoging,0.08
2004-11-01,Netherlands,NL,loonsverhoging + salarisverhoging,0
2004-12-01,Netherlands,NL,loonsverhoging + salarisverhoging,0.14
2005-01-01,Netherlands,NL,loonsverhoging + salarisverhoging,0.06
2005-02-01,Netherlands,NL,loonsverhoging + salarisverhoging,0.74
2005-03-01,Netherlands,NL,loonsverhoging + salarisverhoging,1.09
2005-04-01,Netherlands,NL,loonsverhoging + salarisverhoging,1.29
2005-05-01,Netherlands,NL,loonsverhoging + salarisverhoging,1.95
2005-06-01,Netherlands,NL,loonsverhoging + salarisverhoging,2.65
2005-07-01,Netherlands,NL,loonsverhoging + salarisverhoging,3.14
2005-08-01,Netherlands,NL,loonsverhoging + salarisverhoging,3.82
2005-09-01,Netherlands,NL,loonsverhoging + salarisverhoging,4.7
2005-10-01,Netherlands,NL,loonsverhoging + salarisverhoging,5.65
2005-11-01,Netherlands,NL,loonsverhoging + salarisverhoging,6.45
2005-12-01,Netherlands,NL,loonsverhoging + salarisverhoging,7.13
2006-01-01,Netherlands,NL,loonsverhoging + salarisverhoging,7.7
2006-02-01,Netherlands,NL,loonsverhoging + salarisverhoging,7.82
2006-03-01,Netherlands,NL,loonsverhoging + salarisverhoging,7.74
2006-04-01,Netherlands,NL,loonsverhoging + salarisverhoging,7.69
2006-05-01,Netherlands,NL,loonsverhoging + salarisverhoging,7.64
2006-06-01,Netherlands,NL,loonsverhoging + salarisverhoging,7.91
2006-07-01,Netherlands,NL,loonsverhoging + salarisverhoging,8.32
2006-08-01,Netherlands,NL,loonsverhoging + salarisverhoging,8.47
2006-09-01,Netherlands,NL,loonsverhoging + salarisverhoging,8.57
2006-10-01,Netherlands,NL,loonsverhoging + salarisverhoging,8.69
2006-11-01,Netherlands,NL,loonsverhoging + salarisverhoging,8.77
2006-12-01,Netherlands,NL,loonsverhoging + salarisverhoging,8.78
2007-01-01,Netherlands,NL,loonsverhoging + salarisverhoging,8.79
2007-02-01,Netherlands,NL,loonsverhoging + salarisverhoging,9.11
2007-03-01,Netherlands,NL,loonsverhoging + salarisverhoging,9.91
2007-04-01,Netherlands,NL,loonsverhoging + salarisverhoging,10.75
2007-05-01,Netherlands,NL,loonsverhoging + salarisverhoging,11.37
2007-06-01,Netherlands,NL,loonsverhoging + salarisverhoging,11.76
2007-07-01,Netherlands,NL,loonsverhoging + salarisverhoging,12.05
2007-08-01,Netherlands,NL,loonsverhoging + salarisverhoging,12.24
2007-09-01,Netherlands,NL,loonsverhoging + salarisverhoging,12.54
2007-10-01,Netherlands,NL,loonsverhoging + salarisverhoging,13.24
2007-11-01,Netherlands,NL,loonsverhoging + salarisverhoging,14.12
2007-12-01,Netherlands,NL,loonsverhoging + salarisverhoging,14.93
2008-01-01,Netherlands,NL,loonsverhoging + salarisverhoging,15.61
2008-02-01,Netherlands,NL,loonsverhoging + salarisverhoging,15.99
2008-03-01,Netherlands,NL,loonsverhoging + salarisverhoging,16.41
2008-04-01,Netherlands,NL,loonsverhoging + salarisverhoging,17.08
2008-05-01,Netherlands,NL,loonsverhoging + salarisverhoging,17.6
2008-06-01,Netherlands,NL,loonsverhoging + salarisverhoging,17.85
2008-07-01,Netherlands,NL,loonsverhoging + salarisverhoging,18.13
2008-08-01,Netherlands,NL,loonsverhoging + salarisverhoging,18.47
2008-09-01,Netherlands,NL,loonsverhoging + salarisverhoging,18.52
2008-10-01,Netherlands,NL,loonsverhoging + salarisverhoging,18.08
2008-11-01,Netherlands,NL,loonsverhoging + salarisverhoging,17.46
2008-12-01,Netherlands,NL,loonsverhoging + salarisverhoging,16.97
2009-01-01,Netherlands,NL,loonsverhoging + salarisverhoging,16.69
2009-02-01,Netherlands,NL,loonsverhoging + salarisverhoging,16.45
2009-03-01,Netherlands,NL,loonsverhoging + salarisverhoging,15.89
2009-04-01,Netherlands,NL,loonsverhoging + salarisverhoging,14.95
2009-05-01,Netherlands,NL,loonsverhoging + salarisverhoging,14.08
2009-06-01,Netherlands,NL,loonsverhoging + salarisverhoging,13.48
2009-07-01,Netherlands,NL,loonsverhoging + salarisverhoging,12.94
2009-08-01,Netherlands,NL,loonsverhoging + salarisverhoging,12.49
2009-09-01,Netherlands,NL,loonsverhoging + salarisverhoging,12.19
2009-10-01,Netherlands,NL,loonsverhoging + salarisverhoging,11.98
2009-11-01,Netherlands,NL,loonsverhoging + salarisverhoging,11.82
2009-12-01,Netherlands,NL,loonsverhoging + salarisverhoging,11.47
2010-01-01,Netherlands,NL,loonsverhoging + salarisverhoging,10.92
2010-02-01,Netherlands,NL,loonsverhoging + salarisverhoging,10.62
2010-03-01,Netherlands,NL,loonsverhoging + salarisverhoging,10.54
2010-04-01,Netherlands,NL,loonsverhoging + salarisverhoging,10.47
2010-05-01,Netherlands,NL,loonsverhoging + salarisverhoging,10.51
2010-06-01,Netherlands,NL,loonsverhoging + salarisverhoging,10.57
2010-07-01,Netherlands,NL,loonsverhoging + salarisverhoging,10.59
2010-08-01,Netherlands,NL,loonsverhoging + salarisverhoging,10.6
2010-09-01,Netherlands,NL,loonsverhoging + salarisverhoging,10.63
2010-10-01,Netherlands,NL,loonsverhoging + salarisverhoging,10.72
2010-11-01,Netherlands,NL,loonsverhoging + salarisverhoging,10.79
2010-12-01,Netherlands,NL,loonsverhoging + salarisverhoging,11.02
2011-01-01,Netherlands,NL,loonsverhoging + salarisverhoging,11.51
2011-02-01,Netherlands,NL,loonsverhoging + salarisverhoging,11.85
2011-03-01,Netherlands,NL,loonsverhoging + salarisverhoging,12
2011-04-01,Netherlands,NL,loonsverhoging + salarisverhoging,12.31
2011-05-01,Netherlands,NL,loonsverhoging + salarisverhoging,12.6
2011-06-01,Netherlands,NL,loonsverhoging + salarisverhoging,12.75
2011-07-01,Netherlands,NL,loonsverhoging + salarisverhoging,12.88
2011-08-01,Netherlands,NL,loonsverhoging + salarisverhoging,12.91
2011-09-01,Netherlands,NL,loonsverhoging + salarisverhoging,12.88
2011-10-01,Netherlands,NL,loonsverhoging + salarisverhoging,12.92
2011-11-01,Netherlands,NL,loonsverhoging + salarisverhoging,13.06
2011-12-01,Netherlands,NL,loonsverhoging + salarisverhoging,13.15
2012-01-01,Netherlands,NL,loonsverhoging + salarisverhoging,13.03
2012-02-01,Netherlands,NL,loonsverhoging + salarisverhoging,12.89
2012-03-01,Netherlands,NL,loonsverhoging + salarisverhoging,12.9
2012-04-01,Netherlands,NL,loonsverhoging + salarisverhoging,12.9
2012-05-01,Netherlands,NL,loonsverhoging + salarisverhoging,12.83
2012-06-01,Netherlands,NL,loonsverhoging + salarisverhoging,12.78
2012-07-01,Netherlands,NL,loonsverhoging + salarisverhoging,12.78
2012-08-01,Netherlands,NL,loonsverhoging + salarisverhoging,12.88
2012-09-01,Netherlands,NL,loonsverhoging + salarisverhoging,12.96
2012-10-01,Netherlands,NL,loonsverhoging + salarisverhoging,12.9
2012-11-01,Netherlands,NL,loonsverhoging + salarisverhoging,12.76
2012-12-01,Netherlands,NL,loonsverhoging + salarisverhoging,12.6
2013-01-01,Netherlands,NL,loonsverhoging + salarisverhoging,12.45
2013-02-01,Netherlands,NL,loonsverhoging + salarisverhoging,12.36
2013-03-01,Netherlands,NL,loonsverhoging + salarisverhoging,12.3
2013-04-01,Netherlands,NL,loonsverhoging + salarisverhoging,12.22
2013-05-01,Netherlands,NL,loonsverhoging + salarisverhoging,12.2
2013-06-01,Netherlands,NL,loonsverhoging + salarisverhoging,12.2
2013-07-01,Netherlands,NL,loonsverhoging + salarisverhoging,12.11
2013-08-01,Netherlands,NL,loonsverhoging + salarisverhoging,11.99
2013-09-01,Netherlands,NL,loonsverhoging + salarisverhoging,11.95
2013-10-01,Netherlands,NL,loonsverhoging + salarisverhoging,11.94
2013-11-01,Netherlands,NL,loonsverhoging + salarisverhoging,11.98
2013-12-01,Netherlands,NL,loonsverhoging + salarisverhoging,12.22
2014-01-01,Netherlands,NL,loonsverhoging + salarisverhoging,12.61
2014-02-01,Netherlands,NL,loonsverhoging + salarisverhoging,12.89
2014-03-01,Netherlands,NL,loonsverhoging + salarisverhoging,12.95
2014-04-01,Netherlands,NL,loonsverhoging + salarisverhoging,12.99
2014-05-01,Netherlands,NL,loonsverhoging + salarisverhoging,13.12
2014-06-01,Netherlands,NL,loonsverhoging + salarisverhoging,13.21
2014-07-01,Netherlands,NL,loonsverhoging + salarisverhoging,13.23
2014-08-01,Netherlands,NL,loonsverhoging + salarisverhoging,13.4
2014-09-01,Netherlands,NL,loonsverhoging + salarisverhoging,13.76
2014-10-01,Netherlands,NL,loonsverhoging + salarisverhoging,14.17
2014-11-01,Netherlands,NL,loonsverhoging + salarisverhoging,14.41
2014-12-01,Netherlands,NL,loonsverhoging + salarisverhoging,14.38
2015-01-01,Netherlands,NL,loonsverhoging + salarisverhoging,14.29
2015-02-01,Netherlands,NL,loonsverhoging + salarisverhoging,14.47
2015-03-01,Netherlands,NL,loonsverhoging + salarisverhoging,14.98
2015-04-01,Netherlands,NL,loonsverhoging + salarisverhoging,15.48
2015-05-01,Netherlands,NL,loonsverhoging + salarisverhoging,15.77
2015-06-01,Netherlands,NL,loonsverhoging + salarisverhoging,16.44
2015-07-01,Netherlands,NL,loonsverhoging + salarisverhoging,17.77
2015-08-01,Netherlands,NL,loonsverhoging + salarisverhoging,19.04
2015-09-01,Netherlands,NL,loonsverhoging + salarisverhoging,19.99
2015-10-01,Netherlands,NL,loonsverhoging + salarisverhoging,20.89
2015-11-01,Netherlands,NL,loonsverhoging + salarisverhoging,21.84
2015-12-01,Netherlands,NL,loonsverhoging + salarisverhoging,22.9
2016-01-01,Netherlands,NL,loonsverhoging + salarisverhoging,23.99
2016-02-01,Netherlands,NL,loonsverhoging + salarisverhoging,24.72
2016-03-01,Netherlands,NL,loonsverhoging + salarisverhoging,25.04
2016-04-01,Netherlands,NL,loonsverhoging + salarisverhoging,25.4
2016-05-01,Netherlands,NL,loonsverhoging + salarisverhoging,25.84
2016-06-01,Netherlands,NL,loonsverhoging + salarisverhoging,25.69
2016-07-01,Netherlands,NL,loonsverhoging + salarisverhoging,24.69
2016-08-01,Netherlands,NL,loonsverhoging + salarisverhoging,23.47
2016-09-01,Netherlands,NL,loonsverhoging + salarisverhoging,22.35
2016-10-01,Netherlands,NL,loonsverhoging + salarisverhoging,21.39
2016-11-01,Netherlands,NL,loonsverhoging + salarisverhoging,20.8
2016-12-01,Netherlands,NL,loonsverhoging + salarisverhoging,20.31
2017-01-01,Netherlands,NL,loonsverhoging + salarisverhoging,19.69
2017-02-01,Netherlands,NL,loonsverhoging + salarisverhoging,19.25
2017-03-01,Netherlands,NL,loonsverhoging + salarisverhoging,19.16
2017-04-01,Netherlands,NL,loonsverhoging + salarisverhoging,19.08
2017-05-01,Netherlands,NL,loonsverhoging + salarisverhoging,18.97
2017-06-01,Netherlands,NL,loonsverhoging + salarisverhoging,19.1
2017-07-01,Netherlands,NL,loonsverhoging + salarisverhoging,19.67
2017-08-01,Netherlands,NL,loonsverhoging + salarisverhoging,20.51
2017-09-01,Netherlands,NL,loonsverhoging + salarisverhoging,21.4
2017-10-01,Netherlands,NL,loonsverhoging + salarisverhoging,22.28
2017-11-01,Netherlands,NL,loonsverhoging + salarisverhoging,22.84
2017-12-01,Netherlands,NL,loonsverhoging + salarisverhoging,23.05
2018-01-01,Netherlands,NL,loonsverhoging + salarisverhoging,23.32
2018-02-01,Netherlands,NL,loonsverhoging + salarisverhoging,23.95
2018-03-01,Netherlands,NL,loonsverhoging + salarisverhoging,24.87
2018-04-01,Netherlands,NL,loonsverhoging + salarisverhoging,25.91
2018-05-01,Netherlands,NL,loonsverhoging + salarisverhoging,27.26
2018-06-01,Netherlands,NL,loonsverhoging + salarisverhoging,28.95
2018-07-01,Netherlands,NL,loonsverhoging + salarisverhoging,30.41
2018-08-01,Netherlands,NL,loonsverhoging + salarisverhoging,31.69
2018-09-01,Netherlands,NL,loonsverhoging + salarisverhoging,32.93
2018-10-01,Netherlands,NL,loonsverhoging + salarisverhoging,33.77
2018-11-01,Netherlands,NL,loonsverhoging + salarisverhoging,34.34
2018-12-01,Netherlands,NL,loonsverhoging + salarisverhoging,35.12
2019-01-01,Netherlands,NL,loonsverhoging + salarisverhoging,36.15
2019-02-01,Netherlands,NL,loonsverhoging + salarisverhoging,36.85
2019-03-01,Netherlands,NL,loonsverhoging + salarisverhoging,36.85
2019-04-01,Netherlands,NL,loonsverhoging + salarisverhoging,36.51
2019-05-01,Netherlands,NL,loonsverhoging + salarisverhoging,35.78
2019-06-01,Netherlands,NL,loonsverhoging + salarisverhoging,34.75
2019-07-01,Netherlands,NL,loonsverhoging + salarisverhoging,34.13
2019-08-01,Netherlands,NL,loonsverhoging + salarisverhoging,33.69
2019-09-01,Netherlands,NL,loonsverhoging + salarisverhoging,33.21
2019-10-01,Netherlands,NL,loonsverhoging + salarisverhoging,33.03
2019-11-01,Netherlands,NL,loonsverhoging + salarisverhoging,33.65
2019-12-01,Netherlands,NL,loonsverhoging + salarisverhoging,35
2020-01-01,Netherlands,NL,loonsverhoging + salarisverhoging,35.87
2020-02-01,Netherlands,NL,loonsverhoging + salarisverhoging,35.95
2020-03-01,Netherlands,NL,loonsverhoging + salarisverhoging,36.04
2020-04-01,Netherlands,NL,loonsverhoging + salarisverhoging,36.49
2020-05-01,Netherlands,NL,loonsverhoging + salarisverhoging,37.42
2020-06-01,Netherlands,NL,loonsverhoging + salarisverhoging,38.45
2020-07-01,Netherlands,NL,loonsverhoging + salarisverhoging,38.92
2020-08-01,Netherlands,NL,loonsverhoging + salarisverhoging,38.88
2020-09-01,Netherlands,NL,loonsverhoging + salarisverhoging,38.56
2020-10-01,Netherlands,NL,loonsverhoging + salarisverhoging,38.13
2020-11-01,Netherlands,NL,loonsverhoging + salarisverhoging,37.05
2020-12-01,Netherlands,NL,loonsverhoging + salarisverhoging,34.93
2021-01-01,Netherlands,NL,loonsverhoging + salarisverhoging,33.35
2021-02-01,Netherlands,NL,loonsverhoging + salarisverhoging,33.15
2021-03-01,Netherlands,NL,loonsverhoging + salarisverhoging,33.28
2021-04-01,Netherlands,NL,loonsverhoging + salarisverhoging,32.91
2021-05-01,Netherlands,NL,loonsverhoging + salarisverhoging,32.04
2021-06-01,Netherlands,NL,loonsverhoging + salarisverhoging,31.28
2021-07-01,Netherlands,NL,loonsverhoging + salarisverhoging,31.37
2021-08-01,Netherlands,NL,loonsverhoging + salarisverhoging,32.15
2021-09-01,Netherlands,NL,loonsverhoging + salarisverhoging,33.39
2021-10-01,Netherlands,NL,loonsverhoging + salarisverhoging,34.99
2021-11-01,Netherlands,NL,loonsverhoging + salarisverhoging,36.55
2021-12-01,Netherlands,NL,loonsverhoging + salarisverhoging,37.79
2022-01-01,Netherlands,NL,loonsverhoging + salarisverhoging,38.69
2022-02-01,Netherlands,NL,loonsverhoging + salarisverhoging,39.95
2022-03-01,Netherlands,NL,loonsverhoging + salarisverhoging,42.52
2022-04-01,Netherlands,NL,loonsverhoging + salarisverhoging,46.4
2022-05-01,Netherlands,NL,loonsverhoging + salarisverhoging,50.62
2022-06-01,Netherlands,NL,loonsverhoging + salarisverhoging,54.21
2022-07-01,Netherlands,NL,loonsverhoging + salarisverhoging,56.97
2022-08-01,Netherlands,NL,loonsverhoging + salarisverhoging,59.77
2022-09-01,Netherlands,NL,loonsverhoging + salarisverhoging,62.86
2022-10-01,Netherlands,NL,loonsverhoging + salarisverhoging,65.95
2022-11-01,Netherlands,NL,loonsverhoging + salarisverhoging,70.17
2022-12-01,Netherlands,NL,loonsverhoging + salarisverhoging,76.42
2023-01-01,Netherlands,NL,loonsverhoging + salarisverhoging,83.16
2023-02-01,Netherlands,NL,loonsverhoging + salarisverhoging,88.03
2023-03-01,Netherlands,NL,loonsverhoging + salarisverhoging,90.37
2023-04-01,Netherlands,NL,loonsverhoging + salarisverhoging,91.21
2023-05-01,Netherlands,NL,loonsverhoging + salarisverhoging,92.24
2023-06-01,Netherlands,NL,loonsverhoging + salarisverhoging,94.11
2023-07-01,Netherlands,NL,loonsverhoging + salarisverhoging,95.81
2023-08-01,Netherlands,NL,loonsverhoging + salarisverhoging,97.17
2023-09-01,Netherlands,NL,loonsverhoging + salarisverhoging,98.82
2023-10-01,Netherlands,NL,loonsverhoging + salarisverhoging,100
2023-11-01,Netherlands,NL,loonsverhoging + salarisverhoging,99.95
2023-12-01,Netherlands,NL,loonsverhoging + salarisverhoging,98.74
2024-01-01,Netherlands,NL,loonsverhoging + salarisverhoging,96.66
2024-02-01,Netherlands,NL,loonsverhoging + salarisverhoging,94.52
2024-03-01,Netherlands,NL,loonsverhoging + salarisverhoging,93.18
2024-04-01,Netherlands,NL,loonsverhoging + salarisverhoging,92.36
2024-05-01,Netherlands,NL,loonsverhoging + salarisverhoging,90.92
2024-06-01,Netherlands,NL,loonsverhoging + salarisverhoging,89.03
2024-07-01,Netherlands,NL,loonsverhoging + salarisverhoging,87.91
2024-08-01,Netherlands,NL,loonsverhoging + salarisverhoging,86.9
2024-09-01,Netherlands,NL,loonsverhoging + salarisverhoging,84.85
2024-10-01,Netherlands,NL,loonsverhoging + salarisverhoging,83
2024-11-01,Netherlands,NL,loonsverhoging + salarisverhoging,80.95
2024-12-01,Netherlands,NL,loonsverhoging + salarisverhoging,78.2
2025-01-01,Netherlands,NL,loonsverhoging + salarisverhoging,75.92
2025-02-01,Netherlands,NL,loonsverhoging + salarisverhoging,75.03
2025-03-01,Netherlands,NL,loonsverhoging + salarisverhoging,74.97
2025-04-01,Netherlands,NL,loonsverhoging + salarisverhoging,74.7
2025-05-01,Netherlands,NL,loonsverhoging + salarisverhoging,74.23
2025-06-01,Netherlands,NL,loonsverhoging + salarisverhoging,73.94
2025-07-01,Netherlands,NL,loonsverhoging + salarisverhoging,73.51
2025-08-01,Netherlands,NL,loonsverhoging + salarisverhoging,72.42
2025-09-01,Netherlands,NL,loonsverhoging + salarisverhoging,70.5
2025-10-01,Netherlands,NL,loonsverhoging + salarisverhoging,68.81
2025-11-01,Netherlands,NL,loonsverhoging + salarisverhoging,68.12
2025-12-01,Netherlands,NL,loonsverhoging + salarisverhoging,67.28
2026-01-01,Netherlands,NL,loonsverhoging + salarisverhoging,66.04
2026-02-01,Netherlands,NL,loonsverhoging + salarisverhoging,64.75
2026-03-01,Netherlands,NL,loonsverhoging + salarisverhoging,63.09
2026-04-01,Netherlands,NL,loonsverhoging + salarisverhoging,61.64
2026-05-01,Netherlands,NL,loonsverhoging + salarisverhoging,60.63
2026-06-01,Netherlands,NL,loonsverhoging + salarisverhoging,59.32
2026-07-01,Netherlands,NL,loonsverhoging + salarisverhoging,57.85
2026-08-01,Netherlands,NL,loonsverhoging + salarisverhoging,56.33
2004-01-01,Netherlands,NL,minimumloon stijging + minimumloon verhoging,0
2004-02-01,Netherlands,NL,minimumloon stijging + minimumloon verhoging,0
2004-03-01,Netherlands,NL,minimumloon stijging + minimumloon verhoging,0
2004-04-01,Netherlands,NL,minimumloon stijging + minimumloon verhoging,0
2004-05-01,Netherlands,NL,minimumloon stijging + minimumloon verhoging,0
2004-06-01,Netherlands,NL,minimumloon stijging + minimumloon verhoging,0
2004-07-01,Netherlands,NL,minimumloon stijging + minimumloon verhoging,0
2004-08-01,Netherlands,NL,minimumloon stijging + minimumloon verhoging,0
2004-09-01,Netherlands,NL,minimumloon stijging + minimumloon verhoging,0
2004-10-01,Netherlands,NL,minimumloon stijging + minimumloon verhoging,0
2004-11-01,Netherlands,NL,minimumloon stijging + minimumloon verhoging,0
2004-12-01,Netherlands,NL,minimumloon stijging + minimumloon verhoging,0
2005-01-01,Netherlands,NL,minimumloon stijging + minimumloon verhoging,0
2005-02-01,Netherlands,NL,minimumloon stijging + minimumloon verhoging,0
2005-03-01,Netherlands,NL,minimumloon stijging + minimumloon verhoging,0
2005-04-01,Netherlands,NL,minimumloon stijging + minimumloon verhoging,0
2005-05-01,Netherlands,NL,minimumloon stijging + minimumloon verhoging,0
2005-06-01,Netherlands,NL,minimumloon stijging + minimumloon verhoging,0
2005-07-01,Netherlands,NL,minimumloon stijging + minimumloon verhoging,0
2005-08-01,Netherlands,NL,minimumloon stijging + minimumloon verhoging,0
2005-09-01,Netherlands,NL,minimumloon stijging + minimumloon verhoging,0
2005-10-01,Netherlands,NL,minimumloon stijging + minimumloon verhoging,0
2005-11-01,Netherlands,NL,minimumloon stijging + minimumloon verhoging,0
2005-12-01,Netherlands,NL,minimumloon stijging + minimumloon verhoging,0
2006-01-01,Netherlands,NL,minimumloon stijging + minimumloon verhoging,0
2006-02-01,Netherlands,NL,minimumloon stijging + minimumloon verhoging,0
2006-03-01,Netherlands,NL,minimumloon stijging + minimumloon verhoging,0
2006-04-01,Netherlands,NL,minimumloon stijging + minimumloon verhoging,0
2006-05-01,Netherlands,NL,minimumloon stijging + minimumloon verhoging,0
2006-06-01,Netherlands,NL,minimumloon stijging + minimumloon verhoging,0
2006-07-01,Netherlands,NL,minimumloon stijging + minimumloon verhoging,0
2006-08-01,Netherlands,NL,minimumloon stijging + minimumloon verhoging,0
2006-09-01,Netherlands,NL,minimumloon stijging + minimumloon verhoging,0
2006-10-01,Netherlands,NL,minimumloon stijging + minimumloon verhoging,0
2006-11-01,Netherlands,NL,minimumloon stijging + minimumloon verhoging,0
2006-12-01,Netherlands,NL,minimumloon stijging + minimumloon verhoging,0
2007-01-01,Netherlands,NL,minimumloon stijging + minimumloon verhoging,0
2007-02-01,Netherlands,NL,minimumloon stijging + minimumloon verhoging,0
2007-03-01,Netherlands,NL,minimumloon stijging + minimumloon verhoging,0
2007-04-01,Netherlands,NL,minimumloon stijging + minimumloon verhoging,0
2007-05-01,Netherlands,NL,minimumloon stijging + minimumloon verhoging,0
2007-06-01,Netherlands,NL,minimumloon stijging + minimumloon verhoging,0
2007-07-01,Netherlands,NL,minimumloon stijging + minimumloon verhoging,0
2007-08-01,Netherlands,NL,minimumloon stijging + minimumloon verhoging,0
2007-09-01,Netherlands,NL,minimumloon stijging + minimumloon verhoging,0
2007-10-01,Netherlands,NL,minimumloon stijging + minimumloon verhoging,0
2007-11-01,Netherlands,NL,minimumloon stijging + minimumloon verhoging,0
2007-12-01,Netherlands,NL,minimumloon stijging + minimumloon verhoging,0
2008-01-01,Netherlands,NL,minimumloon stijging + minimumloon verhoging,0
2008-02-01,Netherlands,NL,minimumloon stijging + minimumloon verhoging,0
2008-03-01,Netherlands,NL,minimumloon stijging + minimumloon verhoging,0
2008-04-01,Netherlands,NL,minimumloon stijging + minimumloon verhoging,0
2008-05-01,Netherlands,NL,minimumloon stijging + minimumloon verhoging,0
2008-06-01,Netherlands,NL,minimumloon stijging + minimumloon verhoging,0
2008-07-01,Netherlands,NL,minimumloon stijging + minimumloon verhoging,0
2008-08-01,Netherlands,NL,minimumloon stijging + minimumloon verhoging,0
2008-09-01,Netherlands,NL,minimumloon stijging + minimumloon verhoging,0
2008-10-01,Netherlands,NL,minimumloon stijging + minimumloon verhoging,0
2008-11-01,Netherlands,NL,minimumloon stijging + minimumloon verhoging,0
2008-12-01,Netherlands,NL,minimumloon stijging + minimumloon verhoging,0
2009-01-01,Netherlands,NL,minimumloon stijging + minimumloon verhoging,0
2009-02-01,Netherlands,NL,minimumloon stijging + minimumloon verhoging,0
2009-03-01,Netherlands,NL,minimumloon stijging + minimumloon verhoging,0
2009-04-01,Netherlands,NL,minimumloon stijging + minimumloon verhoging,0
2009-05-01,Netherlands,NL,minimumloon stijging + minimumloon verhoging,0
2009-06-01,Netherlands,NL,minimumloon stijging + minimumloon verhoging,0
2009-07-01,Netherlands,NL,minimumloon stijging + minimumloon verhoging,0
2009-08-01,Netherlands,NL,minimumloon stijging + minimumloon verhoging,0
2009-09-01,Netherlands,NL,minimumloon stijging + minimumloon verhoging,0.01
2009-10-01,Netherlands,NL,minimumloon stijging + minimumloon verhoging,0.01
2009-11-01,Netherlands,NL,minimumloon stijging + minimumloon verhoging,0.02
2009-12-01,Netherlands,NL,minimumloon stijging + minimumloon verhoging,0.03
2010-01-01,Netherlands,NL,minimumloon stijging + minimumloon verhoging,0.05
2010-02-01,Netherlands,NL,minimumloon stijging + minimumloon verhoging,0.06
2010-03-01,Netherlands,NL,minimumloon stijging + minimumloon verhoging,0.08
2010-04-01,Netherlands,NL,minimumloon stijging + minimumloon verhoging,0.11
2010-05-01,Netherlands,NL,minimumloon stijging + minimumloon verhoging,0.11
2010-06-01,Netherlands,NL,minimumloon stijging + minimumloon verhoging,0.11
2010-07-01,Netherlands,NL,minimumloon stijging + minimumloon verhoging,0.11
2010-08-01,Netherlands,NL,minimumloon stijging + minimumloon verhoging,0.11
2010-09-01,Netherlands,NL,minimumloon stijging + minimumloon verhoging,0.14
2010-10-01,Netherlands,NL,minimumloon stijging + minimumloon verhoging,0.18
2010-11-01,Netherlands,NL,minimumloon stijging + minimumloon verhoging,0.21
2010-12-01,Netherlands,NL,minimumloon stijging + minimumloon verhoging,0.26
2011-01-01,Netherlands,NL,minimumloon stijging + minimumloon verhoging,0.3
2011-02-01,Netherlands,NL,minimumloon stijging + minimumloon verhoging,0.35
2011-03-01,Netherlands,NL,minimumloon stijging + minimumloon verhoging,0.39
2011-04-01,Netherlands,NL,minimumloon stijging + minimumloon verhoging,0.44
2011-05-01,Netherlands,NL,minimumloon stijging + minimumloon verhoging,0.44
2011-06-01,Netherlands,NL,minimumloon stijging + minimumloon verhoging,0.44
2011-07-01,Netherlands,NL,minimumloon stijging + minimumloon verhoging,0.44
2011-08-01,Netherlands,NL,minimumloon stijging + minimumloon verhoging,0.44
2011-09-01,Netherlands,NL,minimumloon stijging + minimumloon verhoging,0.49
2011-10-01,Netherlands,NL,minimumloon stijging + minimumloon verhoging,0.53
2011-11-01,Netherlands,NL,minimumloon stijging + minimumloon verhoging,0.57
2011-12-01,Netherlands,NL,minimumloon stijging + minimumloon verhoging,0.61
2012-01-01,Netherlands,NL,minimumloon stijging + minimumloon verhoging,0.65
2012-02-01,Netherlands,NL,minimumloon stijging + minimumloon verhoging,0.69
2012-03-01,Netherlands,NL,minimumloon stijging + minimumloon verhoging,0.73
2012-04-01,Netherlands,NL,minimumloon stijging + minimumloon verhoging,0.77
2012-05-01,Netherlands,NL,minimumloon stijging + minimumloon verhoging,1.16
2012-06-01,Netherlands,NL,minimumloon stijging + minimumloon verhoging,2.17
2012-07-01,Netherlands,NL,minimumloon stijging + minimumloon verhoging,3.23
2012-08-01,Netherlands,NL,minimumloon stijging + minimumloon verhoging,3.68
2012-09-01,Netherlands,NL,minimumloon stijging + minimumloon verhoging,3.69
2012-10-01,Netherlands,NL,minimumloon stijging + minimumloon verhoging,3.66
2012-11-01,Netherlands,NL,minimumloon stijging + minimumloon verhoging,3.63
2012-12-01,Netherlands,NL,minimumloon stijging + minimumloon verhoging,3.56
2013-01-01,Netherlands,NL,minimumloon stijging + minimumloon verhoging,3.5
2013-02-01,Netherlands,NL,minimumloon stijging + minimumloon verhoging,3.53
2013-03-01,Netherlands,NL,minimumloon stijging + minimumloon verhoging,3.62
2013-04-01,Netherlands,NL,minimumloon stijging + minimumloon verhoging,3.71
2013-05-01,Netherlands,NL,minimumloon stijging + minimumloon verhoging,3.32
2013-06-01,Netherlands,NL,minimumloon stijging + minimumloon verhoging,2.31
2013-07-01,Netherlands,NL,minimumloon stijging + minimumloon verhoging,1.26
2013-08-01,Netherlands,NL,minimumloon stijging + minimumloon verhoging,0.93
2013-09-01,Netherlands,NL,minimumloon stijging + minimumloon verhoging,0.93
2013-10-01,Netherlands,NL,minimumloon stijging + minimumloon verhoging,0.88
2013-11-01,Netherlands,NL,minimumloon stijging + minimumloon verhoging,0.82
2013-12-01,Netherlands,NL,minimumloon stijging + minimumloon verhoging,0.79
2014-01-01,Netherlands,NL,minimumloon stijging + minimumloon verhoging,0.76
2014-02-01,Netherlands,NL,minimumloon stijging + minimumloon verhoging,0.78
2014-03-01,Netherlands,NL,minimumloon stijging + minimumloon verhoging,0.86
2014-04-01,Netherlands,NL,minimumloon stijging + minimumloon verhoging,0.94
2014-05-01,Netherlands,NL,minimumloon stijging + minimumloon verhoging,1.52
2014-06-01,Netherlands,NL,minimumloon stijging + minimumloon verhoging,2.34
2014-07-01,Netherlands,NL,minimumloon stijging + minimumloon verhoging,2.85
2014-08-01,Netherlands,NL,minimumloon stijging + minimumloon verhoging,3
2014-09-01,Netherlands,NL,minimumloon stijging + minimumloon verhoging,3.46
2014-10-01,Netherlands,NL,minimumloon stijging + minimumloon verhoging,4.11
2014-11-01,Netherlands,NL,minimumloon stijging + minimumloon verhoging,4.6
2014-12-01,Netherlands,NL,minimumloon stijging + minimumloon verhoging,5.45
2015-01-01,Netherlands,NL,minimumloon stijging + minimumloon verhoging,6.49
2015-02-01,Netherlands,NL,minimumloon stijging + minimumloon verhoging,6.9
2015-03-01,Netherlands,NL,minimumloon stijging + minimumloon verhoging,6.96
2015-04-01,Netherlands,NL,minimumloon stijging + minimumloon verhoging,7.06
2015-05-01,Netherlands,NL,minimumloon stijging + minimumloon verhoging,6.72
2015-06-01,Netherlands,NL,minimumloon stijging + minimumloon verhoging,5.94
2015-07-01,Netherlands,NL,minimumloon stijging + minimumloon verhoging,5.6
2015-08-01,Netherlands,NL,minimumloon stijging + minimumloon verhoging,5.7
2015-09-01,Netherlands,NL,minimumloon stijging + minimumloon verhoging,5.81
2015-10-01,Netherlands,NL,minimumloon stijging + minimumloon verhoging,6.32
2015-11-01,Netherlands,NL,minimumloon stijging + minimumloon verhoging,7.16
2015-12-01,Netherlands,NL,minimumloon stijging + minimumloon verhoging,6.97
2016-01-01,Netherlands,NL,minimumloon stijging + minimumloon verhoging,5.93
2016-02-01,Netherlands,NL,minimumloon stijging + minimumloon verhoging,5.37
2016-03-01,Netherlands,NL,minimumloon stijging + minimumloon verhoging,5.42
2016-04-01,Netherlands,NL,minimumloon stijging + minimumloon verhoging,5.55
2016-05-01,Netherlands,NL,minimumloon stijging + minimumloon verhoging,5.63
2016-06-01,Netherlands,NL,minimumloon stijging + minimumloon verhoging,5.59
2016-07-01,Netherlands,NL,minimumloon stijging + minimumloon verhoging,5.42
2016-08-01,Netherlands,NL,minimumloon stijging + minimumloon verhoging,5.41
2016-09-01,Netherlands,NL,minimumloon stijging + minimumloon verhoging,5.09
2016-10-01,Netherlands,NL,minimumloon stijging + minimumloon verhoging,3.94
2016-11-01,Netherlands,NL,minimumloon stijging + minimumloon verhoging,2.62
2016-12-01,Netherlands,NL,minimumloon stijging + minimumloon verhoging,2.66
2017-01-01,Netherlands,NL,minimumloon stijging + minimumloon verhoging,3.95
2017-02-01,Netherlands,NL,minimumloon stijging + minimumloon verhoging,5.34
2017-03-01,Netherlands,NL,minimumloon stijging + minimumloon verhoging,5.92
2017-04-01,Netherlands,NL,minimumloon stijging + minimumloon verhoging,6.01
2017-05-01,Netherlands,NL,minimumloon stijging + minimumloon verhoging,6.39
2017-06-01,Netherlands,NL,minimumloon stijging + minimumloon verhoging,7.37
2017-07-01,Netherlands,NL,minimumloon stijging + minimumloon verhoging,8.36
2017-08-01,Netherlands,NL,minimumloon stijging + minimumloon verhoging,8.71
2017-09-01,Netherlands,NL,minimumloon stijging + minimumloon verhoging,8.83
2017-10-01,Netherlands,NL,minimumloon stijging + minimumloon verhoging,9.38
2017-11-01,Netherlands,NL,minimumloon stijging + minimumloon verhoging,10.05
2017-12-01,Netherlands,NL,minimumloon stijging + minimumloon verhoging,9.71
2018-01-01,Netherlands,NL,minimumloon stijging + minimumloon verhoging,8.8
2018-02-01,Netherlands,NL,minimumloon stijging + minimumloon verhoging,8.01
2018-03-01,Netherlands,NL,minimumloon stijging + minimumloon verhoging,7.76
2018-04-01,Netherlands,NL,minimumloon stijging + minimumloon verhoging,7.84
2018-05-01,Netherlands,NL,minimumloon stijging + minimumloon verhoging,7.73
2018-06-01,Netherlands,NL,minimumloon stijging + minimumloon verhoging,7.36
2018-07-01,Netherlands,NL,minimumloon stijging + minimumloon verhoging,7.02
2018-08-01,Netherlands,NL,minimumloon stijging + minimumloon verhoging,6.94
2018-09-01,Netherlands,NL,minimumloon stijging + minimumloon verhoging,7.48
2018-10-01,Netherlands,NL,minimumloon stijging + minimumloon verhoging,8.02
2018-11-01,Netherlands,NL,minimumloon stijging + minimumloon verhoging,8.14
2018-12-01,Netherlands,NL,minimumloon stijging + minimumloon verhoging,8.66
2019-01-01,Netherlands,NL,minimumloon stijging + minimumloon verhoging,9.11
2019-02-01,Netherlands,NL,minimumloon stijging + minimumloon verhoging,9.2
2019-03-01,Netherlands,NL,minimumloon stijging + minimumloon verhoging,9.17
2019-04-01,Netherlands,NL,minimumloon stijging + minimumloon verhoging,9.43
2019-05-01,Netherlands,NL,minimumloon stijging + minimumloon verhoging,10.76
2019-06-01,Netherlands,NL,minimumloon stijging + minimumloon verhoging,12.67
2019-07-01,Netherlands,NL,minimumloon stijging + minimumloon verhoging,14.64
2019-08-01,Netherlands,NL,minimumloon stijging + minimumloon verhoging,16.18
2019-09-01,Netherlands,NL,minimumloon stijging + minimumloon verhoging,16.71
2019-10-01,Netherlands,NL,minimumloon stijging + minimumloon verhoging,17.22
2019-11-01,Netherlands,NL,minimumloon stijging + minimumloon verhoging,18.17
2019-12-01,Netherlands,NL,minimumloon stijging + minimumloon verhoging,19.01
2020-01-01,Netherlands,NL,minimumloon stijging + minimumloon verhoging,19.86
2020-02-01,Netherlands,NL,minimumloon stijging + minimumloon verhoging,20.3
2020-03-01,Netherlands,NL,minimumloon stijging + minimumloon verhoging,20.55
2020-04-01,Netherlands,NL,minimumloon stijging + minimumloon verhoging,20.71
2020-05-01,Netherlands,NL,minimumloon stijging + minimumloon verhoging,19.76
2020-06-01,Netherlands,NL,minimumloon stijging + minimumloon verhoging,18.22
2020-07-01,Netherlands,NL,minimumloon stijging + minimumloon verhoging,16.85
2020-08-01,Netherlands,NL,minimumloon stijging + minimumloon verhoging,16.05
2020-09-01,Netherlands,NL,minimumloon stijging + minimumloon verhoging,16
2020-10-01,Netherlands,NL,minimumloon stijging + minimumloon verhoging,15.88
2020-11-01,Netherlands,NL,minimumloon stijging + minimumloon verhoging,15.6
2020-12-01,Netherlands,NL,minimumloon stijging + minimumloon verhoging,15.39
2021-01-01,Netherlands,NL,minimumloon stijging + minimumloon verhoging,15.71
2021-02-01,Netherlands,NL,minimumloon stijging + minimumloon verhoging,17.6
2021-03-01,Netherlands,NL,minimumloon stijging + minimumloon verhoging,20.43
2021-04-01,Netherlands,NL,minimumloon stijging + minimumloon verhoging,22.75
2021-05-01,Netherlands,NL,minimumloon stijging + minimumloon verhoging,24.36
2021-06-01,Netherlands,NL,minimumloon stijging + minimumloon verhoging,25.33
2021-07-01,Netherlands,NL,minimumloon stijging + minimumloon verhoging,25.99
2021-08-01,Netherlands,NL,minimumloon stijging + minimumloon verhoging,25.94
2021-09-01,Netherlands,NL,minimumloon stijging + minimumloon verhoging,25.31
2021-10-01,Netherlands,NL,minimumloon stijging + minimumloon verhoging,25.65
2021-11-01,Netherlands,NL,minimumloon stijging + minimumloon verhoging,27.43
2021-12-01,Netherlands,NL,minimumloon stijging + minimumloon verhoging,29.89
2022-01-01,Netherlands,NL,minimumloon stijging + minimumloon verhoging,32.21
2022-02-01,Netherlands,NL,minimumloon stijging + minimumloon verhoging,33.91
2022-03-01,Netherlands,NL,minimumloon stijging + minimumloon verhoging,34.97
2022-04-01,Netherlands,NL,minimumloon stijging + minimumloon verhoging,36.72
2022-05-01,Netherlands,NL,minimumloon stijging + minimumloon verhoging,40.54
2022-06-01,Netherlands,NL,minimumloon stijging + minimumloon verhoging,45.51
2022-07-01,Netherlands,NL,minimumloon stijging + minimumloon verhoging,50.65
2022-08-01,Netherlands,NL,minimumloon stijging + minimumloon verhoging,57.78
2022-09-01,Netherlands,NL,minimumloon stijging + minimumloon verhoging,66.54
2022-10-01,Netherlands,NL,minimumloon stijging + minimumloon verhoging,72.89
2022-11-01,Netherlands,NL,minimumloon stijging + minimumloon verhoging,76.11
2022-12-01,Netherlands,NL,minimumloon stijging + minimumloon verhoging,78.55
2023-01-01,Netherlands,NL,minimumloon stijging + minimumloon verhoging,81.03
2023-02-01,Netherlands,NL,minimumloon stijging + minimumloon verhoging,82.48
2023-03-01,Netherlands,NL,minimumloon stijging + minimumloon verhoging,82.6
2023-04-01,Netherlands,NL,minimumloon stijging + minimumloon verhoging,81.81
2023-05-01,Netherlands,NL,minimumloon stijging + minimumloon verhoging,80.18
2023-06-01,Netherlands,NL,minimumloon stijging + minimumloon verhoging,78.65
2023-07-01,Netherlands,NL,minimumloon stijging + minimumloon verhoging,77.77
2023-08-01,Netherlands,NL,minimumloon stijging + minimumloon verhoging,76.62
2023-09-01,Netherlands,NL,minimumloon stijging + minimumloon verhoging,75.48
2023-10-01,Netherlands,NL,minimumloon stijging + minimumloon verhoging,75.83
2023-11-01,Netherlands,NL,minimumloon stijging + minimumloon verhoging,78.56
2023-12-01,Netherlands,NL,minimumloon stijging + minimumloon verhoging,81.56
2024-01-01,Netherlands,NL,minimumloon stijging + minimumloon verhoging,82.75
2024-02-01,Netherlands,NL,minimumloon stijging + minimumloon verhoging,83.84
2024-03-01,Netherlands,NL,minimumloon stijging + minimumloon verhoging,87.98
2024-04-01,Netherlands,NL,minimumloon stijging + minimumloon verhoging,93.78
2024-05-01,Netherlands,NL,minimumloon stijging + minimumloon verhoging,97.62
2024-06-01,Netherlands,NL,minimumloon stijging + minimumloon verhoging,99.66
2024-07-01,Netherlands,NL,minimumloon stijging + minimumloon verhoging,100
2024-08-01,Netherlands,NL,minimumloon stijging + minimumloon verhoging,97.03
2024-09-01,Netherlands,NL,minimumloon stijging + minimumloon verhoging,92.01
2024-10-01,Netherlands,NL,minimumloon stijging + minimumloon verhoging,88.28
2024-11-01,Netherlands,NL,minimumloon stijging + minimumloon verhoging,84.15
2024-12-01,Netherlands,NL,minimumloon stijging + minimumloon verhoging,79.21
2025-01-01,Netherlands,NL,minimumloon stijging + minimumloon verhoging,75.66
2025-02-01,Netherlands,NL,minimumloon stijging + minimumloon verhoging,72.98
2025-03-01,Netherlands,NL,minimumloon stijging + minimumloon verhoging,68.39
2025-04-01,Netherlands,NL,minimumloon stijging + minimumloon verhoging,62.35
2025-05-01,Netherlands,NL,minimumloon stijging + minimumloon verhoging,58.11
2025-06-01,Netherlands,NL,minimumloon stijging + minimumloon verhoging,55.27
2025-07-01,Netherlands,NL,minimumloon stijging + minimumloon verhoging,53.41
2025-08-01,Netherlands,NL,minimumloon stijging + minimumloon verhoging,53.54
2025-09-01,Netherlands,NL,minimumloon stijging + minimumloon verhoging,54.05
2025-10-01,Netherlands,NL,minimumloon stijging + minimumloon verhoging,53.11
2025-11-01,Netherlands,NL,minimumloon stijging + minimumloon verhoging,51.26
2025-12-01,Netherlands,NL,minimumloon stijging + minimumloon verhoging,49.47
2026-01-01,Netherlands,NL,minimumloon stijging + minimumloon verhoging,48.16
2026-02-01,Netherlands,NL,minimumloon stijging + minimumloon verhoging,47.28
2026-03-01,Netherlands,NL,minimumloon stijging + minimumloon verhoging,46.34
2026-04-01,Netherlands,NL,minimumloon stijging + minimumloon verhoging,45.82
2026-05-01,Netherlands,NL,minimumloon stijging + minimumloon verhoging,45.74
2026-06-01,Netherlands,NL,minimumloon stijging + minimumloon verhoging,45.23
2026-07-01,Netherlands,NL,minimumloon stijging + minimumloon verhoging,44.29
2026-08-01,Netherlands,NL,minimumloon stijging + minimumloon verhoging,42.98
2004-01-01,Poland,PL,podwyżka pensji + podwyżka wynagrodzenia + podwyżka płacy,0
2004-02-01,Poland,PL,podwyżka pensji + podwyżka wynagrodzenia + podwyżka płacy,0
2004-03-01,Poland,PL,podwyżka pensji + podwyżka wynagrodzenia + podwyżka płacy,0
2004-04-01,Poland,PL,podwyżka pensji + podwyżka wynagrodzenia + podwyżka płacy,0.06
2004-05-01,Poland,PL,podwyżka pensji + podwyżka wynagrodzenia + podwyżka płacy,0.82
2004-06-01,Poland,PL,podwyżka pensji + podwyżka wynagrodzenia + podwyżka płacy,1.15
2004-07-01,Poland,PL,podwyżka pensji + podwyżka wynagrodzenia + podwyżka płacy,0.98
2004-08-01,Poland,PL,podwyżka pensji + podwyżka wynagrodzenia + podwyżka płacy,1.35
2004-09-01,Poland,PL,podwyżka pensji + podwyżka wynagrodzenia + podwyżka płacy,2.17
2004-10-01,Poland,PL,podwyżka pensji + podwyżka wynagrodzenia + podwyżka płacy,2.43
2004-11-01,Poland,PL,podwyżka pensji + podwyżka wynagrodzenia + podwyżka płacy,2.28
2004-12-01,Poland,PL,podwyżka pensji + podwyżka wynagrodzenia + podwyżka płacy,2.09
2005-01-01,Poland,PL,podwyżka pensji + podwyżka wynagrodzenia + podwyżka płacy,2.09
2005-02-01,Poland,PL,podwyżka pensji + podwyżka wynagrodzenia + podwyżka płacy,2.09
2005-03-01,Poland,PL,podwyżka pensji + podwyżka wynagrodzenia + podwyżka płacy,2.09
2005-04-01,Poland,PL,podwyżka pensji + podwyżka wynagrodzenia + podwyżka płacy,2.07
2005-05-01,Poland,PL,podwyżka pensji + podwyżka wynagrodzenia + podwyżka płacy,2.12
2005-06-01,Poland,PL,podwyżka pensji + podwyżka wynagrodzenia + podwyżka płacy,2.2
2005-07-01,Poland,PL,podwyżka pensji + podwyżka wynagrodzenia + podwyżka płacy,2.2
2005-08-01,Poland,PL,podwyżka pensji + podwyżka wynagrodzenia + podwyżka płacy,2.28
2005-09-01,Poland,PL,podwyżka pensji + podwyżka wynagrodzenia + podwyżka płacy,2.4
2005-10-01,Poland,PL,podwyżka pensji + podwyżka wynagrodzenia + podwyżka płacy,2.48
2005-11-01,Poland,PL,podwyżka pensji + podwyżka wynagrodzenia + podwyżka płacy,2.49
2005-12-01,Poland,PL,podwyżka pensji + podwyżka wynagrodzenia + podwyżka płacy,2.49
2006-01-01,Poland,PL,podwyżka pensji + podwyżka wynagrodzenia + podwyżka płacy,2.49
2006-02-01,Poland,PL,podwyżka pensji + podwyżka wynagrodzenia + podwyżka płacy,2.49
2006-03-01,Poland,PL,podwyżka pensji + podwyżka wynagrodzenia + podwyżka płacy,2.49
2006-04-01,Poland,PL,podwyżka pensji + podwyżka wynagrodzenia + podwyżka płacy,2.49
2006-05-01,Poland,PL,podwyżka pensji + podwyżka wynagrodzenia + podwyżka płacy,2.59
2006-06-01,Poland,PL,podwyżka pensji + podwyżka wynagrodzenia + podwyżka płacy,2.75
2006-07-01,Poland,PL,podwyżka pensji + podwyżka wynagrodzenia + podwyżka płacy,2.84
2006-08-01,Poland,PL,podwyżka pensji + podwyżka wynagrodzenia + podwyżka płacy,3.01
2006-09-01,Poland,PL,podwyżka pensji + podwyżka wynagrodzenia + podwyżka płacy,3.25
2006-10-01,Poland,PL,podwyżka pensji + podwyżka wynagrodzenia + podwyżka płacy,3.39
2006-11-01,Poland,PL,podwyżka pensji + podwyżka wynagrodzenia + podwyżka płacy,3.45
2006-12-01,Poland,PL,podwyżka pensji + podwyżka wynagrodzenia + podwyżka płacy,3.45
2007-01-01,Poland,PL,podwyżka pensji + podwyżka wynagrodzenia + podwyżka płacy,4.17
2007-02-01,Poland,PL,podwyżka pensji + podwyżka wynagrodzenia + podwyżka płacy,6.38
2007-03-01,Poland,PL,podwyżka pensji + podwyżka wynagrodzenia + podwyżka płacy,7.5
2007-04-01,Poland,PL,podwyżka pensji + podwyżka wynagrodzenia + podwyżka płacy,7.5
2007-05-01,Poland,PL,podwyżka pensji + podwyżka wynagrodzenia + podwyżka płacy,7.72
2007-06-01,Poland,PL,podwyżka pensji + podwyżka wynagrodzenia + podwyżka płacy,10.19
2007-07-01,Poland,PL,podwyżka pensji + podwyżka wynagrodzenia + podwyżka płacy,14.57
2007-08-01,Poland,PL,podwyżka pensji + podwyżka wynagrodzenia + podwyżka płacy,17.07
2007-09-01,Poland,PL,podwyżka pensji + podwyżka wynagrodzenia + podwyżka płacy,17.68
2007-10-01,Poland,PL,podwyżka pensji + podwyżka wynagrodzenia + podwyżka płacy,20.09
2007-11-01,Poland,PL,podwyżka pensji + podwyżka wynagrodzenia + podwyżka płacy,24.31
2007-12-01,Poland,PL,podwyżka pensji + podwyżka wynagrodzenia + podwyżka płacy,28.19
2008-01-01,Poland,PL,podwyżka pensji + podwyżka wynagrodzenia + podwyżka płacy,31.63
2008-02-01,Poland,PL,podwyżka pensji + podwyżka wynagrodzenia + podwyżka płacy,32.88
2008-03-01,Poland,PL,podwyżka pensji + podwyżka wynagrodzenia + podwyżka płacy,34.03
2008-04-01,Poland,PL,podwyżka pensji + podwyżka wynagrodzenia + podwyżka płacy,37.26
2008-05-01,Poland,PL,podwyżka pensji + podwyżka wynagrodzenia + podwyżka płacy,39.67
2008-06-01,Poland,PL,podwyżka pensji + podwyżka wynagrodzenia + podwyżka płacy,38.42
2008-07-01,Poland,PL,podwyżka pensji + podwyżka wynagrodzenia + podwyżka płacy,34.96
2008-08-01,Poland,PL,podwyżka pensji + podwyżka wynagrodzenia + podwyżka płacy,33.08
2008-09-01,Poland,PL,podwyżka pensji + podwyżka wynagrodzenia + podwyżka płacy,33.16
2008-10-01,Poland,PL,podwyżka pensji + podwyżka wynagrodzenia + podwyżka płacy,31.33
2008-11-01,Poland,PL,podwyżka pensji + podwyżka wynagrodzenia + podwyżka płacy,27.38
2008-12-01,Poland,PL,podwyżka pensji + podwyżka wynagrodzenia + podwyżka płacy,25.21
2009-01-01,Poland,PL,podwyżka pensji + podwyżka wynagrodzenia + podwyżka płacy,22.83
2009-02-01,Poland,PL,podwyżka pensji + podwyżka wynagrodzenia + podwyżka płacy,20.46
2009-03-01,Poland,PL,podwyżka pensji + podwyżka wynagrodzenia + podwyżka płacy,21.86
2009-04-01,Poland,PL,podwyżka pensji + podwyżka wynagrodzenia + podwyżka płacy,23.58
2009-05-01,Poland,PL,podwyżka pensji + podwyżka wynagrodzenia + podwyżka płacy,24.04
2009-06-01,Poland,PL,podwyżka pensji + podwyżka wynagrodzenia + podwyżka płacy,25.01
2009-07-01,Poland,PL,podwyżka pensji + podwyżka wynagrodzenia + podwyżka płacy,25.77
2009-08-01,Poland,PL,podwyżka pensji + podwyżka wynagrodzenia + podwyżka płacy,25.14
2009-09-01,Poland,PL,podwyżka pensji + podwyżka wynagrodzenia + podwyżka płacy,23.98
2009-10-01,Poland,PL,podwyżka pensji + podwyżka wynagrodzenia + podwyżka płacy,25.76
2009-11-01,Poland,PL,podwyżka pensji + podwyżka wynagrodzenia + podwyżka płacy,30.19
2009-12-01,Poland,PL,podwyżka pensji + podwyżka wynagrodzenia + podwyżka płacy,32.32
2010-01-01,Poland,PL,podwyżka pensji + podwyżka wynagrodzenia + podwyżka płacy,34.67
2010-02-01,Poland,PL,podwyżka pensji + podwyżka wynagrodzenia + podwyżka płacy,39.26
2010-03-01,Poland,PL,podwyżka pensji + podwyżka wynagrodzenia + podwyżka płacy,39.06
2010-04-01,Poland,PL,podwyżka pensji + podwyżka wynagrodzenia + podwyżka płacy,34.94
2010-05-01,Poland,PL,podwyżka pensji + podwyżka wynagrodzenia + podwyżka płacy,33.39
2010-06-01,Poland,PL,podwyżka pensji + podwyżka wynagrodzenia + podwyżka płacy,34.08
2010-07-01,Poland,PL,podwyżka pensji + podwyżka wynagrodzenia + podwyżka płacy,36.7
2010-08-01,Poland,PL,podwyżka pensji + podwyżka wynagrodzenia + podwyżka płacy,42.28
2010-09-01,Poland,PL,podwyżka pensji + podwyżka wynagrodzenia + podwyżka płacy,47.16
2010-10-01,Poland,PL,podwyżka pensji + podwyżka wynagrodzenia + podwyżka płacy,46.32
2010-11-01,Poland,PL,podwyżka pensji + podwyżka wynagrodzenia + podwyżka płacy,41.74
2010-12-01,Poland,PL,podwyżka pensji + podwyżka wynagrodzenia + podwyżka płacy,39.48
2011-01-01,Poland,PL,podwyżka pensji + podwyżka wynagrodzenia + podwyżka płacy,37.76
2011-02-01,Poland,PL,podwyżka pensji + podwyżka wynagrodzenia + podwyżka płacy,34.08
2011-03-01,Poland,PL,podwyżka pensji + podwyżka wynagrodzenia + podwyżka płacy,34.51
2011-04-01,Poland,PL,podwyżka pensji + podwyżka wynagrodzenia + podwyżka płacy,39.45
2011-05-01,Poland,PL,podwyżka pensji + podwyżka wynagrodzenia + podwyżka płacy,42.3
2011-06-01,Poland,PL,podwyżka pensji + podwyżka wynagrodzenia + podwyżka płacy,42.64
2011-07-01,Poland,PL,podwyżka pensji + podwyżka wynagrodzenia + podwyżka płacy,42.57
2011-08-01,Poland,PL,podwyżka pensji + podwyżka wynagrodzenia + podwyżka płacy,41.99
2011-09-01,Poland,PL,podwyżka pensji + podwyżka wynagrodzenia + podwyżka płacy,43.08
2011-10-01,Poland,PL,podwyżka pensji + podwyżka wynagrodzenia + podwyżka płacy,48.48
2011-11-01,Poland,PL,podwyżka pensji + podwyżka wynagrodzenia + podwyżka płacy,56.19
2011-12-01,Poland,PL,podwyżka pensji + podwyżka wynagrodzenia + podwyżka płacy,62.11
2012-01-01,Poland,PL,podwyżka pensji + podwyżka wynagrodzenia + podwyżka płacy,66.58
2012-02-01,Poland,PL,podwyżka pensji + podwyżka wynagrodzenia + podwyżka płacy,71.36
2012-03-01,Poland,PL,podwyżka pensji + podwyżka wynagrodzenia + podwyżka płacy,74.03
2012-04-01,Poland,PL,podwyżka pensji + podwyżka wynagrodzenia + podwyżka płacy,74.38
2012-05-01,Poland,PL,podwyżka pensji + podwyżka wynagrodzenia + podwyżka płacy,76.62
2012-06-01,Poland,PL,podwyżka pensji + podwyżka wynagrodzenia + podwyżka płacy,80.64
2012-07-01,Poland,PL,podwyżka pensji + podwyżka wynagrodzenia + podwyżka płacy,82.35
2012-08-01,Poland,PL,podwyżka pensji + podwyżka wynagrodzenia + podwyżka płacy,82.39
2012-09-01,Poland,PL,podwyżka pensji + podwyżka wynagrodzenia + podwyżka płacy,82.44
2012-10-01,Poland,PL,podwyżka pensji + podwyżka wynagrodzenia + podwyżka płacy,82.06
2012-11-01,Poland,PL,podwyżka pensji + podwyżka wynagrodzenia + podwyżka płacy,81.56
2012-12-01,Poland,PL,podwyżka pensji + podwyżka wynagrodzenia + podwyżka płacy,81.38
2013-01-01,Poland,PL,podwyżka pensji + podwyżka wynagrodzenia + podwyżka płacy,81.72
2013-02-01,Poland,PL,podwyżka pensji + podwyżka wynagrodzenia + podwyżka płacy,82.23
2013-03-01,Poland,PL,podwyżka pensji + podwyżka wynagrodzenia + podwyżka płacy,82.82
2013-04-01,Poland,PL,podwyżka pensji + podwyżka wynagrodzenia + podwyżka płacy,82.96
2013-05-01,Poland,PL,podwyżka pensji + podwyżka wynagrodzenia + podwyżka płacy,80.21
2013-06-01,Poland,PL,podwyżka pensji + podwyżka wynagrodzenia + podwyżka płacy,77.09
2013-07-01,Poland,PL,podwyżka pensji + podwyżka wynagrodzenia + podwyżka płacy,78.43
2013-08-01,Poland,PL,podwyżka pensji + podwyżka wynagrodzenia + podwyżka płacy,80.76
2013-09-01,Poland,PL,podwyżka pensji + podwyżka wynagrodzenia + podwyżka płacy,81.59
2013-10-01,Poland,PL,podwyżka pensji + podwyżka wynagrodzenia + podwyżka płacy,82.17
2013-11-01,Poland,PL,podwyżka pensji + podwyżka wynagrodzenia + podwyżka płacy,82.3
2013-12-01,Poland,PL,podwyżka pensji + podwyżka wynagrodzenia + podwyżka płacy,82.39
2014-01-01,Poland,PL,podwyżka pensji + podwyżka wynagrodzenia + podwyżka płacy,82.65
2014-02-01,Poland,PL,podwyżka pensji + podwyżka wynagrodzenia + podwyżka płacy,82.86
2014-03-01,Poland,PL,podwyżka pensji + podwyżka wynagrodzenia + podwyżka płacy,83.25
2014-04-01,Poland,PL,podwyżka pensji + podwyżka wynagrodzenia + podwyżka płacy,85.25
2014-05-01,Poland,PL,podwyżka pensji + podwyżka wynagrodzenia + podwyżka płacy,90.47
2014-06-01,Poland,PL,podwyżka pensji + podwyżka wynagrodzenia + podwyżka płacy,95.44
2014-07-01,Poland,PL,podwyżka pensji + podwyżka wynagrodzenia + podwyżka płacy,96.61
2014-08-01,Poland,PL,podwyżka pensji + podwyżka wynagrodzenia + podwyżka płacy,96.48
2014-09-01,Poland,PL,podwyżka pensji + podwyżka wynagrodzenia + podwyżka płacy,97.18
2014-10-01,Poland,PL,podwyżka pensji + podwyżka wynagrodzenia + podwyżka płacy,98.16
2014-11-01,Poland,PL,podwyżka pensji + podwyżka wynagrodzenia + podwyżka płacy,98.81
2014-12-01,Poland,PL,podwyżka pensji + podwyżka wynagrodzenia + podwyżka płacy,99.12
2015-01-01,Poland,PL,podwyżka pensji + podwyżka wynagrodzenia + podwyżka płacy,99.42
2015-02-01,Poland,PL,podwyżka pensji + podwyżka wynagrodzenia + podwyżka płacy,99.71
2015-03-01,Poland,PL,podwyżka pensji + podwyżka wynagrodzenia + podwyżka płacy,100
2015-04-01,Poland,PL,podwyżka pensji + podwyżka wynagrodzenia + podwyżka płacy,99.76
2015-05-01,Poland,PL,podwyżka pensji + podwyżka wynagrodzenia + podwyżka płacy,98.68
2015-06-01,Poland,PL,podwyżka pensji + podwyżka wynagrodzenia + podwyżka płacy,97.61
2015-07-01,Poland,PL,podwyżka pensji + podwyżka wynagrodzenia + podwyżka płacy,97.18
2015-08-01,Poland,PL,podwyżka pensji + podwyżka wynagrodzenia + podwyżka płacy,97.28
2015-09-01,Poland,PL,podwyżka pensji + podwyżka wynagrodzenia + podwyżka płacy,95.58
2015-10-01,Poland,PL,podwyżka pensji + podwyżka wynagrodzenia + podwyżka płacy,91.89
2015-11-01,Poland,PL,podwyżka pensji + podwyżka wynagrodzenia + podwyżka płacy,90.16
2015-12-01,Poland,PL,podwyżka pensji + podwyżka wynagrodzenia + podwyżka płacy,90.39
2016-01-01,Poland,PL,podwyżka pensji + podwyżka wynagrodzenia + podwyżka płacy,90.6
2016-02-01,Poland,PL,podwyżka pensji + podwyżka wynagrodzenia + podwyżka płacy,90.79
2016-03-01,Poland,PL,podwyżka pensji + podwyżka wynagrodzenia + podwyżka płacy,90.96
2016-04-01,Poland,PL,podwyżka pensji + podwyżka wynagrodzenia + podwyżka płacy,90.9
2016-05-01,Poland,PL,podwyżka pensji + podwyżka wynagrodzenia + podwyżka płacy,90.43
2016-06-01,Poland,PL,podwyżka pensji + podwyżka wynagrodzenia + podwyżka płacy,89.95
2016-07-01,Poland,PL,podwyżka pensji + podwyżka wynagrodzenia + podwyżka płacy,89.88
2016-08-01,Poland,PL,podwyżka pensji + podwyżka wynagrodzenia + podwyżka płacy,89.99
2016-09-01,Poland,PL,podwyżka pensji + podwyżka wynagrodzenia + podwyżka płacy,92.09
2016-10-01,Poland,PL,podwyżka pensji + podwyżka wynagrodzenia + podwyżka płacy,96.16
2016-11-01,Poland,PL,podwyżka pensji + podwyżka wynagrodzenia + podwyżka płacy,98.23
2016-12-01,Poland,PL,podwyżka pensji + podwyżka wynagrodzenia + podwyżka płacy,98.31
2017-01-01,Poland,PL,podwyżka pensji + podwyżka wynagrodzenia + podwyżka płacy,98.38
2017-02-01,Poland,PL,podwyżka pensji + podwyżka wynagrodzenia + podwyżka płacy,98.45
2017-03-01,Poland,PL,podwyżka pensji + podwyżka wynagrodzenia + podwyżka płacy,98.52
2017-04-01,Poland,PL,podwyżka pensji + podwyżka wynagrodzenia + podwyżka płacy,98.6
2017-05-01,Poland,PL,podwyżka pensji + podwyżka wynagrodzenia + podwyżka płacy,98.68
2017-06-01,Poland,PL,podwyżka pensji + podwyżka wynagrodzenia + podwyżka płacy,98.76
2017-07-01,Poland,PL,podwyżka pensji + podwyżka wynagrodzenia + podwyżka płacy,98.85
2017-08-01,Poland,PL,podwyżka pensji + podwyżka wynagrodzenia + podwyżka płacy,98.94
2017-09-01,Poland,PL,podwyżka pensji + podwyżka wynagrodzenia + podwyżka płacy,98.72
2017-10-01,Poland,PL,podwyżka pensji + podwyżka wynagrodzenia + podwyżka płacy,98.17
2017-11-01,Poland,PL,podwyżka pensji + podwyżka wynagrodzenia + podwyżka płacy,97.95
2017-12-01,Poland,PL,podwyżka pensji + podwyżka wynagrodzenia + podwyżka płacy,98.06
2018-01-01,Poland,PL,podwyżka pensji + podwyżka wynagrodzenia + podwyżka płacy,98.16
2018-02-01,Poland,PL,podwyżka pensji + podwyżka wynagrodzenia + podwyżka płacy,98.27
2018-03-01,Poland,PL,podwyżka pensji + podwyżka wynagrodzenia + podwyżka płacy,98.38
2018-04-01,Poland,PL,podwyżka pensji + podwyżka wynagrodzenia + podwyżka płacy,98.48
2018-05-01,Poland,PL,podwyżka pensji + podwyżka wynagrodzenia + podwyżka płacy,98.57
2018-06-01,Poland,PL,podwyżka pensji + podwyżka wynagrodzenia + podwyżka płacy,98.66
2018-07-01,Poland,PL,podwyżka pensji + podwyżka wynagrodzenia + podwyżka płacy,98.73
2018-08-01,Poland,PL,podwyżka pensji + podwyżka wynagrodzenia + podwyżka płacy,98.81
2018-09-01,Poland,PL,podwyżka pensji + podwyżka wynagrodzenia + podwyżka płacy,98.67
2018-10-01,Poland,PL,podwyżka pensji + podwyżka wynagrodzenia + podwyżka płacy,98.32
2018-11-01,Poland,PL,podwyżka pensji + podwyżka wynagrodzenia + podwyżka płacy,98.18
2018-12-01,Poland,PL,podwyżka pensji + podwyżka wynagrodzenia + podwyżka płacy,98.24
2019-01-01,Poland,PL,podwyżka pensji + podwyżka wynagrodzenia + podwyżka płacy,98.3
2019-02-01,Poland,PL,podwyżka pensji + podwyżka wynagrodzenia + podwyżka płacy,98.35
2019-03-01,Poland,PL,podwyżka pensji + podwyżka wynagrodzenia + podwyżka płacy,98.4
2019-04-01,Poland,PL,podwyżka pensji + podwyżka wynagrodzenia + podwyżka płacy,98.43
2019-05-01,Poland,PL,podwyżka pensji + podwyżka wynagrodzenia + podwyżka płacy,98.46
2019-06-01,Poland,PL,podwyżka pensji + podwyżka wynagrodzenia + podwyżka płacy,98.47
2019-07-01,Poland,PL,podwyżka pensji + podwyżka wynagrodzenia + podwyżka płacy,98.48
2019-08-01,Poland,PL,podwyżka pensji + podwyżka wynagrodzenia + podwyżka płacy,98.48
2019-09-01,Poland,PL,podwyżka pensji + podwyżka wynagrodzenia + podwyżka płacy,98.48
2019-10-01,Poland,PL,podwyżka pensji + podwyżka wynagrodzenia + podwyżka płacy,98.48
2019-11-01,Poland,PL,podwyżka pensji + podwyżka wynagrodzenia + podwyżka płacy,98.47
2019-12-01,Poland,PL,podwyżka pensji + podwyżka wynagrodzenia + podwyżka płacy,98.46
2020-01-01,Poland,PL,podwyżka pensji + podwyżka wynagrodzenia + podwyżka płacy,98.46
2020-02-01,Poland,PL,podwyżka pensji + podwyżka wynagrodzenia + podwyżka płacy,98.45
2020-03-01,Poland,PL,podwyżka pensji + podwyżka wynagrodzenia + podwyżka płacy,98.45
2020-04-01,Poland,PL,podwyżka pensji + podwyżka wynagrodzenia + podwyżka płacy,98.44
2020-05-01,Poland,PL,podwyżka pensji + podwyżka wynagrodzenia + podwyżka płacy,98.44
2020-06-01,Poland,PL,podwyżka pensji + podwyżka wynagrodzenia + podwyżka płacy,98.44
2020-07-01,Poland,PL,podwyżka pensji + podwyżka wynagrodzenia + podwyżka płacy,98.44
2020-08-01,Poland,PL,podwyżka pensji + podwyżka wynagrodzenia + podwyżka płacy,98.45
2020-09-01,Poland,PL,podwyżka pensji + podwyżka wynagrodzenia + podwyżka płacy,98.45
2020-10-01,Poland,PL,podwyżka pensji + podwyżka wynagrodzenia + podwyżka płacy,98.45
2020-11-01,Poland,PL,podwyżka pensji + podwyżka wynagrodzenia + podwyżka płacy,98.45
2020-12-01,Poland,PL,podwyżka pensji + podwyżka wynagrodzenia + podwyżka płacy,98.45
2021-01-01,Poland,PL,podwyżka pensji + podwyżka wynagrodzenia + podwyżka płacy,98.45
2021-02-01,Poland,PL,podwyżka pensji + podwyżka wynagrodzenia + podwyżka płacy,98.45
2021-03-01,Poland,PL,podwyżka pensji + podwyżka wynagrodzenia + podwyżka płacy,98.45
2021-04-01,Poland,PL,podwyżka pensji + podwyżka wynagrodzenia + podwyżka płacy,98.45
2021-05-01,Poland,PL,podwyżka pensji + podwyżka wynagrodzenia + podwyżka płacy,98.45
2021-06-01,Poland,PL,podwyżka pensji + podwyżka wynagrodzenia + podwyżka płacy,98.45
2021-07-01,Poland,PL,podwyżka pensji + podwyżka wynagrodzenia + podwyżka płacy,98.45
2021-08-01,Poland,PL,podwyżka pensji + podwyżka wynagrodzenia + podwyżka płacy,98.45
2021-09-01,Poland,PL,podwyżka pensji + podwyżka wynagrodzenia + podwyżka płacy,98.45
2021-10-01,Poland,PL,podwyżka pensji + podwyżka wynagrodzenia + podwyżka płacy,98.45
2021-11-01,Poland,PL,podwyżka pensji + podwyżka wynagrodzenia + podwyżka płacy,98.45
2021-12-01,Poland,PL,podwyżka pensji + podwyżka wynagrodzenia + podwyżka płacy,98.45
2022-01-01,Poland,PL,podwyżka pensji + podwyżka wynagrodzenia + podwyżka płacy,98.45
2022-02-01,Poland,PL,podwyżka pensji + podwyżka wynagrodzenia + podwyżka płacy,98.45
2022-03-01,Poland,PL,podwyżka pensji + podwyżka wynagrodzenia + podwyżka płacy,98.45
2022-04-01,Poland,PL,podwyżka pensji + podwyżka wynagrodzenia + podwyżka płacy,98.45
2022-05-01,Poland,PL,podwyżka pensji + podwyżka wynagrodzenia + podwyżka płacy,98.45
2022-06-01,Poland,PL,podwyżka pensji + podwyżka wynagrodzenia + podwyżka płacy,98.45
2022-07-01,Poland,PL,podwyżka pensji + podwyżka wynagrodzenia + podwyżka płacy,98.45
2022-08-01,Poland,PL,podwyżka pensji + podwyżka wynagrodzenia + podwyżka płacy,98.45
2022-09-01,Poland,PL,podwyżka pensji + podwyżka wynagrodzenia + podwyżka płacy,98.45
2022-10-01,Poland,PL,podwyżka pensji + podwyżka wynagrodzenia + podwyżka płacy,98.45
2022-11-01,Poland,PL,podwyżka pensji + podwyżka wynagrodzenia + podwyżka płacy,98.45
2022-12-01,Poland,PL,podwyżka pensji + podwyżka wynagrodzenia + podwyżka płacy,98.45
2023-01-01,Poland,PL,podwyżka pensji + podwyżka wynagrodzenia + podwyżka płacy,98.45
2023-02-01,Poland,PL,podwyżka pensji + podwyżka wynagrodzenia + podwyżka płacy,98.45
2023-03-01,Poland,PL,podwyżka pensji + podwyżka wynagrodzenia + podwyżka płacy,98.45
2023-04-01,Poland,PL,podwyżka pensji + podwyżka wynagrodzenia + podwyżka płacy,98.45
2023-05-01,Poland,PL,podwyżka pensji + podwyżka wynagrodzenia + podwyżka płacy,98.45
2023-06-01,Poland,PL,podwyżka pensji + podwyżka wynagrodzenia + podwyżka płacy,98.45
2023-07-01,Poland,PL,podwyżka pensji + podwyżka wynagrodzenia + podwyżka płacy,98.45
2023-08-01,Poland,PL,podwyżka pensji + podwyżka wynagrodzenia + podwyżka płacy,98.45
2023-09-01,Poland,PL,podwyżka pensji + podwyżka wynagrodzenia + podwyżka płacy,98.45
2023-10-01,Poland,PL,podwyżka pensji + podwyżka wynagrodzenia + podwyżka płacy,98.45
2023-11-01,Poland,PL,podwyżka pensji + podwyżka wynagrodzenia + podwyżka płacy,98.45
2023-12-01,Poland,PL,podwyżka pensji + podwyżka wynagrodzenia + podwyżka płacy,98.45
2024-01-01,Poland,PL,podwyżka pensji + podwyżka wynagrodzenia + podwyżka płacy,98.45
2024-02-01,Poland,PL,podwyżka pensji + podwyżka wynagrodzenia + podwyżka płacy,98.45
2024-03-01,Poland,PL,podwyżka pensji + podwyżka wynagrodzenia + podwyżka płacy,98.45
2024-04-01,Poland,PL,podwyżka pensji + podwyżka wynagrodzenia + podwyżka płacy,98.45
2024-05-01,Poland,PL,podwyżka pensji + podwyżka wynagrodzenia + podwyżka płacy,98.45
2024-06-01,Poland,PL,podwyżka pensji + podwyżka wynagrodzenia + podwyżka płacy,98.45
2024-07-01,Poland,PL,podwyżka pensji + podwyżka wynagrodzenia + podwyżka płacy,98.45
2024-08-01,Poland,PL,podwyżka pensji + podwyżka wynagrodzenia + podwyżka płacy,98.45
2024-09-01,Poland,PL,podwyżka pensji + podwyżka wynagrodzenia + podwyżka płacy,98.45
2024-10-01,Poland,PL,podwyżka pensji + podwyżka wynagrodzenia + podwyżka płacy,98.45
2024-11-01,Poland,PL,podwyżka pensji + podwyżka wynagrodzenia + podwyżka płacy,98.45
2024-12-01,Poland,PL,podwyżka pensji + podwyżka wynagrodzenia + podwyżka płacy,98.45
2025-01-01,Poland,PL,podwyżka pensji + podwyżka wynagrodzenia + podwyżka płacy,98.45
2025-02-01,Poland,PL,podwyżka pensji + podwyżka wynagrodzenia + podwyżka płacy,98.45
2025-03-01,Poland,PL,podwyżka pensji + podwyżka wynagrodzenia + podwyżka płacy,98.45
2025-04-01,Poland,PL,podwyżka pensji + podwyżka wynagrodzenia + podwyżka płacy,98.45
2025-05-01,Poland,PL,podwyżka pensji + podwyżka wynagrodzenia + podwyżka płacy,98.45
2025-06-01,Poland,PL,podwyżka pensji + podwyżka wynagrodzenia + podwyżka płacy,98.45
2025-07-01,Poland,PL,podwyżka pensji + podwyżka wynagrodzenia + podwyżka płacy,98.45
2025-08-01,Poland,PL,podwyżka pensji + podwyżka wynagrodzenia + podwyżka płacy,98.45
2025-09-01,Poland,PL,podwyżka pensji + podwyżka wynagrodzenia + podwyżka płacy,98.45
2025-10-01,Poland,PL,podwyżka pensji + podwyżka wynagrodzenia + podwyżka płacy,98.45
2025-11-01,Poland,PL,podwyżka pensji + podwyżka wynagrodzenia + podwyżka płacy,98.45
2025-12-01,Poland,PL,podwyżka pensji + podwyżka wynagrodzenia + podwyżka płacy,98.45
2026-01-01,Poland,PL,podwyżka pensji + podwyżka wynagrodzenia + podwyżka płacy,98.45
2026-02-01,Poland,PL,podwyżka pensji + podwyżka wynagrodzenia + podwyżka płacy,98.45
2026-03-01,Poland,PL,podwyżka pensji + podwyżka wynagrodzenia + podwyżka płacy,98.45
2026-04-01,Poland,PL,podwyżka pensji + podwyżka wynagrodzenia + podwyżka płacy,98.45
2026-05-01,Poland,PL,podwyżka pensji + podwyżka wynagrodzenia + podwyżka płacy,98.45
2026-06-01,Poland,PL,podwyżka pensji + podwyżka wynagrodzenia + podwyżka płacy,98.45
2026-07-01,Poland,PL,podwyżka pensji + podwyżka wynagrodzenia + podwyżka płacy,98.45
2026-08-01,Poland,PL,podwyżka pensji + podwyżka wynagrodzenia + podwyżka płacy,98.45
2004-01-01,Poland,PL,rozmowa o podwyżce + negocjacja pensji + wniosek o podwyżkę,0
2004-02-01,Poland,PL,rozmowa o podwyżce + negocjacja pensji + wniosek o podwyżkę,0
2004-03-01,Poland,PL,rozmowa o podwyżce + negocjacja pensji + wniosek o podwyżkę,1.36
2004-04-01,Poland,PL,rozmowa o podwyżce + negocjacja pensji + wniosek o podwyżkę,2.12
2004-05-01,Poland,PL,rozmowa o podwyżce + negocjacja pensji + wniosek o podwyżkę,2.25
2004-06-01,Poland,PL,rozmowa o podwyżce + negocjacja pensji + wniosek o podwyżkę,2.05
2004-07-01,Poland,PL,rozmowa o podwyżce + negocjacja pensji + wniosek o podwyżkę,2.3
2004-08-01,Poland,PL,rozmowa o podwyżce + negocjacja pensji + wniosek o podwyżkę,2.29
2004-09-01,Poland,PL,rozmowa o podwyżce + negocjacja pensji + wniosek o podwyżkę,2.03
2004-10-01,Poland,PL,rozmowa o podwyżce + negocjacja pensji + wniosek o podwyżkę,1.83
2004-11-01,Poland,PL,rozmowa o podwyżce + negocjacja pensji + wniosek o podwyżkę,1.79
2004-12-01,Poland,PL,rozmowa o podwyżce + negocjacja pensji + wniosek o podwyżkę,1.84
2005-01-01,Poland,PL,rozmowa o podwyżce + negocjacja pensji + wniosek o podwyżkę,1.84
2005-02-01,Poland,PL,rozmowa o podwyżce + negocjacja pensji + wniosek o podwyżkę,1.86
2005-03-01,Poland,PL,rozmowa o podwyżce + negocjacja pensji + wniosek o podwyżkę,1.91
2005-04-01,Poland,PL,rozmowa o podwyżce + negocjacja pensji + wniosek o podwyżkę,1.96
2005-05-01,Poland,PL,rozmowa o podwyżce + negocjacja pensji + wniosek o podwyżkę,1.97
2005-06-01,Poland,PL,rozmowa o podwyżce + negocjacja pensji + wniosek o podwyżkę,1.94
2005-07-01,Poland,PL,rozmowa o podwyżce + negocjacja pensji + wniosek o podwyżkę,1.96
2005-08-01,Poland,PL,rozmowa o podwyżce + negocjacja pensji + wniosek o podwyżkę,1.99
2005-09-01,Poland,PL,rozmowa o podwyżce + negocjacja pensji + wniosek o podwyżkę,1.99
2005-10-01,Poland,PL,rozmowa o podwyżce + negocjacja pensji + wniosek o podwyżkę,1.99
2005-11-01,Poland,PL,rozmowa o podwyżce + negocjacja pensji + wniosek o podwyżkę,1.98
2005-12-01,Poland,PL,rozmowa o podwyżce + negocjacja pensji + wniosek o podwyżkę,2.06
2006-01-01,Poland,PL,rozmowa o podwyżce + negocjacja pensji + wniosek o podwyżkę,2.06
2006-02-01,Poland,PL,rozmowa o podwyżce + negocjacja pensji + wniosek o podwyżkę,2.11
2006-03-01,Poland,PL,rozmowa o podwyżce + negocjacja pensji + wniosek o podwyżkę,2.18
2006-04-01,Poland,PL,rozmowa o podwyżce + negocjacja pensji + wniosek o podwyżkę,2.25
2006-05-01,Poland,PL,rozmowa o podwyżce + negocjacja pensji + wniosek o podwyżkę,2.25
2006-06-01,Poland,PL,rozmowa o podwyżce + negocjacja pensji + wniosek o podwyżkę,2.2
2006-07-01,Poland,PL,rozmowa o podwyżce + negocjacja pensji + wniosek o podwyżkę,2.21
2006-08-01,Poland,PL,rozmowa o podwyżce + negocjacja pensji + wniosek o podwyżkę,2.25
2006-09-01,Poland,PL,rozmowa o podwyżce + negocjacja pensji + wniosek o podwyżkę,2.25
2006-10-01,Poland,PL,rozmowa o podwyżce + negocjacja pensji + wniosek o podwyżkę,2.25
2006-11-01,Poland,PL,rozmowa o podwyżce + negocjacja pensji + wniosek o podwyżkę,2.25
2006-12-01,Poland,PL,rozmowa o podwyżce + negocjacja pensji + wniosek o podwyżkę,4.43
2007-01-01,Poland,PL,rozmowa o podwyżce + negocjacja pensji + wniosek o podwyżkę,8.29
2007-02-01,Poland,PL,rozmowa o podwyżce + negocjacja pensji + wniosek o podwyżkę,10.49
2007-03-01,Poland,PL,rozmowa o podwyżce + negocjacja pensji + wniosek o podwyżkę,10.67
2007-04-01,Poland,PL,rozmowa o podwyżce + negocjacja pensji + wniosek o podwyżkę,10.88
2007-05-01,Poland,PL,rozmowa o podwyżce + negocjacja pensji + wniosek o podwyżkę,10.9
2007-06-01,Poland,PL,rozmowa o podwyżce + negocjacja pensji + wniosek o podwyżkę,10.9
2007-07-01,Poland,PL,rozmowa o podwyżce + negocjacja pensji + wniosek o podwyżkę,10.98
2007-08-01,Poland,PL,rozmowa o podwyżce + negocjacja pensji + wniosek o podwyżkę,13.24
2007-09-01,Poland,PL,rozmowa o podwyżce + negocjacja pensji + wniosek o podwyżkę,18.07
2007-10-01,Poland,PL,rozmowa o podwyżce + negocjacja pensji + wniosek o podwyżkę,22.46
2007-11-01,Poland,PL,rozmowa o podwyżce + negocjacja pensji + wniosek o podwyżkę,24.64
2007-12-01,Poland,PL,rozmowa o podwyżce + negocjacja pensji + wniosek o podwyżkę,22.9
2008-01-01,Poland,PL,rozmowa o podwyżce + negocjacja pensji + wniosek o podwyżkę,19.13
2008-02-01,Poland,PL,rozmowa o podwyżce + negocjacja pensji + wniosek o podwyżkę,17.1
2008-03-01,Poland,PL,rozmowa o podwyżce + negocjacja pensji + wniosek o podwyżkę,16.81
2008-04-01,Poland,PL,rozmowa o podwyżce + negocjacja pensji + wniosek o podwyżkę,16.79
2008-05-01,Poland,PL,rozmowa o podwyżce + negocjacja pensji + wniosek o podwyżkę,19.04
2008-06-01,Poland,PL,rozmowa o podwyżce + negocjacja pensji + wniosek o podwyżkę,22.97
2008-07-01,Poland,PL,rozmowa o podwyżce + negocjacja pensji + wniosek o podwyżkę,24.92
2008-08-01,Poland,PL,rozmowa o podwyżce + negocjacja pensji + wniosek o podwyżkę,22.91
2008-09-01,Poland,PL,rozmowa o podwyżce + negocjacja pensji + wniosek o podwyżkę,18.63
2008-10-01,Poland,PL,rozmowa o podwyżce + negocjacja pensji + wniosek o podwyżkę,16.41
2008-11-01,Poland,PL,rozmowa o podwyżce + negocjacja pensji + wniosek o podwyżkę,16.57
2008-12-01,Poland,PL,rozmowa o podwyżce + negocjacja pensji + wniosek o podwyżkę,16.76
2009-01-01,Poland,PL,rozmowa o podwyżce + negocjacja pensji + wniosek o podwyżkę,17
2009-02-01,Poland,PL,rozmowa o podwyżce + negocjacja pensji + wniosek o podwyżkę,18.94
2009-03-01,Poland,PL,rozmowa o podwyżce + negocjacja pensji + wniosek o podwyżkę,22.59
2009-04-01,Poland,PL,rozmowa o podwyżce + negocjacja pensji + wniosek o podwyżkę,26.58
2009-05-01,Poland,PL,rozmowa o podwyżce + negocjacja pensji + wniosek o podwyżkę,28.9
2009-06-01,Poland,PL,rozmowa o podwyżce + negocjacja pensji + wniosek o podwyżkę,28.91
2009-07-01,Poland,PL,rozmowa o podwyżce + negocjacja pensji + wniosek o podwyżkę,30.62
2009-08-01,Poland,PL,rozmowa o podwyżce + negocjacja pensji + wniosek o podwyżkę,34.67
2009-09-01,Poland,PL,rozmowa o podwyżce + negocjacja pensji + wniosek o podwyżkę,39.39
2009-10-01,Poland,PL,rozmowa o podwyżce + negocjacja pensji + wniosek o podwyżkę,42.12
2009-11-01,Poland,PL,rozmowa o podwyżce + negocjacja pensji + wniosek o podwyżkę,44.2
2009-12-01,Poland,PL,rozmowa o podwyżce + negocjacja pensji + wniosek o podwyżkę,50.19
2010-01-01,Poland,PL,rozmowa o podwyżce + negocjacja pensji + wniosek o podwyżkę,58.39
2010-02-01,Poland,PL,rozmowa o podwyżce + negocjacja pensji + wniosek o podwyżkę,64.38
2010-03-01,Poland,PL,rozmowa o podwyżce + negocjacja pensji + wniosek o podwyżkę,68.14
2010-04-01,Poland,PL,rozmowa o podwyżce + negocjacja pensji + wniosek o podwyżkę,69.89
2010-05-01,Poland,PL,rozmowa o podwyżce + negocjacja pensji + wniosek o podwyżkę,69.95
2010-06-01,Poland,PL,rozmowa o podwyżce + negocjacja pensji + wniosek o podwyżkę,72.33
2010-07-01,Poland,PL,rozmowa o podwyżce + negocjacja pensji + wniosek o podwyżkę,76.39
2010-08-01,Poland,PL,rozmowa o podwyżce + negocjacja pensji + wniosek o podwyżkę,80.3
2010-09-01,Poland,PL,rozmowa o podwyżce + negocjacja pensji + wniosek o podwyżkę,82.91
2010-10-01,Poland,PL,rozmowa o podwyżce + negocjacja pensji + wniosek o podwyżkę,85.82
2010-11-01,Poland,PL,rozmowa o podwyżce + negocjacja pensji + wniosek o podwyżkę,89.96
2010-12-01,Poland,PL,rozmowa o podwyżce + negocjacja pensji + wniosek o podwyżkę,91.51
2011-01-01,Poland,PL,rozmowa o podwyżce + negocjacja pensji + wniosek o podwyżkę,91.02
2011-02-01,Poland,PL,rozmowa o podwyżce + negocjacja pensji + wniosek o podwyżkę,90.8
2011-03-01,Poland,PL,rozmowa o podwyżce + negocjacja pensji + wniosek o podwyżkę,90.86
2011-04-01,Poland,PL,rozmowa o podwyżce + negocjacja pensji + wniosek o podwyżkę,92.89
2011-05-01,Poland,PL,rozmowa o podwyżce + negocjacja pensji + wniosek o podwyżkę,97.07
2011-06-01,Poland,PL,rozmowa o podwyżce + negocjacja pensji + wniosek o podwyżkę,99.38
2011-07-01,Poland,PL,rozmowa o podwyżce + negocjacja pensji + wniosek o podwyżkę,99.41
2011-08-01,Poland,PL,rozmowa o podwyżce + negocjacja pensji + wniosek o podwyżkę,99.16
2011-09-01,Poland,PL,rozmowa o podwyżce + negocjacja pensji + wniosek o podwyżkę,99.37
2011-10-01,Poland,PL,rozmowa o podwyżce + negocjacja pensji + wniosek o podwyżkę,99.71
2011-11-01,Poland,PL,rozmowa o podwyżce + negocjacja pensji + wniosek o podwyżkę,99.45
2011-12-01,Poland,PL,rozmowa o podwyżce + negocjacja pensji + wniosek o podwyżkę,99.24
2012-01-01,Poland,PL,rozmowa o podwyżce + negocjacja pensji + wniosek o podwyżkę,99.29
2012-02-01,Poland,PL,rozmowa o podwyżce + negocjacja pensji + wniosek o podwyżkę,99.48
2012-03-01,Poland,PL,rozmowa o podwyżce + negocjacja pensji + wniosek o podwyżkę,99.81
2012-04-01,Poland,PL,rozmowa o podwyżce + negocjacja pensji + wniosek o podwyżkę,99.75
2012-05-01,Poland,PL,rozmowa o podwyżce + negocjacja pensji + wniosek o podwyżkę,99.3
2012-06-01,Poland,PL,rozmowa o podwyżce + negocjacja pensji + wniosek o podwyżkę,99.11
2012-07-01,Poland,PL,rozmowa o podwyżce + negocjacja pensji + wniosek o podwyżkę,99.17
2012-08-01,Poland,PL,rozmowa o podwyżce + negocjacja pensji + wniosek o podwyżkę,99.18
2012-09-01,Poland,PL,rozmowa o podwyżce + negocjacja pensji + wniosek o podwyżkę,99.34
2012-10-01,Poland,PL,rozmowa o podwyżce + negocjacja pensji + wniosek o podwyżkę,99.46
2012-11-01,Poland,PL,rozmowa o podwyżce + negocjacja pensji + wniosek o podwyżkę,99.32
2012-12-01,Poland,PL,rozmowa o podwyżce + negocjacja pensji + wniosek o podwyżkę,99.36
2013-01-01,Poland,PL,rozmowa o podwyżce + negocjacja pensji + wniosek o podwyżkę,99.55
2013-02-01,Poland,PL,rozmowa o podwyżce + negocjacja pensji + wniosek o podwyżkę,99.72
2013-03-01,Poland,PL,rozmowa o podwyżce + negocjacja pensji + wniosek o podwyżkę,99.85
2013-04-01,Poland,PL,rozmowa o podwyżce + negocjacja pensji + wniosek o podwyżkę,99.75
2013-05-01,Poland,PL,rozmowa o podwyżce + negocjacja pensji + wniosek o podwyżkę,99.43
2013-06-01,Poland,PL,rozmowa o podwyżce + negocjacja pensji + wniosek o podwyżkę,99.29
2013-07-01,Poland,PL,rozmowa o podwyżce + negocjacja pensji + wniosek o podwyżkę,99.35
2013-08-01,Poland,PL,rozmowa o podwyżce + negocjacja pensji + wniosek o podwyżkę,99.4
2013-09-01,Poland,PL,rozmowa o podwyżce + negocjacja pensji + wniosek o podwyżkę,99.44
2013-10-01,Poland,PL,rozmowa o podwyżce + negocjacja pensji + wniosek o podwyżkę,99.47
2013-11-01,Poland,PL,rozmowa o podwyżce + negocjacja pensji + wniosek o podwyżkę,99.5
2013-12-01,Poland,PL,rozmowa o podwyżce + negocjacja pensji + wniosek o podwyżkę,99.51
2014-01-01,Poland,PL,rozmowa o podwyżce + negocjacja pensji + wniosek o podwyżkę,99.52
2014-02-01,Poland,PL,rozmowa o podwyżce + negocjacja pensji + wniosek o podwyżkę,99.52
2014-03-01,Poland,PL,rozmowa o podwyżce + negocjacja pensji + wniosek o podwyżkę,99.52
2014-04-01,Poland,PL,rozmowa o podwyżce + negocjacja pensji + wniosek o podwyżkę,99.51
2014-05-01,Poland,PL,rozmowa o podwyżce + negocjacja pensji + wniosek o podwyżkę,99.51
2014-06-01,Poland,PL,rozmowa o podwyżce + negocjacja pensji + wniosek o podwyżkę,99.5
2014-07-01,Poland,PL,rozmowa o podwyżce + negocjacja pensji + wniosek o podwyżkę,99.5
2014-08-01,Poland,PL,rozmowa o podwyżce + negocjacja pensji + wniosek o podwyżkę,99.49
2014-09-01,Poland,PL,rozmowa o podwyżce + negocjacja pensji + wniosek o podwyżkę,99.49
2014-10-01,Poland,PL,rozmowa o podwyżce + negocjacja pensji + wniosek o podwyżkę,99.48
2014-11-01,Poland,PL,rozmowa o podwyżce + negocjacja pensji + wniosek o podwyżkę,99.48
2014-12-01,Poland,PL,rozmowa o podwyżce + negocjacja pensji + wniosek o podwyżkę,99.48
2015-01-01,Poland,PL,rozmowa o podwyżce + negocjacja pensji + wniosek o podwyżkę,99.48
2015-02-01,Poland,PL,rozmowa o podwyżce + negocjacja pensji + wniosek o podwyżkę,99.48
2015-03-01,Poland,PL,rozmowa o podwyżce + negocjacja pensji + wniosek o podwyżkę,99.48
2015-04-01,Poland,PL,rozmowa o podwyżce + negocjacja pensji + wniosek o podwyżkę,99.48
2015-05-01,Poland,PL,rozmowa o podwyżce + negocjacja pensji + wniosek o podwyżkę,99.48
2015-06-01,Poland,PL,rozmowa o podwyżce + negocjacja pensji + wniosek o podwyżkę,99.48
2015-07-01,Poland,PL,rozmowa o podwyżce + negocjacja pensji + wniosek o podwyżkę,99.48
2015-08-01,Poland,PL,rozmowa o podwyżce + negocjacja pensji + wniosek o podwyżkę,99.48
2015-09-01,Poland,PL,rozmowa o podwyżce + negocjacja pensji + wniosek o podwyżkę,99.48
2015-10-01,Poland,PL,rozmowa o podwyżce + negocjacja pensji + wniosek o podwyżkę,99.47
2015-11-01,Poland,PL,rozmowa o podwyżce + negocjacja pensji + wniosek o podwyżkę,99.47
2015-12-01,Poland,PL,rozmowa o podwyżce + negocjacja pensji + wniosek o podwyżkę,99.47
2016-01-01,Poland,PL,rozmowa o podwyżce + negocjacja pensji + wniosek o podwyżkę,99.47
2016-02-01,Poland,PL,rozmowa o podwyżce + negocjacja pensji + wniosek o podwyżkę,99.47
2016-03-01,Poland,PL,rozmowa o podwyżce + negocjacja pensji + wniosek o podwyżkę,99.47
2016-04-01,Poland,PL,rozmowa o podwyżce + negocjacja pensji + wniosek o podwyżkę,99.47
2016-05-01,Poland,PL,rozmowa o podwyżce + negocjacja pensji + wniosek o podwyżkę,99.47
2016-06-01,Poland,PL,rozmowa o podwyżce + negocjacja pensji + wniosek o podwyżkę,99.47
2016-07-01,Poland,PL,rozmowa o podwyżce + negocjacja pensji + wniosek o podwyżkę,99.46
2016-08-01,Poland,PL,rozmowa o podwyżce + negocjacja pensji + wniosek o podwyżkę,99.46
2016-09-01,Poland,PL,rozmowa o podwyżce + negocjacja pensji + wniosek o podwyżkę,99.46
2016-10-01,Poland,PL,rozmowa o podwyżce + negocjacja pensji + wniosek o podwyżkę,99.47
2016-11-01,Poland,PL,rozmowa o podwyżce + negocjacja pensji + wniosek o podwyżkę,99.47
2016-12-01,Poland,PL,rozmowa o podwyżce + negocjacja pensji + wniosek o podwyżkę,99.48
2017-01-01,Poland,PL,rozmowa o podwyżce + negocjacja pensji + wniosek o podwyżkę,99.48
2017-02-01,Poland,PL,rozmowa o podwyżce + negocjacja pensji + wniosek o podwyżkę,99.49
2017-03-01,Poland,PL,rozmowa o podwyżce + negocjacja pensji + wniosek o podwyżkę,99.49
2017-04-01,Poland,PL,rozmowa o podwyżce + negocjacja pensji + wniosek o podwyżkę,99.5
2017-05-01,Poland,PL,rozmowa o podwyżce + negocjacja pensji + wniosek o podwyżkę,99.5
2017-06-01,Poland,PL,rozmowa o podwyżce + negocjacja pensji + wniosek o podwyżkę,99.5
2017-07-01,Poland,PL,rozmowa o podwyżce + negocjacja pensji + wniosek o podwyżkę,99.49
2017-08-01,Poland,PL,rozmowa o podwyżce + negocjacja pensji + wniosek o podwyżkę,99.47
2017-09-01,Poland,PL,rozmowa o podwyżce + negocjacja pensji + wniosek o podwyżkę,99.45
2017-10-01,Poland,PL,rozmowa o podwyżce + negocjacja pensji + wniosek o podwyżkę,99.41
2017-11-01,Poland,PL,rozmowa o podwyżce + negocjacja pensji + wniosek o podwyżkę,99.37
2017-12-01,Poland,PL,rozmowa o podwyżce + negocjacja pensji + wniosek o podwyżkę,99.32
2018-01-01,Poland,PL,rozmowa o podwyżce + negocjacja pensji + wniosek o podwyżkę,99.26
2018-02-01,Poland,PL,rozmowa o podwyżce + negocjacja pensji + wniosek o podwyżkę,99.2
2018-03-01,Poland,PL,rozmowa o podwyżce + negocjacja pensji + wniosek o podwyżkę,99.34
2018-04-01,Poland,PL,rozmowa o podwyżce + negocjacja pensji + wniosek o podwyżkę,99.68
2018-05-01,Poland,PL,rozmowa o podwyżce + negocjacja pensji + wniosek o podwyżkę,99.82
2018-06-01,Poland,PL,rozmowa o podwyżce + negocjacja pensji + wniosek o podwyżkę,99.74
2018-07-01,Poland,PL,rozmowa o podwyżce + negocjacja pensji + wniosek o podwyżkę,99.67
2018-08-01,Poland,PL,rozmowa o podwyżce + negocjacja pensji + wniosek o podwyżkę,99.58
2018-09-01,Poland,PL,rozmowa o podwyżce + negocjacja pensji + wniosek o podwyżkę,99.49
2018-10-01,Poland,PL,rozmowa o podwyżce + negocjacja pensji + wniosek o podwyżkę,99.4
2018-11-01,Poland,PL,rozmowa o podwyżce + negocjacja pensji + wniosek o podwyżkę,99.3
2018-12-01,Poland,PL,rozmowa o podwyżce + negocjacja pensji + wniosek o podwyżkę,99.19
2019-01-01,Poland,PL,rozmowa o podwyżce + negocjacja pensji + wniosek o podwyżkę,99.08
2019-02-01,Poland,PL,rozmowa o podwyżce + negocjacja pensji + wniosek o podwyżkę,98.97
2019-03-01,Poland,PL,rozmowa o podwyżce + negocjacja pensji + wniosek o podwyżkę,99.18
2019-04-01,Poland,PL,rozmowa o podwyżce + negocjacja pensji + wniosek o podwyżkę,99.71
2019-05-01,Poland,PL,rozmowa o podwyżce + negocjacja pensji + wniosek o podwyżkę,99.93
2019-06-01,Poland,PL,rozmowa o podwyżce + negocjacja pensji + wniosek o podwyżkę,99.82
2019-07-01,Poland,PL,rozmowa o podwyżce + negocjacja pensji + wniosek o podwyżkę,99.72
2019-08-01,Poland,PL,rozmowa o podwyżce + negocjacja pensji + wniosek o podwyżkę,99.63
2019-09-01,Poland,PL,rozmowa o podwyżce + negocjacja pensji + wniosek o podwyżkę,99.55
2019-10-01,Poland,PL,rozmowa o podwyżce + negocjacja pensji + wniosek o podwyżkę,99.47
2019-11-01,Poland,PL,rozmowa o podwyżce + negocjacja pensji + wniosek o podwyżkę,99.42
2019-12-01,Poland,PL,rozmowa o podwyżce + negocjacja pensji + wniosek o podwyżkę,99.37
2020-01-01,Poland,PL,rozmowa o podwyżce + negocjacja pensji + wniosek o podwyżkę,99.34
2020-02-01,Poland,PL,rozmowa o podwyżce + negocjacja pensji + wniosek o podwyżkę,99.31
2020-03-01,Poland,PL,rozmowa o podwyżce + negocjacja pensji + wniosek o podwyżkę,97.28
2020-04-01,Poland,PL,rozmowa o podwyżce + negocjacja pensji + wniosek o podwyżkę,93.25
2020-05-01,Poland,PL,rozmowa o podwyżce + negocjacja pensji + wniosek o podwyżkę,91.23
2020-06-01,Poland,PL,rozmowa o podwyżce + negocjacja pensji + wniosek o podwyżkę,91.22
2020-07-01,Poland,PL,rozmowa o podwyżce + negocjacja pensji + wniosek o podwyżkę,91.21
2020-08-01,Poland,PL,rozmowa o podwyżce + negocjacja pensji + wniosek o podwyżkę,91.21
2020-09-01,Poland,PL,rozmowa o podwyżce + negocjacja pensji + wniosek o podwyżkę,91.21
2020-10-01,Poland,PL,rozmowa o podwyżce + negocjacja pensji + wniosek o podwyżkę,91.21
2020-11-01,Poland,PL,rozmowa o podwyżce + negocjacja pensji + wniosek o podwyżkę,91.21
2020-12-01,Poland,PL,rozmowa o podwyżce + negocjacja pensji + wniosek o podwyżkę,91.21
2021-01-01,Poland,PL,rozmowa o podwyżce + negocjacja pensji + wniosek o podwyżkę,91.22
2021-02-01,Poland,PL,rozmowa o podwyżce + negocjacja pensji + wniosek o podwyżkę,91.23
2021-03-01,Poland,PL,rozmowa o podwyżce + negocjacja pensji + wniosek o podwyżkę,93.25
2021-04-01,Poland,PL,rozmowa o podwyżce + negocjacja pensji + wniosek o podwyżkę,97.28
2021-05-01,Poland,PL,rozmowa o podwyżce + negocjacja pensji + wniosek o podwyżkę,99.31
2021-06-01,Poland,PL,rozmowa o podwyżce + negocjacja pensji + wniosek o podwyżkę,99.34
2021-07-01,Poland,PL,rozmowa o podwyżce + negocjacja pensji + wniosek o podwyżkę,99.37
2021-08-01,Poland,PL,rozmowa o podwyżce + negocjacja pensji + wniosek o podwyżkę,99.42
2021-09-01,Poland,PL,rozmowa o podwyżce + negocjacja pensji + wniosek o podwyżkę,99.48
2021-10-01,Poland,PL,rozmowa o podwyżce + negocjacja pensji + wniosek o podwyżkę,99.55
2021-11-01,Poland,PL,rozmowa o podwyżce + negocjacja pensji + wniosek o podwyżkę,99.63
2021-12-01,Poland,PL,rozmowa o podwyżce + negocjacja pensji + wniosek o podwyżkę,99.72
2022-01-01,Poland,PL,rozmowa o podwyżce + negocjacja pensji + wniosek o podwyżkę,99.82
2022-02-01,Poland,PL,rozmowa o podwyżce + negocjacja pensji + wniosek o podwyżkę,99.92
2022-03-01,Poland,PL,rozmowa o podwyżce + negocjacja pensji + wniosek o podwyżkę,99.71
2022-04-01,Poland,PL,rozmowa o podwyżce + negocjacja pensji + wniosek o podwyżkę,99.17
2022-05-01,Poland,PL,rozmowa o podwyżce + negocjacja pensji + wniosek o podwyżkę,98.96
2022-06-01,Poland,PL,rozmowa o podwyżce + negocjacja pensji + wniosek o podwyżkę,99.08
2022-07-01,Poland,PL,rozmowa o podwyżce + negocjacja pensji + wniosek o podwyżkę,99.2
2022-08-01,Poland,PL,rozmowa o podwyżce + negocjacja pensji + wniosek o podwyżkę,99.31
2022-09-01,Poland,PL,rozmowa o podwyżce + negocjacja pensji + wniosek o podwyżkę,99.42
2022-10-01,Poland,PL,rozmowa o podwyżce + negocjacja pensji + wniosek o podwyżkę,99.52
2022-11-01,Poland,PL,rozmowa o podwyżce + negocjacja pensji + wniosek o podwyżkę,99.61
2022-12-01,Poland,PL,rozmowa o podwyżce + negocjacja pensji + wniosek o podwyżkę,99.7
2023-01-01,Poland,PL,rozmowa o podwyżce + negocjacja pensji + wniosek o podwyżkę,99.77
2023-02-01,Poland,PL,rozmowa o podwyżce + negocjacja pensji + wniosek o podwyżkę,99.83
2023-03-01,Poland,PL,rozmowa o podwyżce + negocjacja pensji + wniosek o podwyżkę,99.67
2023-04-01,Poland,PL,rozmowa o podwyżce + negocjacja pensji + wniosek o podwyżkę,99.3
2023-05-01,Poland,PL,rozmowa o podwyżce + negocjacja pensji + wniosek o podwyżkę,99.11
2023-06-01,Poland,PL,rozmowa o podwyżce + negocjacja pensji + wniosek o podwyżkę,99.12
2023-07-01,Poland,PL,rozmowa o podwyżce + negocjacja pensji + wniosek o podwyżkę,99.12
2023-08-01,Poland,PL,rozmowa o podwyżce + negocjacja pensji + wniosek o podwyżkę,99.1
2023-09-01,Poland,PL,rozmowa o podwyżce + negocjacja pensji + wniosek o podwyżkę,99.02
2023-10-01,Poland,PL,rozmowa o podwyżce + negocjacja pensji + wniosek o podwyżkę,99.24
2023-11-01,Poland,PL,rozmowa o podwyżce + negocjacja pensji + wniosek o podwyżkę,99.78
2023-12-01,Poland,PL,rozmowa o podwyżce + negocjacja pensji + wniosek o podwyżkę,100
2024-01-01,Poland,PL,rozmowa o podwyżce + negocjacja pensji + wniosek o podwyżkę,99.91
2024-02-01,Poland,PL,rozmowa o podwyżce + negocjacja pensji + wniosek o podwyżkę,99.81
2024-03-01,Poland,PL,rozmowa o podwyżce + negocjacja pensji + wniosek o podwyżkę,99.72
2024-04-01,Poland,PL,rozmowa o podwyżce + negocjacja pensji + wniosek o podwyżkę,99.61
2024-05-01,Poland,PL,rozmowa o podwyżce + negocjacja pensji + wniosek o podwyżkę,99.5
2024-06-01,Poland,PL,rozmowa o podwyżce + negocjacja pensji + wniosek o podwyżkę,99.39
2024-07-01,Poland,PL,rozmowa o podwyżce + negocjacja pensji + wniosek o podwyżkę,99.28
2024-08-01,Poland,PL,rozmowa o podwyżce + negocjacja pensji + wniosek o podwyżkę,99.17
2024-09-01,Poland,PL,rozmowa o podwyżce + negocjacja pensji + wniosek o podwyżkę,99.14
2024-10-01,Poland,PL,rozmowa o podwyżce + negocjacja pensji + wniosek o podwyżkę,99.26
2024-11-01,Poland,PL,rozmowa o podwyżce + negocjacja pensji + wniosek o podwyżkę,99.53
2024-12-01,Poland,PL,rozmowa o podwyżce + negocjacja pensji + wniosek o podwyżkę,99.64
2025-01-01,Poland,PL,rozmowa o podwyżce + negocjacja pensji + wniosek o podwyżkę,99.61
2025-02-01,Poland,PL,rozmowa o podwyżce + negocjacja pensji + wniosek o podwyżkę,99.58
2025-03-01,Poland,PL,rozmowa o podwyżce + negocjacja pensji + wniosek o podwyżkę,99.54
2025-04-01,Poland,PL,rozmowa o podwyżce + negocjacja pensji + wniosek o podwyżkę,99.5
2025-05-01,Poland,PL,rozmowa o podwyżce + negocjacja pensji + wniosek o podwyżkę,99.47
2025-06-01,Poland,PL,rozmowa o podwyżce + negocjacja pensji + wniosek o podwyżkę,99.43
2025-07-01,Poland,PL,rozmowa o podwyżce + negocjacja pensji + wniosek o podwyżkę,99.4
2025-08-01,Poland,PL,rozmowa o podwyżce + negocjacja pensji + wniosek o podwyżkę,99.37
2025-09-01,Poland,PL,rozmowa o podwyżce + negocjacja pensji + wniosek o podwyżkę,99.35
2025-10-01,Poland,PL,rozmowa o podwyżce + negocjacja pensji + wniosek o podwyżkę,97.33
2025-11-01,Poland,PL,rozmowa o podwyżce + negocjacja pensji + wniosek o podwyżkę,93.29
2025-12-01,Poland,PL,rozmowa o podwyżce + negocjacja pensji + wniosek o podwyżkę,91.26
2026-01-01,Poland,PL,rozmowa o podwyżce + negocjacja pensji + wniosek o podwyżkę,91.24
2026-02-01,Poland,PL,rozmowa o podwyżce + negocjacja pensji + wniosek o podwyżkę,91.23
2026-03-01,Poland,PL,rozmowa o podwyżce + negocjacja pensji + wniosek o podwyżkę,91.21
2026-04-01,Poland,PL,rozmowa o podwyżce + negocjacja pensji + wniosek o podwyżkę,91.19
2026-05-01,Poland,PL,rozmowa o podwyżce + negocjacja pensji + wniosek o podwyżkę,91.17
2026-06-01,Poland,PL,rozmowa o podwyżce + negocjacja pensji + wniosek o podwyżkę,91.15
2026-07-01,Poland,PL,rozmowa o podwyżce + negocjacja pensji + wniosek o podwyżkę,91.12
2026-08-01,Poland,PL,rozmowa o podwyżce + negocjacja pensji + wniosek o podwyżkę,91.1
2004-01-01,Poland,PL,wzrost wynagrodzeń + wzrost płac,0
2004-02-01,Poland,PL,wzrost wynagrodzeń + wzrost płac,0
2004-03-01,Poland,PL,wzrost wynagrodzeń + wzrost płac,0.14
2004-04-01,Poland,PL,wzrost wynagrodzeń + wzrost płac,0.52
2004-05-01,Poland,PL,wzrost wynagrodzeń + wzrost płac,0.94
2004-06-01,Poland,PL,wzrost wynagrodzeń + wzrost płac,2.16
2004-07-01,Poland,PL,wzrost wynagrodzeń + wzrost płac,3.11
2004-08-01,Poland,PL,wzrost wynagrodzeń + wzrost płac,2.72
2004-09-01,Poland,PL,wzrost wynagrodzeń + wzrost płac,2.42
2004-10-01,Poland,PL,wzrost wynagrodzeń + wzrost płac,2.18
2004-11-01,Poland,PL,wzrost wynagrodzeń + wzrost płac,1.98
2004-12-01,Poland,PL,wzrost wynagrodzeń + wzrost płac,1.81
2005-01-01,Poland,PL,wzrost wynagrodzeń + wzrost płac,1.81
2005-02-01,Poland,PL,wzrost wynagrodzeń + wzrost płac,1.81
2005-03-01,Poland,PL,wzrost wynagrodzeń + wzrost płac,1.83
2005-04-01,Poland,PL,wzrost wynagrodzeń + wzrost płac,1.85
2005-05-01,Poland,PL,wzrost wynagrodzeń + wzrost płac,1.85
2005-06-01,Poland,PL,wzrost wynagrodzeń + wzrost płac,1.91
2005-07-01,Poland,PL,wzrost wynagrodzeń + wzrost płac,2.02
2005-08-01,Poland,PL,wzrost wynagrodzeń + wzrost płac,2.02
2005-09-01,Poland,PL,wzrost wynagrodzeń + wzrost płac,2.02
2005-10-01,Poland,PL,wzrost wynagrodzeń + wzrost płac,2.02
2005-11-01,Poland,PL,wzrost wynagrodzeń + wzrost płac,2.02
2005-12-01,Poland,PL,wzrost wynagrodzeń + wzrost płac,2.02
2006-01-01,Poland,PL,wzrost wynagrodzeń + wzrost płac,2.02
2006-02-01,Poland,PL,wzrost wynagrodzeń + wzrost płac,2.02
2006-03-01,Poland,PL,wzrost wynagrodzeń + wzrost płac,2.06
2006-04-01,Poland,PL,wzrost wynagrodzeń + wzrost płac,2.12
2006-05-01,Poland,PL,wzrost wynagrodzeń + wzrost płac,2.14
2006-06-01,Poland,PL,wzrost wynagrodzeń + wzrost płac,2.25
2006-07-01,Poland,PL,wzrost wynagrodzeń + wzrost płac,4.33
2006-08-01,Poland,PL,wzrost wynagrodzeń + wzrost płac,9.89
2006-09-01,Poland,PL,wzrost wynagrodzeń + wzrost płac,15.06
2006-10-01,Poland,PL,wzrost wynagrodzeń + wzrost płac,18.72
2006-11-01,Poland,PL,wzrost wynagrodzeń + wzrost płac,22.38
2006-12-01,Poland,PL,wzrost wynagrodzeń + wzrost płac,25.73
2007-01-01,Poland,PL,wzrost wynagrodzeń + wzrost płac,30.35
2007-02-01,Poland,PL,wzrost wynagrodzeń + wzrost płac,37.13
2007-03-01,Poland,PL,wzrost wynagrodzeń + wzrost płac,44.82
2007-04-01,Poland,PL,wzrost wynagrodzeń + wzrost płac,52.53
2007-05-01,Poland,PL,wzrost wynagrodzeń + wzrost płac,60.14
2007-06-01,Poland,PL,wzrost wynagrodzeń + wzrost płac,66.13
2007-07-01,Poland,PL,wzrost wynagrodzeń + wzrost płac,68.53
2007-08-01,Poland,PL,wzrost wynagrodzeń + wzrost płac,68.78
2007-09-01,Poland,PL,wzrost wynagrodzeń + wzrost płac,70.66
2007-10-01,Poland,PL,wzrost wynagrodzeń + wzrost płac,74.26
2007-11-01,Poland,PL,wzrost wynagrodzeń + wzrost płac,77.72
2007-12-01,Poland,PL,wzrost wynagrodzeń + wzrost płac,82.89
2008-01-01,Poland,PL,wzrost wynagrodzeń + wzrost płac,87.71
2008-02-01,Poland,PL,wzrost wynagrodzeń + wzrost płac,89.07
2008-03-01,Poland,PL,wzrost wynagrodzeń + wzrost płac,89.28
2008-04-01,Poland,PL,wzrost wynagrodzeń + wzrost płac,89.78
2008-05-01,Poland,PL,wzrost wynagrodzeń + wzrost płac,90.07
2008-06-01,Poland,PL,wzrost wynagrodzeń + wzrost płac,92.4
2008-07-01,Poland,PL,wzrost wynagrodzeń + wzrost płac,96.88
2008-08-01,Poland,PL,wzrost wynagrodzeń + wzrost płac,99.64
2008-09-01,Poland,PL,wzrost wynagrodzeń + wzrost płac,100
2008-10-01,Poland,PL,wzrost wynagrodzeń + wzrost płac,99.38
2008-11-01,Poland,PL,wzrost wynagrodzeń + wzrost płac,98.6
2008-12-01,Poland,PL,wzrost wynagrodzeń + wzrost płac,96.1
2009-01-01,Poland,PL,wzrost wynagrodzeń + wzrost płac,91.8
2009-02-01,Poland,PL,wzrost wynagrodzeń + wzrost płac,87.56
2009-03-01,Poland,PL,wzrost wynagrodzeń + wzrost płac,81.72
2009-04-01,Poland,PL,wzrost wynagrodzeń + wzrost płac,76.41
2009-05-01,Poland,PL,wzrost wynagrodzeń + wzrost płac,73.15
2009-06-01,Poland,PL,wzrost wynagrodzeń + wzrost płac,67.88
2009-07-01,Poland,PL,wzrost wynagrodzeń + wzrost płac,60.69
2009-08-01,Poland,PL,wzrost wynagrodzeń + wzrost płac,53.52
2009-09-01,Poland,PL,wzrost wynagrodzeń + wzrost płac,47.93
2009-10-01,Poland,PL,wzrost wynagrodzeń + wzrost płac,45.76
2009-11-01,Poland,PL,wzrost wynagrodzeń + wzrost płac,45.5
2009-12-01,Poland,PL,wzrost wynagrodzeń + wzrost płac,45.61
2010-01-01,Poland,PL,wzrost wynagrodzeń + wzrost płac,45.87
2010-02-01,Poland,PL,wzrost wynagrodzeń + wzrost płac,47.54
2010-03-01,Poland,PL,wzrost wynagrodzeń + wzrost płac,50.71
2010-04-01,Poland,PL,wzrost wynagrodzeń + wzrost płac,50.2
2010-05-01,Poland,PL,wzrost wynagrodzeń + wzrost płac,46.02
2010-06-01,Poland,PL,wzrost wynagrodzeń + wzrost płac,43.97
2010-07-01,Poland,PL,wzrost wynagrodzeń + wzrost płac,46.37
2010-08-01,Poland,PL,wzrost wynagrodzeń + wzrost płac,52.66
2010-09-01,Poland,PL,wzrost wynagrodzeń + wzrost płac,58.69
2010-10-01,Poland,PL,wzrost wynagrodzeń + wzrost płac,61.3
2010-11-01,Poland,PL,wzrost wynagrodzeń + wzrost płac,60.01
2010-12-01,Poland,PL,wzrost wynagrodzeń + wzrost płac,56.45
2011-01-01,Poland,PL,wzrost wynagrodzeń + wzrost płac,54.78
2011-02-01,Poland,PL,wzrost wynagrodzeń + wzrost płac,54.49
2011-03-01,Poland,PL,wzrost wynagrodzeń + wzrost płac,55.29
2011-04-01,Poland,PL,wzrost wynagrodzeń + wzrost płac,59.78
2011-05-01,Poland,PL,wzrost wynagrodzeń + wzrost płac,66.43
2011-06-01,Poland,PL,wzrost wynagrodzeń + wzrost płac,71.47
2011-07-01,Poland,PL,wzrost wynagrodzeń + wzrost płac,71.71
2011-08-01,Poland,PL,wzrost wynagrodzeń + wzrost płac,68.51
2011-09-01,Poland,PL,wzrost wynagrodzeń + wzrost płac,65.15
2011-10-01,Poland,PL,wzrost wynagrodzeń + wzrost płac,62.53
2011-11-01,Poland,PL,wzrost wynagrodzeń + wzrost płac,63.88
2011-12-01,Poland,PL,wzrost wynagrodzeń + wzrost płac,68.13
2012-01-01,Poland,PL,wzrost wynagrodzeń + wzrost płac,70.1
2012-02-01,Poland,PL,wzrost wynagrodzeń + wzrost płac,70.05
2012-03-01,Poland,PL,wzrost wynagrodzeń + wzrost płac,69.35
2012-04-01,Poland,PL,wzrost wynagrodzeń + wzrost płac,68.06
2012-05-01,Poland,PL,wzrost wynagrodzeń + wzrost płac,66.68
2012-06-01,Poland,PL,wzrost wynagrodzeń + wzrost płac,65.61
2012-07-01,Poland,PL,wzrost wynagrodzeń + wzrost płac,65.62
2012-08-01,Poland,PL,wzrost wynagrodzeń + wzrost płac,66.5
2012-09-01,Poland,PL,wzrost wynagrodzeń + wzrost płac,67.2
2012-10-01,Poland,PL,wzrost wynagrodzeń + wzrost płac,66.13
2012-11-01,Poland,PL,wzrost wynagrodzeń + wzrost płac,63.3
2012-12-01,Poland,PL,wzrost wynagrodzeń + wzrost płac,61.49
2013-01-01,Poland,PL,wzrost wynagrodzeń + wzrost płac,61.3
2013-02-01,Poland,PL,wzrost wynagrodzeń + wzrost płac,61.42
2013-03-01,Poland,PL,wzrost wynagrodzeń + wzrost płac,61.34
2013-04-01,Poland,PL,wzrost wynagrodzeń + wzrost płac,60.89
2013-05-01,Poland,PL,wzrost wynagrodzeń + wzrost płac,60.27
2013-06-01,Poland,PL,wzrost wynagrodzeń + wzrost płac,59.85
2013-07-01,Poland,PL,wzrost wynagrodzeń + wzrost płac,59.82
2013-08-01,Poland,PL,wzrost wynagrodzeń + wzrost płac,58.15
2013-09-01,Poland,PL,wzrost wynagrodzeń + wzrost płac,56.19
2013-10-01,Poland,PL,wzrost wynagrodzeń + wzrost płac,57.88
2013-11-01,Poland,PL,wzrost wynagrodzeń + wzrost płac,59.98
2013-12-01,Poland,PL,wzrost wynagrodzeń + wzrost płac,60.07
2014-01-01,Poland,PL,wzrost wynagrodzeń + wzrost płac,60.06
2014-02-01,Poland,PL,wzrost wynagrodzeń + wzrost płac,60.27
2014-03-01,Poland,PL,wzrost wynagrodzeń + wzrost płac,60.71
2014-04-01,Poland,PL,wzrost wynagrodzeń + wzrost płac,61.38
2014-05-01,Poland,PL,wzrost wynagrodzeń + wzrost płac,61.88
2014-06-01,Poland,PL,wzrost wynagrodzeń + wzrost płac,62.04
2014-07-01,Poland,PL,wzrost wynagrodzeń + wzrost płac,61.56
2014-08-01,Poland,PL,wzrost wynagrodzeń + wzrost płac,62.63
2014-09-01,Poland,PL,wzrost wynagrodzeń + wzrost płac,65.74
2014-10-01,Poland,PL,wzrost wynagrodzeń + wzrost płac,66.73
2014-11-01,Poland,PL,wzrost wynagrodzeń + wzrost płac,66.12
2014-12-01,Poland,PL,wzrost wynagrodzeń + wzrost płac,66.3
2015-01-01,Poland,PL,wzrost wynagrodzeń + wzrost płac,66.81
2015-02-01,Poland,PL,wzrost wynagrodzeń + wzrost płac,67.34
2015-03-01,Poland,PL,wzrost wynagrodzeń + wzrost płac,68.18
2015-04-01,Poland,PL,wzrost wynagrodzeń + wzrost płac,69.33
2015-05-01,Poland,PL,wzrost wynagrodzeń + wzrost płac,70.2
2015-06-01,Poland,PL,wzrost wynagrodzeń + wzrost płac,70.29
2015-07-01,Poland,PL,wzrost wynagrodzeń + wzrost płac,71.25
2015-08-01,Poland,PL,wzrost wynagrodzeń + wzrost płac,73.77
2015-09-01,Poland,PL,wzrost wynagrodzeń + wzrost płac,74.95
2015-10-01,Poland,PL,wzrost wynagrodzeń + wzrost płac,76.25
2015-11-01,Poland,PL,wzrost wynagrodzeń + wzrost płac,79.39
2015-12-01,Poland,PL,wzrost wynagrodzeń + wzrost płac,81.38
2016-01-01,Poland,PL,wzrost wynagrodzeń + wzrost płac,82.05
2016-02-01,Poland,PL,wzrost wynagrodzeń + wzrost płac,82.7
2016-03-01,Poland,PL,wzrost wynagrodzeń + wzrost płac,81.51
2016-04-01,Poland,PL,wzrost wynagrodzeń + wzrost płac,78.48
2016-05-01,Poland,PL,wzrost wynagrodzeń + wzrost płac,77.27
2016-06-01,Poland,PL,wzrost wynagrodzeń + wzrost płac,79.22
2016-07-01,Poland,PL,wzrost wynagrodzeń + wzrost płac,82.02
2016-08-01,Poland,PL,wzrost wynagrodzeń + wzrost płac,82.79
2016-09-01,Poland,PL,wzrost wynagrodzeń + wzrost płac,82.49
2016-10-01,Poland,PL,wzrost wynagrodzeń + wzrost płac,82.38
2016-11-01,Poland,PL,wzrost wynagrodzeń + wzrost płac,81.95
2016-12-01,Poland,PL,wzrost wynagrodzeń + wzrost płac,81.99
2017-01-01,Poland,PL,wzrost wynagrodzeń + wzrost płac,82.5
2017-02-01,Poland,PL,wzrost wynagrodzeń + wzrost płac,82.98
2017-03-01,Poland,PL,wzrost wynagrodzeń + wzrost płac,85.26
2017-04-01,Poland,PL,wzrost wynagrodzeń + wzrost płac,89.35
2017-05-01,Poland,PL,wzrost wynagrodzeń + wzrost płac,91.58
2017-06-01,Poland,PL,wzrost wynagrodzeń + wzrost płac,91.47
2017-07-01,Poland,PL,wzrost wynagrodzeń + wzrost płac,90.66
2017-08-01,Poland,PL,wzrost wynagrodzeń + wzrost płac,90.15
2017-09-01,Poland,PL,wzrost wynagrodzeń + wzrost płac,90.29
2017-10-01,Poland,PL,wzrost wynagrodzeń + wzrost płac,90.43
2017-11-01,Poland,PL,wzrost wynagrodzeń + wzrost płac,90.37
2017-12-01,Poland,PL,wzrost wynagrodzeń + wzrost płac,90.48
2018-01-01,Poland,PL,wzrost wynagrodzeń + wzrost płac,90.76
2018-02-01,Poland,PL,wzrost wynagrodzeń + wzrost płac,91.03
2018-03-01,Poland,PL,wzrost wynagrodzeń + wzrost płac,90.99
2018-04-01,Poland,PL,wzrost wynagrodzeń + wzrost płac,90.62
2018-05-01,Poland,PL,wzrost wynagrodzeń + wzrost płac,90.54
2018-06-01,Poland,PL,wzrost wynagrodzeń + wzrost płac,90.55
2018-07-01,Poland,PL,wzrost wynagrodzeń + wzrost płac,90.35
2018-08-01,Poland,PL,wzrost wynagrodzeń + wzrost płac,90.33
2018-09-01,Poland,PL,wzrost wynagrodzeń + wzrost płac,90.48
2018-10-01,Poland,PL,wzrost wynagrodzeń + wzrost płac,90.61
2018-11-01,Poland,PL,wzrost wynagrodzeń + wzrost płac,90.72
2018-12-01,Poland,PL,wzrost wynagrodzeń + wzrost płac,90.82
2019-01-01,Poland,PL,wzrost wynagrodzeń + wzrost płac,90.9
2019-02-01,Poland,PL,wzrost wynagrodzeń + wzrost płac,90.98
2019-03-01,Poland,PL,wzrost wynagrodzeń + wzrost płac,90.86
2019-04-01,Poland,PL,wzrost wynagrodzeń + wzrost płac,90.55
2019-05-01,Poland,PL,wzrost wynagrodzeń + wzrost płac,90.42
2019-06-01,Poland,PL,wzrost wynagrodzeń + wzrost płac,90.49
2019-07-01,Poland,PL,wzrost wynagrodzeń + wzrost płac,90.54
2019-08-01,Poland,PL,wzrost wynagrodzeń + wzrost płac,90.59
2019-09-01,Poland,PL,wzrost wynagrodzeń + wzrost płac,90.63
2019-10-01,Poland,PL,wzrost wynagrodzeń + wzrost płac,90.65
2019-11-01,Poland,PL,wzrost wynagrodzeń + wzrost płac,90.67
2019-12-01,Poland,PL,wzrost wynagrodzeń + wzrost płac,90.68
2020-01-01,Poland,PL,wzrost wynagrodzeń + wzrost płac,90.68
2020-02-01,Poland,PL,wzrost wynagrodzeń + wzrost płac,90.68
2020-03-01,Poland,PL,wzrost wynagrodzeń + wzrost płac,90.68
2020-04-01,Poland,PL,wzrost wynagrodzeń + wzrost płac,90.67
2020-05-01,Poland,PL,wzrost wynagrodzeń + wzrost płac,90.67
2020-06-01,Poland,PL,wzrost wynagrodzeń + wzrost płac,90.67
2020-07-01,Poland,PL,wzrost wynagrodzeń + wzrost płac,90.66
2020-08-01,Poland,PL,wzrost wynagrodzeń + wzrost płac,90.66
2020-09-01,Poland,PL,wzrost wynagrodzeń + wzrost płac,90.65
2020-10-01,Poland,PL,wzrost wynagrodzeń + wzrost płac,90.65
2020-11-01,Poland,PL,wzrost wynagrodzeń + wzrost płac,90.65
2020-12-01,Poland,PL,wzrost wynagrodzeń + wzrost płac,90.65
2021-01-01,Poland,PL,wzrost wynagrodzeń + wzrost płac,90.65
2021-02-01,Poland,PL,wzrost wynagrodzeń + wzrost płac,90.65
2021-03-01,Poland,PL,wzrost wynagrodzeń + wzrost płac,90.65
2021-04-01,Poland,PL,wzrost wynagrodzeń + wzrost płac,90.65
2021-05-01,Poland,PL,wzrost wynagrodzeń + wzrost płac,90.65
2021-06-01,Poland,PL,wzrost wynagrodzeń + wzrost płac,90.65
2021-07-01,Poland,PL,wzrost wynagrodzeń + wzrost płac,90.65
2021-08-01,Poland,PL,wzrost wynagrodzeń + wzrost płac,90.65
2021-09-01,Poland,PL,wzrost wynagrodzeń + wzrost płac,90.65
2021-10-01,Poland,PL,wzrost wynagrodzeń + wzrost płac,90.65
2021-11-01,Poland,PL,wzrost wynagrodzeń + wzrost płac,90.65
2021-12-01,Poland,PL,wzrost wynagrodzeń + wzrost płac,90.65
2022-01-01,Poland,PL,wzrost wynagrodzeń + wzrost płac,90.65
2022-02-01,Poland,PL,wzrost wynagrodzeń + wzrost płac,90.65
2022-03-01,Poland,PL,wzrost wynagrodzeń + wzrost płac,90.65
2022-04-01,Poland,PL,wzrost wynagrodzeń + wzrost płac,90.65
2022-05-01,Poland,PL,wzrost wynagrodzeń + wzrost płac,90.65
2022-06-01,Poland,PL,wzrost wynagrodzeń + wzrost płac,90.65
2022-07-01,Poland,PL,wzrost wynagrodzeń + wzrost płac,90.65
2022-08-01,Poland,PL,wzrost wynagrodzeń + wzrost płac,90.65
2022-09-01,Poland,PL,wzrost wynagrodzeń + wzrost płac,90.65
2022-10-01,Poland,PL,wzrost wynagrodzeń + wzrost płac,90.65
2022-11-01,Poland,PL,wzrost wynagrodzeń + wzrost płac,90.65
2022-12-01,Poland,PL,wzrost wynagrodzeń + wzrost płac,90.65
2023-01-01,Poland,PL,wzrost wynagrodzeń + wzrost płac,90.65
2023-02-01,Poland,PL,wzrost wynagrodzeń + wzrost płac,90.65
2023-03-01,Poland,PL,wzrost wynagrodzeń + wzrost płac,90.65
2023-04-01,Poland,PL,wzrost wynagrodzeń + wzrost płac,90.65
2023-05-01,Poland,PL,wzrost wynagrodzeń + wzrost płac,90.65
2023-06-01,Poland,PL,wzrost wynagrodzeń + wzrost płac,90.65
2023-07-01,Poland,PL,wzrost wynagrodzeń + wzrost płac,90.65
2023-08-01,Poland,PL,wzrost wynagrodzeń + wzrost płac,90.65
2023-09-01,Poland,PL,wzrost wynagrodzeń + wzrost płac,90.65
2023-10-01,Poland,PL,wzrost wynagrodzeń + wzrost płac,90.65
2023-11-01,Poland,PL,wzrost wynagrodzeń + wzrost płac,90.65
2023-12-01,Poland,PL,wzrost wynagrodzeń + wzrost płac,90.65
2024-01-01,Poland,PL,wzrost wynagrodzeń + wzrost płac,90.65
2024-02-01,Poland,PL,wzrost wynagrodzeń + wzrost płac,90.65
2024-03-01,Poland,PL,wzrost wynagrodzeń + wzrost płac,90.65
2024-04-01,Poland,PL,wzrost wynagrodzeń + wzrost płac,90.65
2024-05-01,Poland,PL,wzrost wynagrodzeń + wzrost płac,90.65
2024-06-01,Poland,PL,wzrost wynagrodzeń + wzrost płac,90.65
2024-07-01,Poland,PL,wzrost wynagrodzeń + wzrost płac,90.65
2024-08-01,Poland,PL,wzrost wynagrodzeń + wzrost płac,90.65
2024-09-01,Poland,PL,wzrost wynagrodzeń + wzrost płac,90.65
2024-10-01,Poland,PL,wzrost wynagrodzeń + wzrost płac,90.65
2024-11-01,Poland,PL,wzrost wynagrodzeń + wzrost płac,90.65
2024-12-01,Poland,PL,wzrost wynagrodzeń + wzrost płac,90.65
2025-01-01,Poland,PL,wzrost wynagrodzeń + wzrost płac,90.65
2025-02-01,Poland,PL,wzrost wynagrodzeń + wzrost płac,90.65
2025-03-01,Poland,PL,wzrost wynagrodzeń + wzrost płac,90.65
2025-04-01,Poland,PL,wzrost wynagrodzeń + wzrost płac,90.65
2025-05-01,Poland,PL,wzrost wynagrodzeń + wzrost płac,90.65
2025-06-01,Poland,PL,wzrost wynagrodzeń + wzrost płac,90.65
2025-07-01,Poland,PL,wzrost wynagrodzeń + wzrost płac,90.65
2025-08-01,Poland,PL,wzrost wynagrodzeń + wzrost płac,90.65
2025-09-01,Poland,PL,wzrost wynagrodzeń + wzrost płac,90.65
2025-10-01,Poland,PL,wzrost wynagrodzeń + wzrost płac,90.65
2025-11-01,Poland,PL,wzrost wynagrodzeń + wzrost płac,90.65
2025-12-01,Poland,PL,wzrost wynagrodzeń + wzrost płac,90.65
2026-01-01,Poland,PL,wzrost wynagrodzeń + wzrost płac,90.65
2026-02-01,Poland,PL,wzrost wynagrodzeń + wzrost płac,90.65
2026-03-01,Poland,PL,wzrost wynagrodzeń + wzrost płac,90.65
2026-04-01,Poland,PL,wzrost wynagrodzeń + wzrost płac,90.65
2026-05-01,Poland,PL,wzrost wynagrodzeń + wzrost płac,90.65
2026-06-01,Poland,PL,wzrost wynagrodzeń + wzrost płac,90.65
2026-07-01,Poland,PL,wzrost wynagrodzeń + wzrost płac,90.65
2026-08-01,Poland,PL,wzrost wynagrodzeń + wzrost płac,90.65
2004-01-01,Poland,PL,zarobki + ile zarabia + kalkulator wynagrodzeń,0.53
2004-02-01,Poland,PL,zarobki + ile zarabia + kalkulator wynagrodzeń,0
2004-03-01,Poland,PL,zarobki + ile zarabia + kalkulator wynagrodzeń,0.56
2004-04-01,Poland,PL,zarobki + ile zarabia + kalkulator wynagrodzeń,0.88
2004-05-01,Poland,PL,zarobki + ile zarabia + kalkulator wynagrodzeń,0.71
2004-06-01,Poland,PL,zarobki + ile zarabia + kalkulator wynagrodzeń,0.61
2004-07-01,Poland,PL,zarobki + ile zarabia + kalkulator wynagrodzeń,0.66
2004-08-01,Poland,PL,zarobki + ile zarabia + kalkulator wynagrodzeń,0.82
2004-09-01,Poland,PL,zarobki + ile zarabia + kalkulator wynagrodzeń,1.06
2004-10-01,Poland,PL,zarobki + ile zarabia + kalkulator wynagrodzeń,1.22
2004-11-01,Poland,PL,zarobki + ile zarabia + kalkulator wynagrodzeń,1.29
2004-12-01,Poland,PL,zarobki + ile zarabia + kalkulator wynagrodzeń,1.35
2005-01-01,Poland,PL,zarobki + ile zarabia + kalkulator wynagrodzeń,1.49
2005-02-01,Poland,PL,zarobki + ile zarabia + kalkulator wynagrodzeń,1.78
2005-03-01,Poland,PL,zarobki + ile zarabia + kalkulator wynagrodzeń,1.86
2005-04-01,Poland,PL,zarobki + ile zarabia + kalkulator wynagrodzeń,1.9
2005-05-01,Poland,PL,zarobki + ile zarabia + kalkulator wynagrodzeń,2.12
2005-06-01,Poland,PL,zarobki + ile zarabia + kalkulator wynagrodzeń,2.34
2005-07-01,Poland,PL,zarobki + ile zarabia + kalkulator wynagrodzeń,2.48
2005-08-01,Poland,PL,zarobki + ile zarabia + kalkulator wynagrodzeń,2.56
2005-09-01,Poland,PL,zarobki + ile zarabia + kalkulator wynagrodzeń,2.56
2005-10-01,Poland,PL,zarobki + ile zarabia + kalkulator wynagrodzeń,2.72
2005-11-01,Poland,PL,zarobki + ile zarabia + kalkulator wynagrodzeń,3.07
2005-12-01,Poland,PL,zarobki + ile zarabia + kalkulator wynagrodzeń,3.37
2006-01-01,Poland,PL,zarobki + ile zarabia + kalkulator wynagrodzeń,3.58
2006-02-01,Poland,PL,zarobki + ile zarabia + kalkulator wynagrodzeń,3.82
2006-03-01,Poland,PL,zarobki + ile zarabia + kalkulator wynagrodzeń,4.16
2006-04-01,Poland,PL,zarobki + ile zarabia + kalkulator wynagrodzeń,4.54
2006-05-01,Poland,PL,zarobki + ile zarabia + kalkulator wynagrodzeń,4.91
2006-06-01,Poland,PL,zarobki + ile zarabia + kalkulator wynagrodzeń,5.27
2006-07-01,Poland,PL,zarobki + ile zarabia + kalkulator wynagrodzeń,5.64
2006-08-01,Poland,PL,zarobki + ile zarabia + kalkulator wynagrodzeń,6.09
2006-09-01,Poland,PL,zarobki + ile zarabia + kalkulator wynagrodzeń,6.63
2006-10-01,Poland,PL,zarobki + ile zarabia + kalkulator wynagrodzeń,7.1
2006-11-01,Poland,PL,zarobki + ile zarabia + kalkulator wynagrodzeń,7.45
2006-12-01,Poland,PL,zarobki + ile zarabia + kalkulator wynagrodzeń,7.82
2007-01-01,Poland,PL,zarobki + ile zarabia + kalkulator wynagrodzeń,8.27
2007-02-01,Poland,PL,zarobki + ile zarabia + kalkulator wynagrodzeń,8.71
2007-03-01,Poland,PL,zarobki + ile zarabia + kalkulator wynagrodzeń,9.22
2007-04-01,Poland,PL,zarobki + ile zarabia + kalkulator wynagrodzeń,9.91
2007-05-01,Poland,PL,zarobki + ile zarabia + kalkulator wynagrodzeń,10.83
2007-06-01,Poland,PL,zarobki + ile zarabia + kalkulator wynagrodzeń,11.93
2007-07-01,Poland,PL,zarobki + ile zarabia + kalkulator wynagrodzeń,13.12
2007-08-01,Poland,PL,zarobki + ile zarabia + kalkulator wynagrodzeń,14.21
2007-09-01,Poland,PL,zarobki + ile zarabia + kalkulator wynagrodzeń,15.2
2007-10-01,Poland,PL,zarobki + ile zarabia + kalkulator wynagrodzeń,16.22
2007-11-01,Poland,PL,zarobki + ile zarabia + kalkulator wynagrodzeń,17.29
2007-12-01,Poland,PL,zarobki + ile zarabia + kalkulator wynagrodzeń,18.45
2008-01-01,Poland,PL,zarobki + ile zarabia + kalkulator wynagrodzeń,19.63
2008-02-01,Poland,PL,zarobki + ile zarabia + kalkulator wynagrodzeń,20.76
2008-03-01,Poland,PL,zarobki + ile zarabia + kalkulator wynagrodzeń,21.77
2008-04-01,Poland,PL,zarobki + ile zarabia + kalkulator wynagrodzeń,22.64
2008-05-01,Poland,PL,zarobki + ile zarabia + kalkulator wynagrodzeń,23.29
2008-06-01,Poland,PL,zarobki + ile zarabia + kalkulator wynagrodzeń,23.76
2008-07-01,Poland,PL,zarobki + ile zarabia + kalkulator wynagrodzeń,24.15
2008-08-01,Poland,PL,zarobki + ile zarabia + kalkulator wynagrodzeń,24.52
2008-09-01,Poland,PL,zarobki + ile zarabia + kalkulator wynagrodzeń,24.84
2008-10-01,Poland,PL,zarobki + ile zarabia + kalkulator wynagrodzeń,25.08
2008-11-01,Poland,PL,zarobki + ile zarabia + kalkulator wynagrodzeń,25.32
2008-12-01,Poland,PL,zarobki + ile zarabia + kalkulator wynagrodzeń,25.74
2009-01-01,Poland,PL,zarobki + ile zarabia + kalkulator wynagrodzeń,26.24
2009-02-01,Poland,PL,zarobki + ile zarabia + kalkulator wynagrodzeń,26.57
2009-03-01,Poland,PL,zarobki + ile zarabia + kalkulator wynagrodzeń,26.79
2009-04-01,Poland,PL,zarobki + ile zarabia + kalkulator wynagrodzeń,26.96
2009-05-01,Poland,PL,zarobki + ile zarabia + kalkulator wynagrodzeń,27.18
2009-06-01,Poland,PL,zarobki + ile zarabia + kalkulator wynagrodzeń,27.46
2009-07-01,Poland,PL,zarobki + ile zarabia + kalkulator wynagrodzeń,27.77
2009-08-01,Poland,PL,zarobki + ile zarabia + kalkulator wynagrodzeń,28.32
2009-09-01,Poland,PL,zarobki + ile zarabia + kalkulator wynagrodzeń,29.25
2009-10-01,Poland,PL,zarobki + ile zarabia + kalkulator wynagrodzeń,30.36
2009-11-01,Poland,PL,zarobki + ile zarabia + kalkulator wynagrodzeń,31.39
2009-12-01,Poland,PL,zarobki + ile zarabia + kalkulator wynagrodzeń,32.21
2010-01-01,Poland,PL,zarobki + ile zarabia + kalkulator wynagrodzeń,33.03
2010-02-01,Poland,PL,zarobki + ile zarabia + kalkulator wynagrodzeń,34.16
2010-03-01,Poland,PL,zarobki + ile zarabia + kalkulator wynagrodzeń,35.42
2010-04-01,Poland,PL,zarobki + ile zarabia + kalkulator wynagrodzeń,36.66
2010-05-01,Poland,PL,zarobki + ile zarabia + kalkulator wynagrodzeń,37.82
2010-06-01,Poland,PL,zarobki + ile zarabia + kalkulator wynagrodzeń,39.04
2010-07-01,Poland,PL,zarobki + ile zarabia + kalkulator wynagrodzeń,40.44
2010-08-01,Poland,PL,zarobki + ile zarabia + kalkulator wynagrodzeń,41.62
2010-09-01,Poland,PL,zarobki + ile zarabia + kalkulator wynagrodzeń,42.28
2010-10-01,Poland,PL,zarobki + ile zarabia + kalkulator wynagrodzeń,42.8
2010-11-01,Poland,PL,zarobki + ile zarabia + kalkulator wynagrodzeń,43.46
2010-12-01,Poland,PL,zarobki + ile zarabia + kalkulator wynagrodzeń,44.19
2011-01-01,Poland,PL,zarobki + ile zarabia + kalkulator wynagrodzeń,44.97
2011-02-01,Poland,PL,zarobki + ile zarabia + kalkulator wynagrodzeń,45.7
2011-03-01,Poland,PL,zarobki + ile zarabia + kalkulator wynagrodzeń,46.5
2011-04-01,Poland,PL,zarobki + ile zarabia + kalkulator wynagrodzeń,47.47
2011-05-01,Poland,PL,zarobki + ile zarabia + kalkulator wynagrodzeń,48.44
2011-06-01,Poland,PL,zarobki + ile zarabia + kalkulator wynagrodzeń,49.18
2011-07-01,Poland,PL,zarobki + ile zarabia + kalkulator wynagrodzeń,49.67
2011-08-01,Poland,PL,zarobki + ile zarabia + kalkulator wynagrodzeń,50.34
2011-09-01,Poland,PL,zarobki + ile zarabia + kalkulator wynagrodzeń,51.26
2011-10-01,Poland,PL,zarobki + ile zarabia + kalkulator wynagrodzeń,51.99
2011-11-01,Poland,PL,zarobki + ile zarabia + kalkulator wynagrodzeń,52.53
2011-12-01,Poland,PL,zarobki + ile zarabia + kalkulator wynagrodzeń,53.03
2012-01-01,Poland,PL,zarobki + ile zarabia + kalkulator wynagrodzeń,53.35
2012-02-01,Poland,PL,zarobki + ile zarabia + kalkulator wynagrodzeń,53.55
2012-03-01,Poland,PL,zarobki + ile zarabia + kalkulator wynagrodzeń,53.66
2012-04-01,Poland,PL,zarobki + ile zarabia + kalkulator wynagrodzeń,53.59
2012-05-01,Poland,PL,zarobki + ile zarabia + kalkulator wynagrodzeń,53.66
2012-06-01,Poland,PL,zarobki + ile zarabia + kalkulator wynagrodzeń,53.96
2012-07-01,Poland,PL,zarobki + ile zarabia + kalkulator wynagrodzeń,54.07
2012-08-01,Poland,PL,zarobki + ile zarabia + kalkulator wynagrodzeń,53.74
2012-09-01,Poland,PL,zarobki + ile zarabia + kalkulator wynagrodzeń,53.31
2012-10-01,Poland,PL,zarobki + ile zarabia + kalkulator wynagrodzeń,53.01
2012-11-01,Poland,PL,zarobki + ile zarabia + kalkulator wynagrodzeń,52.66
2012-12-01,Poland,PL,zarobki + ile zarabia + kalkulator wynagrodzeń,52.23
2013-01-01,Poland,PL,zarobki + ile zarabia + kalkulator wynagrodzeń,51.89
2013-02-01,Poland,PL,zarobki + ile zarabia + kalkulator wynagrodzeń,51.48
2013-03-01,Poland,PL,zarobki + ile zarabia + kalkulator wynagrodzeń,50.9
2013-04-01,Poland,PL,zarobki + ile zarabia + kalkulator wynagrodzeń,50.26
2013-05-01,Poland,PL,zarobki + ile zarabia + kalkulator wynagrodzeń,49.52
2013-06-01,Poland,PL,zarobki + ile zarabia + kalkulator wynagrodzeń,48.76
2013-07-01,Poland,PL,zarobki + ile zarabia + kalkulator wynagrodzeń,48.27
2013-08-01,Poland,PL,zarobki + ile zarabia + kalkulator wynagrodzeń,48.02
2013-09-01,Poland,PL,zarobki + ile zarabia + kalkulator wynagrodzeń,47.89
2013-10-01,Poland,PL,zarobki + ile zarabia + kalkulator wynagrodzeń,48.03
2013-11-01,Poland,PL,zarobki + ile zarabia + kalkulator wynagrodzeń,48.31
2013-12-01,Poland,PL,zarobki + ile zarabia + kalkulator wynagrodzeń,48.43
2014-01-01,Poland,PL,zarobki + ile zarabia + kalkulator wynagrodzeń,48.45
2014-02-01,Poland,PL,zarobki + ile zarabia + kalkulator wynagrodzeń,48.8
2014-03-01,Poland,PL,zarobki + ile zarabia + kalkulator wynagrodzeń,49.66
2014-04-01,Poland,PL,zarobki + ile zarabia + kalkulator wynagrodzeń,50.66
2014-05-01,Poland,PL,zarobki + ile zarabia + kalkulator wynagrodzeń,51.42
2014-06-01,Poland,PL,zarobki + ile zarabia + kalkulator wynagrodzeń,52.05
2014-07-01,Poland,PL,zarobki + ile zarabia + kalkulator wynagrodzeń,52.97
2014-08-01,Poland,PL,zarobki + ile zarabia + kalkulator wynagrodzeń,54.23
2014-09-01,Poland,PL,zarobki + ile zarabia + kalkulator wynagrodzeń,55.41
2014-10-01,Poland,PL,zarobki + ile zarabia + kalkulator wynagrodzeń,56.29
2014-11-01,Poland,PL,zarobki + ile zarabia + kalkulator wynagrodzeń,57.15
2014-12-01,Poland,PL,zarobki + ile zarabia + kalkulator wynagrodzeń,58.24
2015-01-01,Poland,PL,zarobki + ile zarabia + kalkulator wynagrodzeń,59.37
2015-02-01,Poland,PL,zarobki + ile zarabia + kalkulator wynagrodzeń,59.95
2015-03-01,Poland,PL,zarobki + ile zarabia + kalkulator wynagrodzeń,59.94
2015-04-01,Poland,PL,zarobki + ile zarabia + kalkulator wynagrodzeń,60.02
2015-05-01,Poland,PL,zarobki + ile zarabia + kalkulator wynagrodzeń,60.56
2015-06-01,Poland,PL,zarobki + ile zarabia + kalkulator wynagrodzeń,61.14
2015-07-01,Poland,PL,zarobki + ile zarabia + kalkulator wynagrodzeń,61.12
2015-08-01,Poland,PL,zarobki + ile zarabia + kalkulator wynagrodzeń,60.69
2015-09-01,Poland,PL,zarobki + ile zarabia + kalkulator wynagrodzeń,60.42
2015-10-01,Poland,PL,zarobki + ile zarabia + kalkulator wynagrodzeń,60.31
2015-11-01,Poland,PL,zarobki + ile zarabia + kalkulator wynagrodzeń,60.16
2015-12-01,Poland,PL,zarobki + ile zarabia + kalkulator wynagrodzeń,59.9
2016-01-01,Poland,PL,zarobki + ile zarabia + kalkulator wynagrodzeń,59.56
2016-02-01,Poland,PL,zarobki + ile zarabia + kalkulator wynagrodzeń,59.57
2016-03-01,Poland,PL,zarobki + ile zarabia + kalkulator wynagrodzeń,59.82
2016-04-01,Poland,PL,zarobki + ile zarabia + kalkulator wynagrodzeń,59.82
2016-05-01,Poland,PL,zarobki + ile zarabia + kalkulator wynagrodzeń,59.55
2016-06-01,Poland,PL,zarobki + ile zarabia + kalkulator wynagrodzeń,59.32
2016-07-01,Poland,PL,zarobki + ile zarabia + kalkulator wynagrodzeń,59.3
2016-08-01,Poland,PL,zarobki + ile zarabia + kalkulator wynagrodzeń,59.24
2016-09-01,Poland,PL,zarobki + ile zarabia + kalkulator wynagrodzeń,59.04
2016-10-01,Poland,PL,zarobki + ile zarabia + kalkulator wynagrodzeń,58.74
2016-11-01,Poland,PL,zarobki + ile zarabia + kalkulator wynagrodzeń,58.46
2016-12-01,Poland,PL,zarobki + ile zarabia + kalkulator wynagrodzeń,58.41
2017-01-01,Poland,PL,zarobki + ile zarabia + kalkulator wynagrodzeń,58.63
2017-02-01,Poland,PL,zarobki + ile zarabia + kalkulator wynagrodzeń,58.83
2017-03-01,Poland,PL,zarobki + ile zarabia + kalkulator wynagrodzeń,59.03
2017-04-01,Poland,PL,zarobki + ile zarabia + kalkulator wynagrodzeń,59.45
2017-05-01,Poland,PL,zarobki + ile zarabia + kalkulator wynagrodzeń,60.1
2017-06-01,Poland,PL,zarobki + ile zarabia + kalkulator wynagrodzeń,60.76
2017-07-01,Poland,PL,zarobki + ile zarabia + kalkulator wynagrodzeń,61.46
2017-08-01,Poland,PL,zarobki + ile zarabia + kalkulator wynagrodzeń,62.36
2017-09-01,Poland,PL,zarobki + ile zarabia + kalkulator wynagrodzeń,63.3
2017-10-01,Poland,PL,zarobki + ile zarabia + kalkulator wynagrodzeń,64.29
2017-11-01,Poland,PL,zarobki + ile zarabia + kalkulator wynagrodzeń,65.45
2017-12-01,Poland,PL,zarobki + ile zarabia + kalkulator wynagrodzeń,66.45
2018-01-01,Poland,PL,zarobki + ile zarabia + kalkulator wynagrodzeń,67.17
2018-02-01,Poland,PL,zarobki + ile zarabia + kalkulator wynagrodzeń,67.83
2018-03-01,Poland,PL,zarobki + ile zarabia + kalkulator wynagrodzeń,68.55
2018-04-01,Poland,PL,zarobki + ile zarabia + kalkulator wynagrodzeń,69.2
2018-05-01,Poland,PL,zarobki + ile zarabia + kalkulator wynagrodzeń,69.74
2018-06-01,Poland,PL,zarobki + ile zarabia + kalkulator wynagrodzeń,70.32
2018-07-01,Poland,PL,zarobki + ile zarabia + kalkulator wynagrodzeń,70.9
2018-08-01,Poland,PL,zarobki + ile zarabia + kalkulator wynagrodzeń,71.26
2018-09-01,Poland,PL,zarobki + ile zarabia + kalkulator wynagrodzeń,71.56
2018-10-01,Poland,PL,zarobki + ile zarabia + kalkulator wynagrodzeń,71.91
2018-11-01,Poland,PL,zarobki + ile zarabia + kalkulator wynagrodzeń,71.94
2018-12-01,Poland,PL,zarobki + ile zarabia + kalkulator wynagrodzeń,71.89
2019-01-01,Poland,PL,zarobki + ile zarabia + kalkulator wynagrodzeń,72.19
2019-02-01,Poland,PL,zarobki + ile zarabia + kalkulator wynagrodzeń,72.69
2019-03-01,Poland,PL,zarobki + ile zarabia + kalkulator wynagrodzeń,73.53
2019-04-01,Poland,PL,zarobki + ile zarabia + kalkulator wynagrodzeń,74.44
2019-05-01,Poland,PL,zarobki + ile zarabia + kalkulator wynagrodzeń,74.66
2019-06-01,Poland,PL,zarobki + ile zarabia + kalkulator wynagrodzeń,74.35
2019-07-01,Poland,PL,zarobki + ile zarabia + kalkulator wynagrodzeń,74.02
2019-08-01,Poland,PL,zarobki + ile zarabia + kalkulator wynagrodzeń,73.8
2019-09-01,Poland,PL,zarobki + ile zarabia + kalkulator wynagrodzeń,73.64
2019-10-01,Poland,PL,zarobki + ile zarabia + kalkulator wynagrodzeń,73.4
2019-11-01,Poland,PL,zarobki + ile zarabia + kalkulator wynagrodzeń,73.3
2019-12-01,Poland,PL,zarobki + ile zarabia + kalkulator wynagrodzeń,73.05
2020-01-01,Poland,PL,zarobki + ile zarabia + kalkulator wynagrodzeń,72.3
2020-02-01,Poland,PL,zarobki + ile zarabia + kalkulator wynagrodzeń,71.11
2020-03-01,Poland,PL,zarobki + ile zarabia + kalkulator wynagrodzeń,68.84
2020-04-01,Poland,PL,zarobki + ile zarabia + kalkulator wynagrodzeń,66.06
2020-05-01,Poland,PL,zarobki + ile zarabia + kalkulator wynagrodzeń,64.25
2020-06-01,Poland,PL,zarobki + ile zarabia + kalkulator wynagrodzeń,63.23
2020-07-01,Poland,PL,zarobki + ile zarabia + kalkulator wynagrodzeń,62.46
2020-08-01,Poland,PL,zarobki + ile zarabia + kalkulator wynagrodzeń,62.04
2020-09-01,Poland,PL,zarobki + ile zarabia + kalkulator wynagrodzeń,61.66
2020-10-01,Poland,PL,zarobki + ile zarabia + kalkulator wynagrodzeń,61.05
2020-11-01,Poland,PL,zarobki + ile zarabia + kalkulator wynagrodzeń,60.32
2020-12-01,Poland,PL,zarobki + ile zarabia + kalkulator wynagrodzeń,59.48
2021-01-01,Poland,PL,zarobki + ile zarabia + kalkulator wynagrodzeń,58.61
2021-02-01,Poland,PL,zarobki + ile zarabia + kalkulator wynagrodzeń,58.49
2021-03-01,Poland,PL,zarobki + ile zarabia + kalkulator wynagrodzeń,59.68
2021-04-01,Poland,PL,zarobki + ile zarabia + kalkulator wynagrodzeń,61.45
2021-05-01,Poland,PL,zarobki + ile zarabia + kalkulator wynagrodzeń,63.16
2021-06-01,Poland,PL,zarobki + ile zarabia + kalkulator wynagrodzeń,64.71
2021-07-01,Poland,PL,zarobki + ile zarabia + kalkulator wynagrodzeń,65.96
2021-08-01,Poland,PL,zarobki + ile zarabia + kalkulator wynagrodzeń,66.98
2021-09-01,Poland,PL,zarobki + ile zarabia + kalkulator wynagrodzeń,68.17
2021-10-01,Poland,PL,zarobki + ile zarabia + kalkulator wynagrodzeń,69.82
2021-11-01,Poland,PL,zarobki + ile zarabia + kalkulator wynagrodzeń,71.95
2021-12-01,Poland,PL,zarobki + ile zarabia + kalkulator wynagrodzeń,75.63
2022-01-01,Poland,PL,zarobki + ile zarabia + kalkulator wynagrodzeń,80.59
2022-02-01,Poland,PL,zarobki + ile zarabia + kalkulator wynagrodzeń,84.26
2022-03-01,Poland,PL,zarobki + ile zarabia + kalkulator wynagrodzeń,86.63
2022-04-01,Poland,PL,zarobki + ile zarabia + kalkulator wynagrodzeń,89.05
2022-05-01,Poland,PL,zarobki + ile zarabia + kalkulator wynagrodzeń,91.15
2022-06-01,Poland,PL,zarobki + ile zarabia + kalkulator wynagrodzeń,93.01
2022-07-01,Poland,PL,zarobki + ile zarabia + kalkulator wynagrodzeń,95.14
2022-08-01,Poland,PL,zarobki + ile zarabia + kalkulator wynagrodzeń,97.1
2022-09-01,Poland,PL,zarobki + ile zarabia + kalkulator wynagrodzeń,98.46
2022-10-01,Poland,PL,zarobki + ile zarabia + kalkulator wynagrodzeń,99.44
2022-11-01,Poland,PL,zarobki + ile zarabia + kalkulator wynagrodzeń,100
2022-12-01,Poland,PL,zarobki + ile zarabia + kalkulator wynagrodzeń,99.18
2023-01-01,Poland,PL,zarobki + ile zarabia + kalkulator wynagrodzeń,97.35
2023-02-01,Poland,PL,zarobki + ile zarabia + kalkulator wynagrodzeń,96.55
2023-03-01,Poland,PL,zarobki + ile zarabia + kalkulator wynagrodzeń,96.5
2023-04-01,Poland,PL,zarobki + ile zarabia + kalkulator wynagrodzeń,96.03
2023-05-01,Poland,PL,zarobki + ile zarabia + kalkulator wynagrodzeń,95.64
2023-06-01,Poland,PL,zarobki + ile zarabia + kalkulator wynagrodzeń,95.3
2023-07-01,Poland,PL,zarobki + ile zarabia + kalkulator wynagrodzeń,94.52
2023-08-01,Poland,PL,zarobki + ile zarabia + kalkulator wynagrodzeń,93.82
2023-09-01,Poland,PL,zarobki + ile zarabia + kalkulator wynagrodzeń,93.58
2023-10-01,Poland,PL,zarobki + ile zarabia + kalkulator wynagrodzeń,93.47
2023-11-01,Poland,PL,zarobki + ile zarabia + kalkulator wynagrodzeń,93.44
2023-12-01,Poland,PL,zarobki + ile zarabia + kalkulator wynagrodzeń,93.44
2024-01-01,Poland,PL,zarobki + ile zarabia + kalkulator wynagrodzeń,93.12
2024-02-01,Poland,PL,zarobki + ile zarabia + kalkulator wynagrodzeń,92.49
2024-03-01,Poland,PL,zarobki + ile zarabia + kalkulator wynagrodzeń,92.12
2024-04-01,Poland,PL,zarobki + ile zarabia + kalkulator wynagrodzeń,92.04
2024-05-01,Poland,PL,zarobki + ile zarabia + kalkulator wynagrodzeń,91.75
2024-06-01,Poland,PL,zarobki + ile zarabia + kalkulator wynagrodzeń,91.26
2024-07-01,Poland,PL,zarobki + ile zarabia + kalkulator wynagrodzeń,90.82
2024-08-01,Poland,PL,zarobki + ile zarabia + kalkulator wynagrodzeń,90.35
2024-09-01,Poland,PL,zarobki + ile zarabia + kalkulator wynagrodzeń,89.83
2024-10-01,Poland,PL,zarobki + ile zarabia + kalkulator wynagrodzeń,89.42
2024-11-01,Poland,PL,zarobki + ile zarabia + kalkulator wynagrodzeń,88.83
2024-12-01,Poland,PL,zarobki + ile zarabia + kalkulator wynagrodzeń,87.82
2025-01-01,Poland,PL,zarobki + ile zarabia + kalkulator wynagrodzeń,87.03
2025-02-01,Poland,PL,zarobki + ile zarabia + kalkulator wynagrodzeń,86.66
2025-03-01,Poland,PL,zarobki + ile zarabia + kalkulator wynagrodzeń,86.07
2025-04-01,Poland,PL,zarobki + ile zarabia + kalkulator wynagrodzeń,85.06
2025-05-01,Poland,PL,zarobki + ile zarabia + kalkulator wynagrodzeń,84.12
2025-06-01,Poland,PL,zarobki + ile zarabia + kalkulator wynagrodzeń,83.62
2025-07-01,Poland,PL,zarobki + ile zarabia + kalkulator wynagrodzeń,83.4
2025-08-01,Poland,PL,zarobki + ile zarabia + kalkulator wynagrodzeń,83.05
2025-09-01,Poland,PL,zarobki + ile zarabia + kalkulator wynagrodzeń,82.55
2025-10-01,Poland,PL,zarobki + ile zarabia + kalkulator wynagrodzeń,82.13
2025-11-01,Poland,PL,zarobki + ile zarabia + kalkulator wynagrodzeń,81.91
2025-12-01,Poland,PL,zarobki + ile zarabia + kalkulator wynagrodzeń,81.71
2026-01-01,Poland,PL,zarobki + ile zarabia + kalkulator wynagrodzeń,81.12
2026-02-01,Poland,PL,zarobki + ile zarabia + kalkulator wynagrodzeń,80.15
2026-03-01,Poland,PL,zarobki + ile zarabia + kalkulator wynagrodzeń,79.29
2026-04-01,Poland,PL,zarobki + ile zarabia + kalkulator wynagrodzeń,78.84
2026-05-01,Poland,PL,zarobki + ile zarabia + kalkulator wynagrodzeń,78.54
2026-06-01,Poland,PL,zarobki + ile zarabia + kalkulator wynagrodzeń,77.98
2026-07-01,Poland,PL,zarobki + ile zarabia + kalkulator wynagrodzeń,77.29
2026-08-01,Poland,PL,zarobki + ile zarabia + kalkulator wynagrodzeń,76.75
